image_id,C_value_pc,red_fraction_pc,bluegray_fraction_pc,dark_fraction_pc,color_entropy_pc,lab_a_std_pc,lab_b_std_pc,skin_contrast_pc,entropy_L,entropy_a,entropy_b,_errors
ISIC_0073863,0.314,0.0,0.15,0.19845982011639526,1.1164614107770774,4.713083267211914,5.8088507652282715,65.2417984008789,2.78075486847276,0.31994030395301787,0.8498008418956063,
ISIC_0080219,0.345,0.0,0.0,0.24582971426026146,1.1051482680599012,2.6540699005126953,4.582699298858643,74.60293579101562,3.199142697143283,0.4851222894603565,0.6393123634474712,
ISIC_0084117,0.525,0.0,0.15,0.12,1.4815455000123796,3.8414816856384277,7.428657054901123,90.54203033447266,3.3646567010035597,0.2846496371291068,1.2229243984846052,
ISIC_0085644,0.288,0.0,0.0,0.0,1.1418031982901673,1.8578702211380005,3.64990234375,38.24066162109375,1.9924435655802493,0.2564447807349074,0.8867608523731083,
ISIC_0095743,0.189,0.0,0.0,0.0,1.8463078983827992,3.787893056869507,5.926321506500244,49.317657470703125,1.8044632478266858,0.8937556430683126,0.9567456790324423,
ISIC_0097262,0.344,0.0,0.0,0.0,1.1044022507380593,3.8177688121795654,3.3187873363494873,48.26823425292969,2.671699957562187,0.30362803190047133,0.883921924630417,
ISIC_0101540,0.353,0.0,0.0,0.12,1.7515121942491734,4.452662467956543,4.847602844238281,73.04156494140625,3.001532646471643,0.9476397524720137,0.8194756551008076,
ISIC_0101767,0.227,0.0,0.0,0.11653851530826227,2.076695732931117,2.9061763286590576,6.722080707550049,68.78655242919922,2.5728148080246127,0.9947372789471151,1.0959731344638382,
ISIC_0103730,0.154,0.0,0.15,0.0,1.4273812101994405,2.720107316970825,6.39609956741333,32.60098648071289,2.2790182265106287,0.5274501677323278,0.9004775331750391,
ISIC_0104911,0.405,0.0,0.15,0.0,1.8337001956778671,3.1812992095947266,5.668023586273193,53.67502212524414,2.551346791849412,0.8117447362493233,1.032713102930155,
ISIC_0119243,0.296,0.0,0.0,0.00022852082753104669,1.6906541704115143,5.131803512573242,3.3391926288604736,75.76251220703125,2.5662671298046575,0.93633779530831,0.7814596040410138,
ISIC_0136396,0.579,0.0016121024502789053,0.15,0.12,1.5384882644025657,3.657694101333618,8.15027904510498,43.492279052734375,3.6965046843079046,0.33553193048350594,1.242406123157099,
ISIC_0156507,0.202,0.0,0.15,0.7895005180665428,2.041826842559832,4.832002639770508,7.769704341888428,93.27422332763672,2.844357905818818,0.9568405134436522,1.2629377607627905,
ISIC_0156772,0.36,0.04130123473483009,0.15,0.0,2.2456806779860954,2.642061471939087,7.081835746765137,23.920225143432617,1.954936057013753,0.9564570115122084,1.2961665799967665,
ISIC_0160455,0.241,0.0,0.0003460731512123375,0.0,1.080597373670232,1.7146315574645996,2.72027325630188,43.42859649658203,1.9518480324623402,0.14160324629222895,0.939008072646573,
ISIC_0173213,0.437,0.0,0.0,0.12,0.7242751989906796,3.02221941947937,3.0869362354278564,32.79574203491211,2.4637088145985753,0.00482847364710561,0.7203240723121187,
ISIC_0174869,0.279,0.0,0.0,0.0,1.8074952563399531,3.663987636566162,3.3075480461120605,56.23009490966797,2.4474457080325767,0.9928969862682362,0.8702542955145731,
ISIC_0175798,0.737,6.374695010685583e-05,0.15,0.12,1.2594579734235982,2.556918144226074,6.627744197845459,27.37712287902832,2.552091632070078,0.2806825262159488,0.9874541803322779,
ISIC_0178317,0.523,0.5057603523980291,0.0,0.0,1.941480561259332,4.6911492347717285,8.668766021728516,32.344215393066406,2.2907407234915613,0.7430419032489416,1.2925135511488346,
ISIC_0178428,0.207,0.26106554761296913,0.0,0.0,0.9769948015734826,2.9499013423919678,1.5132009983062744,11.952620506286621,1.356863402737051,0.05870924504144858,0.9209113462743874,
ISIC_0178741,0.273,0.0,0.0,0.0,1.3778410433981216,3.5606956481933594,4.216002464294434,43.27463150024414,2.4992972210287037,0.9091676667853243,0.5432777733716628,
ISIC_0184224,0.399,0.0,0.0,0.2604759608811105,1.5743488929147853,6.644472599029541,5.360812187194824,77.65843963623047,3.3243406313504322,0.7830691296281344,0.9333479528128832,
ISIC_0186998,0.264,0.0,0.0,0.0,0.7492703126558776,3.3261234760284424,4.052748203277588,27.011384963989258,1.8598215922695087,0.03913682318961845,0.710559377092614,
ISIC_0198315,0.359,0.0,0.0,0.014964989003766527,1.9172217068791781,3.294917345046997,5.366147994995117,72.34738159179688,2.896804753697072,0.999902206134152,0.9589542758895047,
ISIC_0204323,0.417,0.0052249637155297535,0.0,0.0,1.7995096908354786,4.062949180603027,5.593697547912598,30.937776565551758,2.2762700929180615,0.8290023656295302,0.9734440732315764,
ISIC_0204994,0.508,0.0,0.0,0.0,0.9031241214770752,3.843522310256958,3.6837034225463867,47.414764404296875,2.6617748004027746,0.40567957041291214,0.5116666063921977,
ISIC_0211399,0.18,0.0,0.0,0.0,1.204705617463057,2.2757198810577393,5.219178676605225,29.471166610717773,2.3677845631348173,0.19435513363786328,1.0113305073996572,
ISIC_0222050,0.398,0.0,0.0,0.12,0.8334829106097028,2.105926990509033,4.854952812194824,40.00724411010742,2.7685228728834477,0.34156628765688246,0.5481720432164184,
ISIC_0224332,0.317,0.020508006894263683,0.15,0.0,1.9325229900995036,4.068398475646973,5.850815773010254,32.0083122253418,2.3967604782367027,0.967270513245928,1.0707575413340948,
ISIC_0232101,0.412,0.03849431225680354,0.0,0.0,1.5194714882460127,2.793806791305542,2.3674275875091553,28.578895568847656,2.1361140366176654,0.993245794437706,0.5319240262078014,
ISIC_0234140,0.644,0.0,0.0,0.12,1.6891692453366942,2.6724183559417725,3.8031973838806152,57.74623489379883,3.151253437963473,0.9204144151387579,0.7758079445166626,
ISIC_0235696,0.261,0.0005073589700612908,0.0,0.0,1.2614212680717318,3.144843578338623,5.8831868171691895,15.810281753540039,2.019612279168114,0.21609697253694887,1.052909261367985,
ISIC_0238872,0.167,0.5981546263470523,0.15,0.0,2.2981170670850535,10.724947929382324,9.33928394317627,34.556793212890625,2.3339446089248796,1.5373377410596365,1.3072065570999594,
ISIC_0249688,0.285,0.0,0.0,0.12,1.2386513383501185,2.820237398147583,4.6023054122924805,25.44295310974121,2.2240268747528438,0.4491288666668031,0.8113419269281875,
ISIC_0265494,0.416,0.4099382286028849,0.0,0.12,1.533737987023605,6.694653034210205,5.487096786499023,45.47053527832031,2.7262945689389473,0.8536784820461477,0.7533457201743076,
ISIC_0274625,0.382,0.0025276124530593056,0.0,0.12,1.3263352440004155,3.5324747562408447,7.673501491546631,21.94362449645996,2.5305120158684873,0.44837858673827374,0.9287824930213747,
ISIC_0283070,0.284,0.0012870905373880384,0.15,0.12,1.5906838840194217,3.391676425933838,5.670494079589844,30.258460998535156,2.497903515571615,0.738734513430026,0.957164705204079,
ISIC_0290183,0.321,0.0,0.0,0.2733628524819389,0.8036766333578488,5.8243489265441895,3.4650912284851074,75.0752944946289,3.0431761780396243,0.7418083522949598,0.06643561069495393,
ISIC_0295083,0.131,0.0,0.15,0.0,1.3306679859544108,2.2806828022003174,8.132349014282227,24.14778709411621,2.060089461267778,0.006047810068671491,1.3254567761017542,
ISIC_0303421,0.254,0.0,0.0,0.0,1.0963456144489843,2.7821204662323,4.5575361251831055,52.6147575378418,2.251748110688788,0.4198537506803993,0.7001029567096575,
ISIC_0310134,0.386,0.0,0.0,0.12,0.24032728385109736,2.3391976356506348,3.6775588989257812,40.8417854309082,2.618300505721217,-0.0,0.24032728385109736,
ISIC_0310855,0.245,0.0,0.0,0.0,1.9259017714610556,3.038774251937866,4.683095455169678,34.86008071899414,1.898409782547228,0.9801248890368838,0.9740597008604989,
ISIC_0316484,0.281,0.0010107725491021874,0.0,0.0,0.748467013521641,3.8563835620880127,4.919772624969482,41.09605026245117,2.285923101627004,0.27595247090591213,0.4775524465717016,
ISIC_0316826,0.535,0.00018763800607813112,0.15,0.12,1.8831398345386088,3.971327066421509,5.445409297943115,42.68769836425781,2.7079324579614035,0.9666963712431329,0.9886019329393053,
ISIC_0322660,0.265,0.0,0.0,0.0,1.0573889793194524,2.9150874614715576,2.5461606979370117,48.75677490234375,2.35420322137372,0.9980669303606338,0.06671311507800258,
ISIC_0324472,0.345,0.0,0.0,0.12,1.7422915995689912,5.4857072830200195,5.541858196258545,61.043052673339844,2.897235817366614,0.996495115084947,0.795873878708439,
ISIC_0333091,0.476,0.06367582425946586,0.0,0.0,1.1509897580979298,5.137300968170166,5.122007846832275,35.818687438964844,2.387224124329702,0.6393426541932338,0.5280529227012013,
ISIC_0337631,0.468,0.17535146505879076,0.0,0.0,1.3472021733553325,4.05414342880249,4.147624969482422,16.191537857055664,1.5081974313460766,0.9158277874779234,0.6080670632142361,
ISIC_0344052,0.442,0.0,0.15,0.12,1.6150308600642587,2.332443952560425,5.490752696990967,42.27691650390625,2.658732343234386,0.9978126036411392,0.7040191682773882,
ISIC_0353247,0.224,0.0,0.0,0.0,1.8953999422387873,3.0341384410858154,5.708283424377441,20.22107696533203,2.0608570525644585,0.9899065776861781,0.996958496976972,
ISIC_0356038,0.299,0.006508761794723666,0.0,0.0,1.5747060706360123,2.9850306510925293,3.7408530712127686,22.499324798583984,1.4069456991383353,0.6741479452746282,0.9021033610769923,
ISIC_0360727,0.543,0.0,0.0,0.0,0.4920921275716651,1.6235188245773315,4.20068359375,9.404976844787598,2.183020105022271,0.06678913324700102,0.4579211722667801,
ISIC_0375034,0.372,0.0,0.0,0.0013301878134497967,1.2411383952200694,4.438708782196045,5.00255012512207,87.65310668945312,3.036720615535807,0.7439381454216446,0.5546711506702333,
ISIC_0376071,0.305,0.0,0.0,0.0,0.8928670231982219,2.7639970779418945,2.264807939529419,38.581573486328125,2.2787954050614636,0.8907338606605267,0.0024296901100353627,
ISIC_0376752,0.355,0.0,0.0,0.0,1.2340795055946703,2.1199545860290527,2.604116916656494,19.64170265197754,1.9914213698001413,0.6434746491547318,0.6033795330416908,
ISIC_0376931,0.347,0.0,0.15,0.12,0.8762656106168976,2.4761698246002197,7.262720108032227,45.24911117553711,2.707306870277309,0.05211936323136678,0.8259957240813055,
ISIC_0385415,0.372,0.018134205889417627,0.0,0.0,1.400669686010544,4.0700507164001465,3.5233209133148193,40.22642517089844,2.4702329843372732,0.9252275784972392,0.501078694506273,
ISIC_0389955,0.28,0.0,0.15,0.3559319273674782,0.8409101257828853,1.8005589246749878,6.184429168701172,81.82933807373047,2.8062037729487104,-0.0,0.8409101257828853,
ISIC_0390452,0.316,0.0,0.0,0.010068052577607905,1.5773565223134447,3.253429412841797,5.266408920288086,48.13249588012695,2.543757752107267,0.746896625444697,0.8535761655764232,
ISIC_0399142,0.317,0.0,0.15,0.0001963491333026538,0.8549140270307469,1.7211319208145142,5.321658611297607,71.18529510498047,2.7496241656547102,0.07108525101801878,0.7849420224045556,
ISIC_0406149,0.305,0.0,0.15,0.15310331345909492,2.0343935843821375,6.246013164520264,8.427180290222168,76.12262725830078,2.9882263008803758,0.8748570214174608,1.3647731502971545,
ISIC_0410802,0.347,0.0,0.0,0.14016854688888292,2.2677322540597675,11.596065521240234,4.460742950439453,79.01612854003906,3.070915279043859,1.341156997980483,1.0583178623027218,
ISIC_0414164,0.324,0.0006269127024061899,0.15,0.1375908404754638,1.9252635461714058,4.818454742431641,7.997247219085693,70.94055938720703,2.902285940281672,0.6282614382009009,1.3073222491760736,
ISIC_0416055,0.519,0.0037286634856608784,0.0,0.0,1.2939238555966668,4.3447651863098145,5.422129154205322,23.066255569458008,2.2263933657975357,0.3723172061601848,0.9320898553214645,
ISIC_0416709,0.406,0.0,0.0,0.0,0.6459219086396522,2.5516135692596436,4.116876602172852,56.196319580078125,2.8358925421183843,0.29528472555926527,0.3534008543878303,
ISIC_0422017,0.321,0.0,0.0,0.05935360887271467,1.884865447146214,3.1092982292175293,6.787485599517822,61.26454162597656,2.8272364259022895,0.8716810663983103,1.0787653401727957,
ISIC_0429825,0.259,0.0,0.1998724800442215,0.0028897226030489857,1.6365958559715188,3.4124104976654053,8.152657508850098,82.5383071899414,2.536777115581573,0.2914183900376631,1.3833383070626883,
ISIC_0429987,0.273,0.18385006820254388,0.0,0.0,1.5507209343144455,4.925476551055908,4.23861026763916,28.268335342407227,2.037211298584441,0.8092729860219692,0.810089385678695,
ISIC_0437036,0.437,0.0007654814001853757,0.0,0.0,1.6080376922133466,4.003324031829834,3.4847099781036377,54.49010467529297,2.6964118710249427,0.9937561978792799,0.6747903024347282,
ISIC_0438584,0.147,0.0,0.0001559425819413292,0.006913454466065594,1.8564463552308088,3.4991164207458496,4.849905490875244,72.6606216430664,1.9994007893220844,0.918746540015505,1.0201661366037065,
ISIC_0443195,0.425,0.0,0.0,0.12,1.0384955093400543,2.5316953659057617,3.0661566257476807,43.87289047241211,2.613276970638352,0.9325491392844854,0.10997671987983146,
ISIC_0450405,0.364,0.0,0.15,0.12,1.7438383846122307,3.971544027328491,10.607824325561523,54.3173828125,2.8970982037019732,0.2192332424202868,1.5522498186287752,
ISIC_0457683,0.232,0.020615406553336255,0.0,0.0,1.3666664184152313,4.180904865264893,4.594982147216797,35.29019546508789,2.4981146000246026,0.9882017157881927,0.4538766588374701,
ISIC_0465400,0.35,0.0,0.0,0.0,0.9313507568600249,2.9084999561309814,2.6147241592407227,63.98470687866211,2.5820039389874996,0.09572512025641831,0.8433977488802116,
ISIC_0468002,0.379,0.0,0.0,0.12,1.7635958006683148,3.779980421066284,5.009259223937988,46.12929153442383,2.8799117118450535,0.7443827964107805,1.0243643774714952,
ISIC_0469776,0.236,0.0,0.0,0.0,0.2829097832862716,2.5396554470062256,3.5955452919006348,41.224464416503906,1.8974619743566343,0.004570435069689192,0.2783636611221331,
ISIC_0474474,0.313,0.0,0.15,0.012804302245554506,1.8756136511536605,3.675698757171631,5.87788724899292,75.65320587158203,2.714262531729888,0.9969322974750742,0.9019124014605688,
ISIC_0481105,0.708,0.19431864128524434,0.0,0.0,2.274704734445834,4.053067207336426,7.523789405822754,28.742721557617188,2.224300591636478,0.9680378998079127,1.3757038769535508,
ISIC_0483530,0.618,0.0,0.0,0.12,0.4567651965592885,1.9231722354888916,4.641176223754883,43.39460754394531,2.888064380857104,0.03533221654909419,0.4231260890398907,
ISIC_0487104,0.132,0.0,0.0,0.0,0.33076236813774024,3.5938687324523926,3.1745870113372803,59.72681427001953,1.0506766351798074,0.2741779305577071,0.05667675587466797,
ISIC_0489440,0.268,0.0,0.0,0.29543964488773766,1.180666004794039,3.421231746673584,4.339982509613037,84.37832641601562,2.7962852541622545,0.7862299378852756,0.4242944286531555,
ISIC_0489982,0.344,0.0,0.0,0.0,0.307991585155757,1.655474305152893,2.8347744941711426,36.261653900146484,2.2278633713071927,-0.0,0.307991585155757,
ISIC_0493653,0.385,0.0,0.15,0.12,0.7810385641671701,2.2044668197631836,4.8477582931518555,58.232967376708984,2.9032933551963245,0.015440591988815262,0.76605130048336,
ISIC_0495210,0.29,0.01696135841700546,0.0,0.0,1.4213602304921182,4.590340614318848,5.082942008972168,38.12699508666992,2.1210352047034338,0.6475718010645999,0.7851846352946272,
ISIC_0495887,0.571,0.00020543093775656578,0.0,0.0,0.6462688359680097,2.666839599609375,2.384885549545288,27.28544807434082,2.251651883114477,0.0376111257956658,0.6095981113109887,
ISIC_0497721,0.307,0.0,0.0,0.0,1.353334608399067,2.7666308879852295,3.447416067123413,56.06901550292969,2.411863198656465,0.9586099994105353,0.3968696837230984,
ISIC_0499739,0.414,0.0,0.0,0.0,1.390672673206295,3.622853994369507,4.652247428894043,50.15254592895508,2.556887672696069,0.6265898286555737,0.7705086771153657,
ISIC_0501108,0.322,0.0026857699627929987,0.0,0.0,0.6592673006019961,1.8532915115356445,3.632190465927124,22.99726676940918,2.0702284422677617,0.00880044132811937,0.6518770555432445,
ISIC_0502582,0.608,0.010654684201234114,0.15,0.12,1.7648355801216775,3.522239923477173,9.501924514770508,33.11267852783203,3.154425226095506,0.27430383232819705,1.496113724439804,
ISIC_0503442,0.322,0.0009844755774327907,0.15,0.12,1.2253528893743164,2.7318027019500732,6.157198905944824,28.702436447143555,2.383723519347745,0.28988509822114744,0.9603131404249347,
ISIC_0508629,0.256,0.0,0.0,0.0,1.6963092833401785,1.938337802886963,3.768399477005005,29.805429458618164,2.0353834661440224,0.7817592820282491,0.9662091296905229,
ISIC_0510774,0.492,0.0,0.15,0.12,1.5014326269151574,4.131721496582031,7.9731645584106445,84.87845611572266,3.409911227077161,0.5083011870599005,1.0029647677146447,
ISIC_0512725,0.353,0.0009974371406801968,0.0,0.0,1.9112559306884125,3.9559097290039062,3.8667147159576416,35.70875930786133,2.285639393425059,0.9844803914953912,0.9843030348882584,
ISIC_0520674,0.505,0.0,0.15,0.0,1.7731610096407096,2.1292741298675537,6.621763706207275,70.04045867919922,2.962811811242486,0.6247579481310914,1.19744139848666,
ISIC_0523247,0.373,0.0,0.0,0.0,1.2796092165462154,1.9217259883880615,2.8392350673675537,46.33838653564453,2.3804335060913564,0.9875436020406111,0.29734715743481865,
ISIC_0526705,0.448,0.0,0.15,0.12,1.75287623350781,3.20182728767395,5.349607467651367,25.326005935668945,2.191601188542697,0.9270248148657214,1.0055005881031986,
ISIC_0529633,0.577,0.0,0.15,0.12,1.4220697598539371,4.133524417877197,5.758234024047852,42.83496856689453,2.733606473572485,0.6440614979334109,0.8581583367040602,
ISIC_0533122,0.514,0.24301377208330982,0.0,0.0,1.8045031839343093,5.796528339385986,5.497114181518555,34.83438491821289,2.432934266262934,0.8291040773050904,0.9838765686668296,
ISIC_0538042,0.36,0.00044159642012502086,0.15,0.12,0.8614666925700554,3.473625898361206,5.645523548126221,68.93753814697266,2.9880596614651407,0.1856004254827622,0.7296562745463175,
ISIC_0540953,0.525,0.14776569704559686,0.09649911766380144,0.12,2.0702079189578315,5.632525444030762,6.639613628387451,37.97962188720703,2.881734314884884,0.9376351696071269,1.1675517677895306,
ISIC_0545679,0.147,0.18422386183970488,0.0,0.0,1.7686572215688647,4.260896682739258,6.905699253082275,32.180992126464844,1.7126217272990993,0.7377718029027731,1.1296746422287651,
ISIC_0552701,0.367,0.0,0.0,0.12,0.9062186813486599,2.116577625274658,4.153382301330566,60.8314094543457,2.7396613198398,0.028912559331204,0.8806464691930758,
ISIC_0553265,0.407,0.0,0.0,0.0,1.9389552255553393,2.8256447315216064,5.20538854598999,20.05657196044922,2.269506295199561,0.985323839896991,0.9984766415529696,
ISIC_0565639,0.401,0.0,0.0,0.0,1.3648481626212305,2.934046506881714,3.0203499794006348,39.10728073120117,2.390550238577906,0.7163311368643024,0.8038481808933169,
ISIC_0571049,0.205,0.0,0.0,0.5053847726807988,1.119997683104514,4.670329570770264,2.1761159896850586,86.42521667480469,2.2045242935377227,1.0432310480075264,0.07865724651876727,
ISIC_0573471,0.263,0.0,0.0,0.037838821175186464,1.750721426036245,2.6052052974700928,3.727233409881592,68.55770111083984,2.5803071217647036,0.7644327658302952,0.9913408466617832,
ISIC_0575130,0.276,0.0,0.0,0.0,1.2161035128514617,4.654197692871094,5.69536828994751,55.73589324951172,2.3285844977597745,0.41494563252017697,0.8726661181365212,
ISIC_0582421,0.238,0.0033344299731000717,0.0,0.0,1.1104164959300376,3.096064805984497,3.7696242332458496,34.159423828125,2.3962878462888266,0.9143759561191137,0.201375305559141,
ISIC_0583712,0.398,0.023923628050238663,0.0,0.0,1.4244350278527302,4.579154014587402,4.10856294631958,36.12492370605469,2.499799366733722,0.9328339180314428,0.5924254861409273,
ISIC_0585534,0.398,0.0,0.0,0.0,1.0526158615842665,2.425692319869995,2.4614498615264893,24.7893009185791,2.175621312736061,0.054304913758950565,0.9985976194205838,
ISIC_0587027,1.195,7.312554101474486e-07,8.263186134666168e-05,0.0,0.3596427339303572,2.1464216709136963,3.6137354373931885,31.192405700683594,1.2057661099556294,0.10347132994032733,0.2618211975536085,
ISIC_0587266,0.148,0.32350261648761297,0.0,0.0,1.626993692145049,3.736849308013916,4.447483539581299,30.585819244384766,1.802669686724739,0.9821793284043636,0.6900013768394362,
ISIC_0591484,0.257,0.0,0.0,0.0,0.5660047615399404,2.34084415435791,4.660340785980225,38.35404968261719,2.1158176384933185,0.1665166649223478,0.40250369531504576,
ISIC_0597607,0.215,0.0,0.0,0.7352546542181473,1.8799818761013982,3.1130669116973877,3.396176338195801,110.16531372070312,2.127257898467445,0.9504705545634877,0.9911454527179363,
ISIC_0598073,0.23,0.0,0.0,0.001996415526668028,0.6064853288504364,2.484675407409668,3.1986749172210693,65.79521179199219,2.4677677928433126,0.09666025280051257,0.5366542501047313,
ISIC_0598387,0.89,0.07312286434413573,0.15,0.12,1.908094828900084,6.983633518218994,8.740527153015137,21.47011375427246,2.776600990877428,0.9651093151375023,1.171404677205236,
ISIC_0599605,0.209,0.0,0.0,0.0,1.1112823829968586,3.271198272705078,3.1654345989227295,44.45122528076172,2.412319603010872,0.14041823798861275,0.9845767475042433,
ISIC_0601638,0.367,0.0,0.15,0.0,0.4379753981633575,3.4908270835876465,4.835925102233887,32.71486282348633,2.4426310742752064,0.07394416525257437,0.36481320629372826,
ISIC_0603818,0.409,0.03323888812611556,0.15,0.0,2.0647203934197864,3.9173336029052734,10.197315216064453,33.020992279052734,2.105026636923281,0.6828539455032631,1.5259261637867505,
ISIC_0605858,0.37,0.0,0.15,0.0,1.783570955004184,2.390361785888672,6.204322814941406,70.21947479248047,2.9544095081801425,0.9079128036197037,0.9264855887254294,
ISIC_0632983,0.328,0.0,0.0,0.0,1.0467185593854806,4.129884243011475,3.2525737285614014,63.81359100341797,2.6269931151932067,0.7458680826804951,0.31561633048757787,
ISIC_0639769,0.702,0.0480195401115462,0.0,0.0,1.4016600323200867,4.213187217712402,4.275933742523193,14.005349159240723,1.795664298474925,0.5763118519740649,0.8964983755922225,
ISIC_0642767,0.582,0.008241318610977757,0.0,0.0,0.29370636840247527,2.9085776805877686,2.7483296394348145,4.178720951080322,2.2125575754407585,0.07484338104360065,0.22131584665309237,
ISIC_0645454,0.174,0.0,0.0,0.0,1.0022387076707737,1.954134225845337,6.097312927246094,14.893416404724121,1.6126353141066803,0.007276030933527621,0.9955429370383017,
ISIC_0648545,0.432,0.0002239015553759053,0.15,0.12,2.3223935836473752,4.63595724105835,9.783406257629395,73.23468780517578,3.2057597699248492,0.9794501984070519,1.4646529262339203,
ISIC_0651228,0.263,0.0,0.0,0.0,0.5639040587088509,2.928886890411377,4.0987372398376465,49.06018829345703,2.3232805677625814,0.018615717113672544,0.5455940657771883,
ISIC_0653308,0.314,0.014600535899819543,0.0,0.0,1.061133847943391,2.2576677799224854,2.754056930541992,45.29572296142578,2.113249389011562,0.06366245575447221,0.9985105665644615,
ISIC_0657897,0.309,0.0002328254827490869,0.0,0.0,0.5861311157248715,3.613327741622925,2.4375789165496826,35.552406311035156,2.52008238589278,0.19561687908869385,0.3937306417655746,
ISIC_0660782,0.321,0.0027605525164668986,0.0,0.0,1.4489773985312189,3.212502956390381,3.8970446586608887,33.304866790771484,2.176471825003747,0.9925922702526937,0.5319632630431551,
ISIC_0666481,0.401,0.021485683381168068,0.0,0.0,1.0119087706395966,4.706667900085449,4.921624183654785,37.207420349121094,2.509958692273287,0.5652314350840822,0.48246580235590564,
ISIC_0669355,0.415,0.0,0.0,0.12,1.2567348611180216,2.9351580142974854,4.083883285522461,60.14598083496094,2.8398542779066096,0.9716951625466081,0.33014700519158013,
ISIC_0669396,0.462,0.0,0.15,0.0006633896446719215,1.3275049678013051,2.8784143924713135,8.157106399536133,36.404937744140625,2.6385788612832357,0.04007537644207457,1.288396723860842,
ISIC_0674662,0.154,0.0,0.0,0.12,0.8027251847029289,1.8024234771728516,3.8890624046325684,35.09137725830078,2.4758528655270555,-0.0,0.8027251847029289,
ISIC_0681019,0.387,0.5975837561207459,0.0,0.0,0.9113735604829298,5.193670272827148,2.352078914642334,25.659313201904297,1.8982959370618362,0.7092009865177047,0.20245068931097843,
ISIC_0684627,0.415,0.0,0.15,0.12,1.4609232686080365,5.099752902984619,5.299032688140869,54.49190902709961,3.150482667281784,0.7870984439992399,0.9617058917720125,
ISIC_0685898,0.372,0.0,0.0,0.0,1.8168643411395227,2.246002435684204,3.1165332794189453,40.253173828125,2.4819510706658097,0.9998516583688346,0.9776654771126623,
ISIC_0697138,0.413,0.0,0.15,0.0,1.5565122829411489,2.921344041824341,6.36182975769043,36.767433166503906,2.6140466711444885,0.5774799220365625,0.9908327144557074,
ISIC_0700335,0.281,0.0,0.0,0.0,0.5983806783984797,1.3733868598937988,3.8347220420837402,35.76818084716797,2.2863669761516117,-0.0,0.5983806783984797,
ISIC_0705477,0.534,0.016223498723932948,0.15,0.0,1.6949726004199324,2.6574621200561523,6.6745686531066895,33.07149887084961,2.2146217478672527,0.6032186243035415,1.1026178355384388,
ISIC_0706692,0.414,0.0,0.0,0.12,0.2278651213520641,1.9801641702651978,3.5519323348999023,57.95747375488281,2.8345013953288865,0.016193804266607385,0.21174494493299428,
ISIC_0709809,0.169,0.0,0.15,0.0,1.8159006086142384,2.508754253387451,6.11051607131958,22.935304641723633,2.013440748166508,0.9537225625413324,0.8633552592063197,
ISIC_0718332,0.357,0.0006830989924289861,0.0,0.12,1.5772182858315167,4.3600616455078125,4.444491863250732,37.123409271240234,2.710399520899032,0.830557740311141,0.8008282943685963,
ISIC_0734414,0.286,0.0,0.15,0.2395352142704854,2.199287931174595,3.9116015434265137,9.491765975952148,82.50170135498047,2.983484987538083,0.8737314283086846,1.3945934811159095,
ISIC_0738067,0.532,0.0015051474868152607,0.0,0.12,1.204190716998326,2.3799989223480225,5.886643886566162,17.00745391845703,2.049924774907919,0.24224312481599222,1.005131809682268,
ISIC_0760717,0.236,0.0,0.15,0.0,0.8086039825490132,3.9050498008728027,5.2720866203308105,37.42927932739258,2.513584318651164,0.23958267434814728,0.577603939488505,
ISIC_0767613,0.31,0.0,0.0,0.0,1.5345126490003373,3.9906294345855713,4.443042278289795,41.720130920410156,2.4404778147819908,0.8495216480827816,0.8011471464937108,
ISIC_0768610,0.315,0.0,0.0,0.0,2.0037680751595985,7.168544769287109,7.980278968811035,47.45745849609375,2.5137218201320306,1.0581752910260158,1.190546484476496,
ISIC_0768895,0.297,0.0,0.0,0.0,2.143186552284006,2.968102216720581,8.177257537841797,25.251184463500977,1.8080837559065657,0.9983425007640159,1.1694404933295002,
ISIC_0769255,0.35,0.0,0.15,0.5019289871182894,1.698142022270349,3.2142648696899414,9.088032722473145,88.39566802978516,3.038333665402161,0.18291892264062415,1.5390393266244287,
ISIC_0772345,0.466,0.0003717472118959108,0.0,0.0,0.969224246403359,2.2708868980407715,5.560887336730957,9.689718246459961,2.068608109456941,0.002778938562986552,0.9665249009644769,
ISIC_0780259,0.393,0.0,0.0,0.12,0.9151387578181462,3.331049680709839,4.796994686126709,65.37642669677734,2.997515443651356,0.17809333284925505,0.7894981194054934,
ISIC_0806140,0.289,0.0,0.15,0.12,1.7155247507578306,2.7985353469848633,7.268199920654297,28.29095458984375,2.2948820037194553,0.8709559053515767,0.9875248956108806,
ISIC_0809377,0.299,0.0,0.0,0.0,1.6741665500016811,4.724253177642822,7.68499755859375,50.5935173034668,2.2855960665018142,0.6665409723114668,1.2756660892952356,
ISIC_0811514,0.176,0.0,0.0,0.029560887869348174,1.467803831812398,2.8999183177948,4.636102676391602,73.5860595703125,2.13976245063864,0.9651103102831766,0.526142484401811,
ISIC_0812223,0.308,0.041156999028040125,0.0,0.0,0.7338449030509182,3.4736902713775635,3.071995496749878,32.167728424072266,2.043662305282765,0.5398525587466381,0.2743402845770284,
ISIC_0812574,0.604,0.006240803889689157,0.0,0.12,2.1066975685899227,6.090139865875244,8.097867965698242,64.72978973388672,2.9905907121850026,0.8567411849119537,1.3050857710389758,
ISIC_0815023,0.338,0.0,0.0,0.0,1.174325705352596,3.0143656730651855,4.923007965087891,28.404558181762695,2.0544823167273827,0.21899353948478253,0.9955587395056406,
ISIC_0825152,0.329,0.0,0.0,0.12,1.4254268655320725,5.879758358001709,5.284151077270508,55.414878845214844,2.896057871935266,0.9743955814719621,0.48061808029836267,
ISIC_0829995,0.351,0.0,0.15,0.0,1.660528469637991,3.026538133621216,6.487725734710693,82.52255249023438,2.8748245565697514,0.6141567724647626,1.0967098224658836,
ISIC_0839447,0.341,0.0,0.0,0.0,1.0189832643810912,2.091980218887329,4.38932991027832,47.94017791748047,2.507005112610101,0.42996037433131346,0.5978072468756264,
ISIC_0844312,0.448,0.07927334848232832,0.0,0.0,1.0085853219370604,2.693946599960327,3.342010021209717,15.683828353881836,1.5467241748662426,0.13601146669421876,0.8946088107233653,
ISIC_0851414,0.361,0.0027551738258486543,0.0,0.0,1.7904230281944575,3.563507556915283,5.6272993087768555,39.78497314453125,2.3488985468608705,0.791760508388863,1.0069609151793892,
ISIC_0855174,0.683,0.0011936355896741064,0.15,0.12,2.209729245817987,4.484170436859131,7.246017932891846,6.9302144050598145,3.093145176114309,1.0219777387705709,1.2205841652013396,
ISIC_0865706,0.458,0.08646999493183061,0.0,0.0,0.7613004826427383,4.218874931335449,3.764878034591675,30.228368759155273,2.0531639233529835,0.28640910538489994,0.4763482916309195,
ISIC_0866872,0.255,0.0,0.0,0.665528125524161,2.1050545085401415,6.363532066345215,8.6428804397583,116.71533203125,3.060716193521128,0.9488894942731354,1.373141573583903,
ISIC_0866932,0.24,0.0,0.0,0.33357578322334924,1.1396189192403923,5.4591240882873535,6.417205333709717,77.14354705810547,2.322763262257438,0.4563840692310951,0.7438412088424446,
ISIC_0893723,0.315,0.0,0.0,0.0465711361310133,1.1455591694759293,5.460680961608887,4.508251190185547,67.55480194091797,2.8167629967852297,0.8185466405256133,0.475731233421852,
ISIC_0894381,0.584,0.005583712739455373,0.0,0.12,1.539248116511062,4.016796112060547,5.672955513000488,25.99370574951172,2.431818297718655,0.553919034856931,0.9908989820258657,
ISIC_0901635,0.406,0.0,0.0,0.0,1.1638276319210634,3.498981475830078,4.323725700378418,73.4961929321289,2.757634114398405,0.8549376030320917,0.326186035736028,
ISIC_0904712,0.237,0.0016060025542784164,0.0,0.0,1.3414656123118094,3.3425240516662598,4.520426273345947,53.543296813964844,2.1105353086832994,0.9416206344248474,0.4598077363242762,
ISIC_0907266,0.289,0.0003571887814147533,0.0,0.16442113986083925,1.1980471199779077,4.086823463439941,4.937148094177246,59.65945053100586,2.8249670238650118,0.2214410164406547,1.0060807274099708,
ISIC_0908291,0.357,0.00030487611232144103,0.0,0.12,1.7047496641551012,4.0309953689575195,4.832671165466309,39.259925842285156,2.7476685532493597,0.817482445156652,0.9147146618640992,
ISIC_0909402,0.276,0.07026318097541971,0.0,0.0,1.8800924538878252,4.468690395355225,5.124083042144775,21.09516143798828,1.826707159207689,1.0003860505272864,0.908604431448975,
ISIC_0914968,0.213,0.00845455675742882,0.0,0.0,0.9993841060482802,1.7532157897949219,2.2823870182037354,18.991926193237305,1.3360223460844067,-0.0,0.9993841060482802,
ISIC_0916205,0.352,0.0,0.0,0.0,0.8029077005613726,2.4095466136932373,3.890393018722534,46.22636413574219,2.259459702974522,0.005623864198713625,0.798207832844104,
ISIC_0934708,0.35,0.009518626524828521,0.15,0.12,2.066154170105597,3.186220645904541,7.936617851257324,52.08570098876953,2.734395864981918,0.7835325022389854,1.317870516861725,
ISIC_0939958,0.351,0.0,0.0,0.0,1.4135671299545869,3.852257013320923,3.931802272796631,58.57835388183594,2.744308006606205,0.9991439082802771,0.473709764129661,
ISIC_0945202,0.161,0.0,0.0,0.0,1.0839782657650319,2.578550100326538,4.593306064605713,27.068119049072266,1.5677932636851557,0.12579826187602056,0.9599745718817593,
ISIC_0950510,0.477,0.001782637114504724,0.0,0.12,1.497373028765662,4.3344645500183105,5.4982805252075195,38.738548278808594,2.514949884978206,0.6555348163045202,0.9865462461640799,
ISIC_0951274,0.311,0.0,0.0,0.4676049784808654,1.02097189076052,2.228806495666504,4.921876430511475,73.20304870605469,2.7114761168015975,0.024715931870039388,0.9964833269608587,
ISIC_0956407,0.406,0.014768804746016943,0.15,0.0,1.6714574229635155,4.650031566619873,5.774844169616699,69.4670181274414,2.8597939537558075,0.7745984563058294,0.9505318804777176,
ISIC_0961235,0.459,0.02038865880853775,0.0,0.0,1.469159213710594,3.521850824356079,5.679739475250244,31.189977645874023,2.298387265761095,0.9097193257780454,0.5646251579979146,
ISIC_0962121,0.46,0.0,0.0,0.0,0.25078555550980836,2.380293607711792,2.472153902053833,37.53166961669922,2.229559290723944,0.08231454793720581,0.16884715542172354,
ISIC_0977979,0.365,0.0,0.0,0.0,0.5861201307659563,1.9328149557113647,3.004584550857544,56.75526428222656,2.5542774099042997,0.36605558109704084,0.2493224305056603,
ISIC_0984817,0.676,0.06746779722625784,0.0,0.12,2.5345497233019842,8.185710906982422,11.670492172241211,24.892086029052734,3.3949431936941314,1.305337121254841,1.6625528492433987,
ISIC_0986600,0.278,0.006832230057162217,0.15,0.0573415749668685,1.5596431206020882,5.185243129730225,6.696898937225342,62.67521667480469,2.772715466024968,0.5820252269856313,1.0612928295228625,
ISIC_0987523,0.453,0.0070002216227369645,0.0,0.0,0.255823399194395,2.6248273849487305,3.347647190093994,27.125165939331055,2.3693658700501623,0.05198424446196879,0.2040670580668305,
ISIC_0990298,0.562,0.0,0.0,0.12,0.22372792384146017,2.740108013153076,3.8461737632751465,31.735445022583008,2.527565533460297,0.03040016109964038,0.19340215961659607,
ISIC_0995838,0.544,0.0,0.0,0.12,1.6036364037219384,2.8791913986206055,4.015900135040283,36.69425582885742,2.5547104299406107,0.8210155629007367,0.8342179948852462,
ISIC_0998962,0.397,0.0,0.0,0.0,0.32219357268380605,2.326105833053589,4.02235746383667,44.09016036987305,2.496413379658569,0.011202692857333107,0.31160674573049557,
ISIC_1003059,0.487,0.0,0.0,0.12,1.216326873805432,3.8852100372314453,3.3588204383850098,47.69691848754883,2.7998498115666854,0.9984508204946716,0.22368352061976288,
ISIC_1006756,0.453,0.0,0.0,0.12,1.5836459899835473,3.9090616703033447,5.810122966766357,60.13916015625,3.138623314022389,0.9164501779757109,0.7791370244867042,
ISIC_1007406,0.266,0.0009290312246593719,0.15,0.0,1.7400572026523955,4.181440830230713,7.599743366241455,28.325481414794922,2.34137472453633,0.5482193543347043,1.2597086895560183,
ISIC_1009291,0.628,0.0018186468131056236,0.0,0.12,1.0263870570331892,4.169593811035156,4.701070308685303,27.4494686126709,2.6264633396290638,0.4678013725569506,0.5697966905928308,
ISIC_1009475,0.218,0.0,0.00011609008590666357,0.05067332249825865,1.667092518352658,3.782846689224243,4.7808990478515625,77.03973388671875,2.423542544570176,0.8561052476321652,0.9423079212255853,
ISIC_1010358,0.233,0.0,0.00040129417371021544,0.0,1.5931466496513775,6.198496341705322,6.557535171508789,53.93033981323242,2.234686362440437,0.9732317076970609,0.8589501591401467,
ISIC_1019322,0.308,0.0,0.0,0.0,1.0761887342417777,2.9772961139678955,3.6312994956970215,41.67256546020508,2.4732393564317965,0.8896943766597489,0.23780602766520248,
ISIC_1025100,0.279,0.0,0.15,0.3088508650683952,1.664004237226044,3.129495143890381,7.081127166748047,74.4024429321289,2.9119952617541034,0.5084947215415884,1.1641975990765054,
ISIC_1028374,0.461,0.0,0.15,0.12,2.2171812736792194,2.8124465942382812,7.852928638458252,75.71753692626953,3.20361341903948,0.9568014416965152,1.3666037694528201,
ISIC_1030252,0.445,0.0013801630317581265,0.0,0.0,0.9416555902220194,2.327463150024414,4.05985689163208,21.16069793701172,1.923783490068048,0.005228720353679555,0.9365213421654426,
ISIC_1037315,0.395,0.012541445090421478,0.15,0.0,1.192030094252685,4.0853071212768555,6.37461519241333,42.23194122314453,2.677815593976355,0.41840240229524167,0.7785432818958269,
ISIC_1040820,0.377,0.008220413874364828,0.0,0.0,0.6183284593649007,2.697678804397583,3.619920015335083,28.607587814331055,2.096378046156638,0.35147671402828545,0.27479967780134246,
ISIC_1064824,0.458,0.07149117969734085,0.0,0.0,1.7002178687686478,4.059206008911133,5.999178409576416,7.091984272003174,1.5567730351214248,0.9971835752777896,0.7113623432071827,
ISIC_1068686,0.415,0.0015579635112876924,0.0,0.0,0.4656264984903816,3.1483447551727295,2.7263453006744385,43.215721130371094,2.6448790387537544,0.14216619342376513,0.3253867592266334,
ISIC_1071362,0.214,0.00032930167463622454,0.0,0.0,1.7813394613162417,3.219151496887207,3.9336323738098145,35.88383102416992,2.129191839005832,0.9359407149555171,0.8885025211597343,
ISIC_1074795,0.254,0.0,0.15,0.013512730283585178,2.215078440522404,6.181926727294922,12.798307418823242,62.11760330200195,2.603549200531229,0.9524634336301645,1.6788172673486408,
ISIC_1078763,0.33,0.014441604029150292,0.15460338051814262,0.12,1.8310587435913732,9.54409408569336,8.342177391052246,47.02515411376953,2.9534418357270726,0.953248166802019,1.122411678489892,
ISIC_1085285,0.118,0.6881949524506218,0.15,0.0,1.7682753675750633,2.1246907711029053,5.711458206176758,22.2702579498291,1.8991541917656591,0.6616596299991286,1.113800137405005,
ISIC_1085658,0.489,0.0,0.0,0.12,0.7745273084029908,3.2266788482666016,4.3321027755737305,39.11231231689453,2.605075681416486,0.0013474463557314235,0.7732128405339638,
ISIC_1086280,0.473,0.0,0.0,0.12,1.5673987452114755,2.6497724056243896,5.247361660003662,63.943660736083984,3.020374923770638,0.8682206598111095,0.9437185428404343,
ISIC_1089173,0.184,0.0,0.0,0.0,1.6463951853796899,2.3908402919769287,4.748329162597656,32.717567443847656,1.9831542763653165,0.9108622692079187,0.8210318983241336,
ISIC_1089722,0.297,0.11231745617550301,0.0,0.0,0.5644619053214037,3.071272850036621,3.8776895999908447,25.808345794677734,1.8112707852578158,0.24339692799985682,0.33554228919307494,
ISIC_1092675,0.429,0.017529091778162236,0.0,0.0,0.4800307892875761,4.001997470855713,3.4349160194396973,40.6702995300293,2.4021061804028387,0.12189035251244262,0.3876827630595789,
ISIC_1103955,0.246,0.006366078794857163,0.0,0.0,2.065509567497812,3.5460169315338135,5.190167427062988,7.481804370880127,1.4625207183016788,1.0053646795345161,1.0897643972435669,
ISIC_1109667,0.403,0.0,0.0,0.0,0.9389789883904655,1.8195853233337402,5.9503302574157715,74.24885559082031,2.699977994482079,-0.0,0.9389789883904655,
ISIC_1116303,0.539,0.0,0.0,0.0,0.7291278411049319,2.0240750312805176,5.476707935333252,17.13331413269043,1.8607576164142194,0.008025547402389158,0.7234164325421973,
ISIC_1116483,0.536,0.1172645448825765,0.0,0.12,2.056936032875164,7.171205997467041,6.203010082244873,30.640302658081055,2.7252582570274995,1.1340116691046342,0.9302918899096693,
ISIC_1121645,0.289,0.0008845829823083403,0.15,0.13372648132547038,2.122477672197879,6.500023365020752,7.237112045288086,71.84159851074219,2.924740021400635,1.004908752634204,1.2717059466391691,
ISIC_1121888,0.191,0.0,0.0,0.7161494921922043,1.35551709734238,4.923094749450684,5.379924297332764,106.5218505859375,2.3627006457922706,0.8543303322126024,0.5513292268812592,
ISIC_1124434,0.349,0.07279233369186482,0.0,0.0,1.9452882531711242,3.6366188526153564,9.044251441955566,25.81726837158203,2.288691664299767,0.6845703479805164,1.2827922172222763,
ISIC_1126401,0.399,0.0,0.15,0.3521607724614358,1.9515201459726141,6.056246757507324,8.31152629852295,71.89482116699219,3.2556751728292763,0.8168140116244007,1.171110649117765,
ISIC_1132496,0.517,0.0,0.0,0.0,1.1283609674620148,2.890857696533203,5.380260467529297,32.68496322631836,2.3692560729585117,0.384172363273064,0.7733473315830458,
ISIC_1157032,0.401,0.16928803371167733,0.0,0.0,1.3864165620770268,4.0536603927612305,3.843691825866699,22.415189743041992,1.7145516077291378,0.8533102464107059,0.8270187163675549,
ISIC_1176099,0.33,0.0,0.15,0.12,1.886229031704442,3.5472781658172607,5.902042388916016,38.95838165283203,2.899337583840857,0.7893747985110084,1.100291589356974,
ISIC_1177153,0.837,0.01565267659287477,0.15,0.12,1.899178586839801,5.269440174102783,7.754310131072998,39.76937484741211,2.7849574839866924,0.9999643463695929,0.936430067839255,
ISIC_1177505,0.567,0.0,0.0,0.12,1.5896912851932887,2.675513982772827,5.497615814208984,59.02983093261719,2.8825525926192546,0.9127255217762832,0.6854974305743694,
ISIC_1182214,0.507,0.015027547611817274,0.0,0.0,1.0268160563328412,6.446252822875977,2.346132755279541,21.554933547973633,1.7844151390357565,0.6855337436046413,0.3550857388151847,
ISIC_1201025,0.254,0.0,0.15,0.3768645943605043,1.730756297228728,6.356926441192627,7.200660705566406,77.98719787597656,2.7030805369172266,0.9750255334726659,1.01134087109278,
ISIC_1204130,0.168,0.007530458013214161,0.0,0.0,1.5121133562553126,2.8362343311309814,4.5301666259765625,13.880167961120605,1.3901903930532635,0.9843373985667325,0.5313421119194816,
ISIC_1205053,0.282,0.0,0.15,0.0,1.0449939518837974,3.6547234058380127,7.336938381195068,49.3885498046875,2.700840069655629,0.30560763224290666,0.7552638240492823,
ISIC_1206880,0.307,0.0,0.0,0.0,1.4997610479308996,2.921159267425537,3.2521674633026123,56.42555236816406,2.6826765865178395,0.700136751852352,0.8554508105601306,
ISIC_1210011,0.814,0.0008609396245392628,0.15,0.12,1.9922001980884674,4.201797962188721,8.007759094238281,24.03645133972168,2.6428799761193615,0.9991095717026554,1.119810316049757,
ISIC_1214159,0.156,0.0,0.0,0.0,1.5991020562838625,2.7327589988708496,6.166859149932861,18.507427215576172,1.516722467065059,0.4763810112739638,1.1288714511906928,
ISIC_1216542,0.062,0.0,0.0,0.0,0.1700797182692235,1.2299821376800537,3.967759132385254,23.03655433654785,1.4305470687361002,0.0036197015827624957,0.16646847676026616,
ISIC_1217200,0.38,0.0,0.15,0.016052606130935114,1.4938449109888303,1.7700942754745483,6.06351900100708,76.89907836914062,2.9192452335530383,0.9193438850767146,0.8049102163062547,
ISIC_1221689,0.318,0.0,0.0,0.12,1.1354047781097814,3.2884254455566406,4.339988708496094,46.03273010253906,2.5310318259047646,0.7232324303712728,0.4615939875277141,
ISIC_1233104,0.414,0.0,0.0,0.0,1.1922652666710702,2.320082426071167,3.160613536834717,44.2732048034668,2.6584415627363662,0.5445295237890775,0.6818651620617744,
ISIC_1236175,0.358,0.0,0.0,0.0,1.428672106765891,2.005112886428833,6.0305495262146,33.46025848388672,2.0486651611031594,0.4267920241769875,1.0128088063141765,
ISIC_1240189,0.512,0.0,0.0,0.12,0.5603563319200744,1.4771053791046143,4.4014997482299805,46.56678771972656,2.683818689232631,0.0022070852823230574,0.5583285143776278,
ISIC_1241018,0.291,0.0,0.0,0.4537189106795908,0.7955913795895869,5.008274078369141,5.827538967132568,84.06930541992188,2.8754199633157924,0.2671485164247258,0.5367985873955193,
ISIC_1241817,0.223,0.0019820748075932344,0.0,0.0,1.1669167329420607,3.2627711296081543,4.637223243713379,18.3741512298584,1.9580677026616442,0.3241657205519442,0.8437579986832207,
ISIC_1247763,0.645,0.09729093830448743,0.0,0.12,0.995646864347668,3.821129083633423,5.117456436157227,38.22547149658203,2.586446202930605,0.22332758714202622,0.8037815954779451,
ISIC_1253099,0.459,0.0,0.0,0.0,1.1155688434066737,4.728452682495117,3.9525833129882812,70.86808776855469,3.0249591421541444,0.2755717348728607,0.8919395572614686,
ISIC_1254469,0.157,0.0014799089151298665,0.0,0.0,1.484497736533616,3.241577625274658,4.441977500915527,27.714805603027344,1.9228239460229977,0.9191026687919113,0.6191613327600278,
ISIC_1254526,0.298,0.76132618108964,0.0,0.0,1.8023164490478512,2.9097890853881836,3.335019588470459,30.559980392456055,1.7126899950513144,0.8968556039882561,0.9479683437966275,
ISIC_1255336,0.528,0.04064356090288019,0.0,0.0,0.723581981052077,3.082369804382324,3.9772517681121826,7.486192226409912,1.0863020088427313,0.251705820984203,0.4798336786601909,
ISIC_1264034,0.324,0.0,0.0,0.0,1.876287134888618,4.645106792449951,5.466284275054932,50.87891387939453,2.4392327592945953,0.9765285753918707,0.9745459744075153,
ISIC_1270091,0.259,0.0,0.0,0.0,1.0076472012686863,4.167730331420898,3.1309502124786377,46.82848358154297,2.241786879396714,0.13945607725539297,0.883392059274682,
ISIC_1274198,0.196,0.04357817923835103,0.0,0.0,1.68190127112778,3.13981294631958,3.647030830383301,32.67251968383789,1.9380010459789083,0.9916710655564699,0.696330618757165,
ISIC_1279356,0.4,0.0,0.0,0.12,1.49735036054825,1.805086374282837,4.956051826477051,50.33475875854492,2.7838523864053855,0.9901638185064372,0.5457307977909616,
ISIC_1280046,0.231,0.0,0.0,0.0,1.6956329715254546,3.1175355911254883,4.2025604248046875,34.52901840209961,2.164446323321982,0.9191593188679231,0.9413375709002065,
ISIC_1283766,0.289,0.0,0.15,0.04685260269484376,1.817148893848922,3.9950947761535645,6.3965020179748535,56.3780403137207,2.7047156267211068,0.823051863113882,1.0110333048015652,
ISIC_1291833,0.297,3.25743509560572e-05,0.0,0.0,1.5689651824065767,3.954341411590576,4.212339401245117,55.01003646850586,2.4837962226990964,0.6978589245140638,1.037575209356479,
ISIC_1300891,0.466,0.04225868548904574,0.0,0.0,1.0629272583638107,2.8612778186798096,4.062624454498291,46.94053268432617,2.55677728300416,0.6244742811251826,0.6926232965342664,
ISIC_1326092,0.292,0.0,0.0,0.13239177156892845,1.8095967808101283,3.3637759685516357,5.439894199371338,80.0609359741211,2.8512538553025633,0.9547197718931562,0.8676237581534296,
ISIC_1330850,0.24,0.0,0.15,0.325260031299571,1.0392544271506146,1.9848952293395996,8.5482759475708,85.91934967041016,2.668013632566378,0.021493118199343627,1.0190842690085988,
ISIC_1332092,0.429,0.0,0.0,0.0,1.2366833424845958,1.9317430257797241,3.9116384983062744,33.36968231201172,2.0283573155038717,0.9454028658995204,0.2946851138809731,
ISIC_1338061,0.473,0.0003289828463449539,0.00045474814458341977,0.12,1.7064089472835904,2.9039406776428223,7.519962310791016,32.14082336425781,2.7154550350043243,0.636541962452848,1.2343768628396965,
ISIC_1357166,0.305,0.005506062963901978,0.0,0.0,1.1212310082133357,3.182912588119507,5.467009544372559,32.22486877441406,1.9574106722043358,0.09655159681234864,1.0383100061816197,
ISIC_1358080,0.396,0.0,0.15,0.12,1.6699183778416125,1.8453255891799927,5.643296241760254,47.78709411621094,2.7156954485779043,0.605182551457322,1.085631838912133,
ISIC_1359589,0.411,0.0,0.15,0.0,1.1023028085087176,1.522277593612671,6.524590969085693,37.838069915771484,2.4990622076689286,-0.0,1.1023028085087176,
ISIC_1367005,0.49,0.27645242447074986,0.15,0.0,1.473575074822247,4.094409465789795,7.743775367736816,22.1389217376709,1.905764529966508,0.3621073377794592,1.2205719122178398,
ISIC_1372928,0.459,3.582894209252614e-05,0.0,0.12,0.44983438563473965,1.91975998878479,5.192667484283447,51.7056770324707,2.3636814156935477,0.0050956505412633624,0.44479156331980996,
ISIC_1380829,0.114,0.0,0.15,0.0,1.0321225140075696,2.680751323699951,6.2896528244018555,25.772268295288086,2.052685561294764,0.010335416586377478,1.0225836258861551,
ISIC_1404148,0.54,0.000433851243254969,0.0,0.12,1.955713220969621,4.934216499328613,4.635119438171387,44.22355270385742,2.7683986775916596,0.9946062323470722,0.9862646407859315,
ISIC_1406759,0.331,0.0,0.0,0.12,0.24938995025078448,2.0708467960357666,4.008767604827881,39.49445724487305,2.5773283407714636,0.09415951864352802,0.1555900912518302,
ISIC_1408695,0.567,0.0,0.0,0.0021745934992833727,0.616695190400347,3.4921412467956543,3.985325336456299,23.32510757446289,2.3155722486037225,0.10221488922357021,0.5220662029248153,
ISIC_1411589,0.406,0.0,0.0,0.12,0.9944155370096492,2.4371578693389893,4.147950172424316,53.02678298950195,2.829947571601707,0.3436024409097689,0.6545945722651555,
ISIC_1421963,0.368,0.0001147833822358368,0.0,0.0,1.2598685673537373,3.1887640953063965,4.019197463989258,52.865150451660156,2.4862398202370297,0.5810355479996279,0.7846005110574099,
ISIC_1426969,0.254,0.32337342523233953,0.0,0.0,1.1303238716614923,4.379851341247559,3.2994492053985596,18.430763244628906,1.719417843726548,0.5875820430682757,0.5564027191669593,
ISIC_1429504,0.263,0.0,0.15,0.0,1.474624091496879,2.7496652603149414,12.015521049499512,15.357399940490723,2.2451933933394272,0.01735547257093788,1.4602034479688415,
ISIC_1429763,0.373,0.17805458875251878,0.15,0.0,1.7698403415070076,5.525171279907227,6.189595699310303,30.816184997558594,2.267311542175978,1.1285161256315033,0.8124416343088192,
ISIC_1430481,0.276,0.0,0.15,0.3117989198171998,1.9766396091877974,4.91795539855957,8.007682800292969,78.72636413574219,2.9382405488905787,0.9993409406900142,1.043264689296163,
ISIC_1436572,0.493,0.0,0.15,0.0,1.174011923267557,2.192328453063965,7.555632591247559,26.084779739379883,2.388900804591974,0.00026966890539815633,1.1737501128805161,
ISIC_1437062,0.352,0.0,0.0,0.12,1.902010272942867,3.3505706787109375,4.181318283081055,45.047725677490234,2.775490696206347,0.9103704937900122,1.0077704235738547,
ISIC_1441039,0.36,0.0,0.15,0.19329541403840492,1.9659909335243533,5.303896427154541,7.469331741333008,74.38038635253906,3.1340883897545377,0.9913144791076769,0.9956248336958732,
ISIC_1442601,0.513,0.0,0.15,0.12,1.7516294504926564,2.799887180328369,6.2064008712768555,54.60917282104492,2.9069763344837227,0.7574811999754393,1.1067311167474747,
ISIC_1450057,0.545,0.0003264199140326813,0.0,0.12,0.928606927200054,2.8527143001556396,5.195399284362793,24.74260139465332,2.829373930314141,0.4281084969172171,0.5165211961663086,
ISIC_1452059,0.303,2.8083736927349565e-05,0.0,0.0,1.2128845380758302,3.025357484817505,6.457716941833496,32.2136116027832,1.815833077523445,0.06964247680345209,1.1461642094510813,
ISIC_1460132,0.247,0.0,0.0,0.5008542335816306,1.055146762564639,1.9546338319778442,5.27235221862793,84.31375885009766,2.8016321171712355,0.15246148141159993,0.9058411873270091,
ISIC_1460169,0.424,0.11517077045274027,0.0,0.0,1.353423569674003,3.597184419631958,4.874233722686768,25.21419334411621,2.0957637838899985,0.8456262428889001,0.5432703140091717,
ISIC_1460249,0.431,0.0,0.0,0.12,0.6284199506663778,2.6815590858459473,5.0163469314575195,56.440555572509766,3.0852279040745185,0.11109359554066697,0.5185538095144657,
ISIC_1464862,0.222,0.11899942163100058,0.0,0.0,1.8626602999262083,7.245363712310791,4.0724921226501465,31.276121139526367,1.8559366240170538,1.1572304708683616,0.9976257614942435,
ISIC_1468332,0.257,0.0,0.0,0.018654957703852545,0.7244499223654779,2.892244815826416,4.822037220001221,50.957374572753906,2.58519090477074,0.05330501167194981,0.6724926325925424,
ISIC_1472934,0.267,0.0,0.0,0.012983722845018683,0.32587012078286276,1.8857712745666504,3.346679925918579,57.03181457519531,2.5995660022550946,0.013098487804037768,0.31292105181500074,
ISIC_1473683,0.357,0.0,0.15,0.12,2.282271787595909,4.284208297729492,9.737895965576172,59.83698272705078,2.94523384393437,0.9986396075880803,1.3401325582813195,
ISIC_1479765,0.294,0.0,0.22775926635803379,0.15962905080647538,0.6520112906901123,2.290651559829712,5.131738662719727,67.3234634399414,2.9460780445893957,0.009203942882112574,0.64293879952424,
ISIC_1484659,0.24,0.9818023001892561,0.0,0.0,1.2266560650675116,5.31874942779541,3.572753667831421,20.926803588867188,1.6830784507171863,0.618845242369648,0.6223568766386318,
ISIC_1490894,0.254,0.0,0.0,0.0,1.3755426714369325,8.11374568939209,5.153075695037842,51.22319793701172,2.4644806315184025,0.9994071381035037,0.4497967009303512,
ISIC_1491798,0.727,0.00881268719760387,0.0,0.12,1.916098451466422,3.8205997943878174,6.924760341644287,25.337387084960938,2.570395447025192,0.9228773830496899,1.086726340937873,
ISIC_1493992,0.403,0.005777998465219158,0.15,0.0,0.7869153994527485,1.7460500001907349,5.84611177444458,41.17091369628906,2.564708868132154,0.20456974588811738,0.5844319318239111,
ISIC_1496469,0.351,0.12682975239418448,0.15,0.0,1.4036988568663675,3.336012363433838,7.073088645935059,34.50484085083008,2.3228535771421672,0.6018866846075607,0.969351549032429,
ISIC_1500934,0.279,0.0007982416510298149,0.0,0.0,1.8490557148332987,3.009129047393799,3.720640182495117,46.08832550048828,2.233799824322051,0.9993088525153693,0.9856296071244754,
ISIC_1502836,0.328,0.0,0.0,0.0,0.985485116927951,2.424562692642212,5.1612162590026855,46.753082275390625,2.410782155461367,-0.0,0.985485116927951,
ISIC_1510512,0.242,0.0,0.0,0.8197648183048868,0.6699571958839612,2.304279327392578,4.499516487121582,105.5598373413086,3.156237743251252,0.09945990490974133,0.5725501757376092,
ISIC_1510540,0.401,0.0,0.15,0.12,1.6492675250827238,2.2360970973968506,5.415526866912842,61.44702911376953,2.7728911939818532,0.9629670498751417,0.9371787716631439,
ISIC_1513850,0.313,0.0,0.15,0.06514594699606599,1.801805739784328,3.6151506900787354,6.610299110412598,59.57801818847656,2.8667073747966776,0.8448444008968141,0.9585846539853407,
ISIC_1529132,0.392,0.0,0.0,0.0,1.1094055760220665,4.94130802154541,5.1889472007751465,37.221649169921875,2.4706187405659463,0.5728574087869021,0.6601497423737821,
ISIC_1536126,0.25,0.01150563749101122,0.0,0.0,0.9856214496723631,3.497582197189331,4.0062432289123535,28.294099807739258,1.9831480160976114,0.45647188399607186,0.6386259044784749,
ISIC_1536397,0.23,0.0,0.0,0.0072720661758022,2.0793539709783952,5.319028854370117,5.482090473175049,66.86563110351562,2.362269558963191,0.9672890009099939,1.1514377444119408,
ISIC_1537765,0.367,0.0,0.0,0.142713862863573,1.662979605039551,6.225738048553467,5.544429302215576,67.29365539550781,3.057916528735369,0.9933022766293287,0.7250901776717112,
ISIC_1540369,0.243,0.007571036170163655,0.15,0.0,1.709204271822449,3.3898978233337402,6.202332496643066,35.58463668823242,2.3043170039159895,0.9112149036297872,0.8480465863075772,
ISIC_1546866,0.127,0.0,0.0,0.0,1.0190669438446567,2.0179619789123535,5.475377559661865,27.79925537109375,1.9085534041059333,0.005590732249771154,1.0138221101135754,
ISIC_1558504,0.271,0.0005336594585580077,0.15,0.0,0.8732693451322149,2.85365891456604,5.095856189727783,29.089868545532227,2.176667508399575,0.0531332685934065,0.8204760219709655,
ISIC_1562512,0.602,0.3107654827695871,0.0,0.12,1.2053967819196765,4.1863694190979,4.291569232940674,35.99847412109375,2.478068833074965,0.33819367005195633,0.8752312547385578,
ISIC_1576116,0.338,6.332620913480566e-05,0.0,0.0,1.1328797615532267,3.0772862434387207,3.9906857013702393,46.50436019897461,2.338524817343687,0.17965187321264792,0.955401405038605,
ISIC_1579405,0.241,0.0,0.0,0.0028804608737397984,1.0225948351825627,4.390888214111328,4.682218551635742,76.24542999267578,2.3414136467173106,0.6593202569590634,0.4753132772082244,
ISIC_1581537,0.482,0.0,0.0,0.12,1.0440545833588857,3.357858896255493,4.385270118713379,49.42463684082031,2.985636772960151,0.0657436216056452,0.9876102614485098,
ISIC_1582241,0.306,0.0,0.0,0.0,1.5814557342743312,3.5806405544281006,4.5052666664123535,35.92502975463867,2.13870529956253,0.9793948825421037,0.7390304256896791,
ISIC_1589997,0.527,0.00014800419727396073,0.15,0.12,1.4492853883282706,3.1954734325408936,8.155656814575195,38.00886917114258,2.699480923822511,0.2444613713865819,1.2159811220586207,
ISIC_1593018,0.417,0.00020299416391778737,0.0,0.0,1.41188361422064,2.9392735958099365,5.3008646965026855,15.12807559967041,1.7809476470708894,0.6496500678190036,0.7638764146117929,
ISIC_1598799,0.244,0.0,0.0,0.05933515147047984,2.1575013048021483,2.5619430541992188,7.029171943664551,59.03561782836914,2.5592250376099273,0.9998482874181764,1.1821280082834376,
ISIC_1601532,0.665,9.929724443940603e-06,0.15,0.0,1.2892650588912598,2.449641704559326,8.54918098449707,16.77215576171875,2.4232296402611473,0.01941775869156804,1.2709264524802897,
ISIC_1602466,0.337,0.21832151130167043,0.0,0.0,1.1348988252920476,3.4883229732513428,4.830916881561279,26.98745346069336,1.988117137731408,0.8258451697167184,0.3272132612190254,
ISIC_1604088,0.345,0.0,0.0,0.2534038183616034,1.3865906815134954,4.749433994293213,3.832841396331787,78.5134048461914,3.1015101946017265,0.7209915330985697,0.9241361539864354,
ISIC_1606234,0.752,0.0,0.0,0.0,1.4695243153870128,4.964640140533447,5.4910807609558105,19.720867156982422,2.2064412558712645,0.580064888123308,1.0010725995251037,
ISIC_1607865,0.249,0.0,0.15,0.0,0.6253121099498528,3.491124391555786,4.840939521789551,40.40987777709961,2.4903184182098066,0.2852338805547485,0.34186746382649175,
ISIC_1613289,0.329,0.0,0.0,0.0,0.6245521327356622,2.1127264499664307,5.026645660400391,70.51235961914062,2.686862511348504,0.029852979384004153,0.6008255275573147,
ISIC_1618832,0.287,0.0,0.15,0.004791290119033614,1.8009100802938511,3.1954784393310547,9.166813850402832,59.163265228271484,2.56513255301283,0.6890128288664831,1.3594476379400282,
ISIC_1618950,0.324,0.014785706640571245,0.0,0.0,1.0365011662355776,2.8710196018218994,4.76409912109375,20.215438842773438,2.2531292899511177,0.3483747358975104,0.6968224322283926,
ISIC_1620401,0.271,0.2940365773135572,0.0,0.0,1.5478306638523989,4.709770679473877,4.7481913566589355,19.23150634765625,1.9970523365674457,0.8410334385221523,0.718804694261705,
ISIC_1620821,0.153,0.0,0.15,0.0,0.5116595656470984,2.850945234298706,5.306671142578125,33.34436798095703,2.210163051088838,0.015034480702384457,0.4996491100242583,
ISIC_1624776,0.662,0.003965876933881395,0.15,0.12,2.201638159907182,4.7061896324157715,6.137585163116455,43.86299514770508,2.864397117183572,0.9967807462592575,1.211036203610772,
ISIC_1626055,0.243,0.0,0.15,0.12,1.0809118103678377,2.626664400100708,7.183396816253662,28.835399627685547,2.2111806178823388,0.05431465407558553,1.0310506463451188,
ISIC_1635827,0.403,0.0,0.0,0.12,1.6756596404537363,3.0964488983154297,4.077725410461426,58.52803039550781,2.758623749749371,0.8255116101596436,0.9018451332036159,
ISIC_1636355,0.227,0.0,0.0,0.5189398055907746,1.7889800922938028,6.907260417938232,9.682184219360352,78.3512954711914,2.714287835716603,0.9760621323958409,1.158246520806952,
ISIC_1636427,0.18,0.0,0.0,0.8743208667081176,0.7324923576721606,2.8147220611572266,7.211140155792236,146.8981475830078,2.2558146788071967,0.07021191515318698,0.663745019921137,
ISIC_1648650,0.367,0.004378435820407496,0.0,0.0,0.4266884962485799,2.9346275329589844,4.270959854125977,58.493289947509766,2.6277313932623065,0.09935123559383971,0.3324592735112695,
ISIC_1649554,0.405,0.0,0.0,0.0,1.8859311207017624,4.769449710845947,7.575685024261475,35.6961555480957,2.4169172104497325,0.9962948514135408,1.2766068867062466,
ISIC_1650233,0.463,0.006686506680174761,0.0,0.0,1.119412947637766,3.549821376800537,4.132188320159912,44.53432846069336,2.612696322963995,0.12553661457860799,0.9946618558436564,
ISIC_1652988,0.159,0.0,0.0,0.0,0.866176878737898,2.6472370624542236,5.7694315910339355,24.761396408081055,1.9509538564912168,0.0036092598476348743,0.8630644530089742,
ISIC_1653953,0.214,0.0,0.0,0.580628439509834,2.095803933519912,8.787881851196289,3.8068461418151855,99.19403839111328,2.70492418195546,1.378661273996707,0.8213279062461099,
ISIC_1655136,0.225,0.0,0.0,0.6538486025339021,1.0995773949454706,4.416774749755859,6.412552356719971,97.25099182128906,2.566334457305757,0.2867486816440196,0.8212917245433986,
ISIC_1656295,0.318,0.0,0.0,0.0,1.3542683554411177,3.253206491470337,4.682412147521973,45.408729553222656,2.350881473276516,0.4473605614477952,0.969018430436382,
ISIC_1675975,0.379,0.037080768747644766,0.15,0.0,1.4997340332835938,4.677589416503906,7.705198764801025,25.228422164916992,1.980374609716248,0.42722929555676603,1.0805651829255245,
ISIC_1684107,0.355,0.0,0.0,0.0,1.692951838792191,1.6463059186935425,2.991870403289795,60.96355056762695,2.524102341299921,0.9641407504856274,0.7292333404395367,
ISIC_1685833,0.493,0.0025610244097639054,0.15,0.12,1.5611476237316706,4.535680294036865,5.40625,61.0693473815918,3.049009538779237,0.8099486174240573,0.9462269445914594,
ISIC_1685962,0.239,0.0,0.15,0.0,0.7112486389982444,3.2751288414001465,6.316187381744385,36.50716781616211,2.433411124423232,0.11865179250237294,0.5966020269920255,
ISIC_1689823,0.483,0.0,0.0,0.12,1.5503711043976396,2.7284610271453857,3.8471927642822266,59.6055908203125,2.863094494020711,0.9746516332418876,0.6049997659282391,
ISIC_1693572,0.472,0.00041592660478348344,0.15,0.12,1.3993948274605192,2.693587064743042,6.016739845275879,70.18512725830078,3.008845476788971,0.3972783633301322,1.0184326142954727,
ISIC_1694817,0.567,0.026010553265141772,0.15,0.0,1.2676266260130828,3.807081937789917,5.939865589141846,35.423004150390625,2.506221872095514,0.24313178384174655,1.037798583491517,
ISIC_1699010,0.303,0.0,0.15,0.014298777953279574,1.6405324231646903,4.412398338317871,6.633974075317383,53.380558013916016,2.7271203891122826,0.43408765113367925,1.215346135779867,
ISIC_1699688,0.208,0.0,0.15,0.0,1.1649874092899493,2.0912485122680664,7.619354724884033,14.65506649017334,1.8829529205534843,0.007046872458043914,1.1583774414975672,
ISIC_1712861,0.381,0.002059266700150678,0.15,0.0,1.7501281834095637,3.626687526702881,6.335299968719482,26.50804901123047,2.1091122847622055,0.8899883852582673,0.997665085899269,
ISIC_1715773,0.325,0.0,0.0,0.19130043835000562,1.8634236148954448,4.853728294372559,4.684753894805908,72.84815216064453,2.9239363032380243,0.9312310860305932,0.9354945488453784,
ISIC_1741107,0.361,0.0,0.0,0.12,1.5555166321187053,2.158398389816284,4.891637325286865,49.84409713745117,2.731024598210623,0.6162694910024615,0.9392582921109025,
ISIC_1748084,0.365,0.0,0.15,0.12,1.8527661349342033,3.306805372238159,7.511463165283203,63.46997833251953,3.000418248327302,0.8449572221731809,1.0649530348351677,
ISIC_1748718,0.433,0.0,0.0,0.0,1.6115659444476909,3.7273311614990234,3.1688590049743652,55.32632827758789,2.7399307946406983,0.7330208180784733,0.8922114126507891,
ISIC_1756486,0.368,0.0,0.15,0.4258825430163987,2.341808875621289,5.009101390838623,9.175643920898438,87.88671875,3.2295196204035297,0.9112195088541487,1.5143854020469845,
ISIC_1756915,0.402,0.0,0.0,0.0,1.3801797601949604,3.8531765937805176,5.552736759185791,37.82356262207031,2.363640248700157,0.4048629908093105,1.0105376012303624,
ISIC_1758247,0.597,0.0,0.0,0.12,0.584755115148659,3.847548484802246,4.5046186447143555,46.65975570678711,2.9853348960845985,0.05012186013281984,0.5351921906280215,
ISIC_1762147,0.345,4.551537054063157e-05,0.15,0.18049575341592855,1.904941100968002,5.319469451904297,6.669442653656006,79.54592895507812,3.094936292088246,1.0058385251114128,0.9212083872521984,
ISIC_1763947,0.269,0.0,0.0,0.0932883217943583,1.8195464286178051,2.967914581298828,3.4994354248046875,68.99433898925781,2.6260785733395844,0.9883062632816637,0.9030298767147485,
ISIC_1765228,0.299,0.0,0.0,0.0,1.8056124423246669,3.578216791152954,4.026836395263672,47.81351852416992,2.5845549474685265,0.9999596026589184,0.8787242988851436,
ISIC_1772759,0.324,0.0,0.0,0.0,1.0560762957621916,1.980780005455017,5.053137302398682,69.6003189086914,2.7109007897234227,0.13647042086671435,0.9255616643959627,
ISIC_1785976,0.378,0.0,0.0,0.0,0.26049501090734906,2.781895637512207,2.710080862045288,45.76993942260742,2.414050044399633,0.013431745450286081,0.24712948365388845,
ISIC_1789103,0.357,0.0,0.0,0.0,1.2362337581840028,2.9063806533813477,2.695518732070923,50.534637451171875,2.5137212964397913,0.83958695882965,0.39785594207167513,
ISIC_1789206,0.422,0.0,0.0,0.12,1.807858209920044,2.9188613891601562,3.999685764312744,67.48812103271484,2.9582017631846615,0.9913484694118394,0.8504057811354289,
ISIC_1797795,0.439,0.31901549998067336,0.15,0.0,2.131348234437482,5.675955295562744,8.863277435302734,43.836708068847656,2.4888503405060214,0.8610684641937698,1.4904117199661964,
ISIC_1801591,0.465,0.0,0.15,0.16666761149439624,1.5861221305891888,4.15470027923584,6.2346272468566895,72.71904754638672,3.245166377617618,0.6972513667777438,1.0638309765987028,
ISIC_1807379,0.228,0.002600466936783796,0.0,0.0,1.0113031823355747,2.045409917831421,3.778508186340332,12.034625053405762,1.4110363471182985,0.5769079916376227,0.513304875139458,
ISIC_1813785,0.279,0.0,0.0,0.3989513710115491,1.7627338834122936,3.666126251220703,5.257871627807617,83.8263168334961,2.886232349711678,0.9984819952082538,0.8093351989596925,
ISIC_1814941,0.431,1.015009838617242e-05,4.402605175002287e-05,0.12,1.2212055492752982,2.7891666889190674,6.142063617706299,54.51388931274414,2.469920941471706,0.09698507426979093,1.1392099061274765,
ISIC_1815891,0.245,0.0,0.0,0.43380749662548024,1.2072765122537878,4.765768051147461,4.868292331695557,76.86310577392578,2.904704988510484,0.5560339357611038,0.679646364867837,
ISIC_1822966,0.307,0.0,0.0,0.12,1.6197235605126092,4.309333324432373,4.049378871917725,61.08208465576172,2.962730703493137,0.9822617627870751,0.641430132810368,
ISIC_1828562,0.423,0.0,0.0,0.0,0.7998134918116476,2.344055652618408,3.300316095352173,40.32004165649414,1.876608559371515,0.2329278554698122,0.6396781450044108,
ISIC_1830939,0.244,0.08496340262955274,0.0,0.0,0.9554437966193559,4.842868804931641,3.638420820236206,34.447654724121094,2.11943618095811,0.6890648597935971,0.2668142398001408,
ISIC_1831934,0.242,0.0,0.0,0.0,1.5446779488194062,3.2066714763641357,3.121159791946411,52.61214065551758,2.1716630522602283,0.9476055294112462,0.7236471179276596,
ISIC_1836687,0.468,0.0,0.0,0.0,0.9472910878006567,2.308215618133545,3.9493138790130615,16.62217140197754,1.7577594970327413,0.22072752753632913,0.7501494484005439,
ISIC_1845922,0.27,0.0,0.0,0.0,0.60525002733619,2.505129098892212,4.794706344604492,27.298463821411133,1.8944917860162884,0.045863782042307254,0.5732720685766128,
ISIC_1850674,0.287,0.0,0.15,0.12,1.4059133929573482,2.9310035705566406,5.230628967285156,31.539682388305664,2.493712721977452,0.6031854197014308,0.824886762915606,
ISIC_1859522,0.192,0.0,0.0,0.0,0.5748453216805808,1.4667807817459106,4.020201206207275,29.39719009399414,2.0930036785376087,-0.0,0.5748453216805808,
ISIC_1859626,0.57,0.0,0.0,0.12,1.8854630590358865,1.661710500717163,5.540167331695557,52.37256622314453,3.0039371972581206,0.9076904206608535,0.9878209727442262,
ISIC_1860707,0.331,0.0705639158713138,0.0,0.0,0.5001499477499838,3.2503113746643066,3.4808897972106934,29.376102447509766,2.051536316481049,0.03834870279903118,0.4627192746365625,
ISIC_1861788,0.308,0.0,0.15,0.0075521361844492416,1.7986203689102305,6.323368072509766,6.262130260467529,66.02127838134766,2.630540270620386,0.9621823030044592,1.0361452819561312,
ISIC_1867801,0.44,0.10668998992964691,0.0,0.0,1.7098580042828146,3.862307071685791,2.927593946456909,49.25321960449219,2.5740869097803207,0.8503705895579592,0.9299946795989203,
ISIC_1881240,0.303,0.0,0.0,0.0,2.110734820692406,4.009901523590088,7.1756134033203125,51.40281677246094,2.475314027029089,1.0108549156338462,1.206075011601408,
ISIC_1895471,0.326,0.0,0.0,0.0,1.1466532793390862,2.3164069652557373,4.0359978675842285,36.869789123535156,2.287051243600626,0.17268468732589853,0.9985550429594217,
ISIC_1901340,0.12,0.0,0.15,0.0,0.9792773159716184,2.176464080810547,5.97406530380249,32.9010009765625,2.120269416576625,0.014850416805602304,0.9663673949340228,
ISIC_1909053,0.344,0.0,0.0,0.0,1.5027795638835455,3.9633002281188965,4.377364635467529,49.037532806396484,2.6199941064924896,0.9709101035652004,0.6810261698535824,
ISIC_1916169,0.442,0.0,0.0,0.12,1.3364860516286274,4.071225643157959,5.0920329093933105,44.73238754272461,2.718212217266064,0.7272783139081045,0.6749444843570388,
ISIC_1918027,0.385,0.005109555364069584,0.0,0.0,1.1186674312115374,5.157608509063721,3.287288188934326,46.261714935302734,2.2498641564707134,0.8409265953853439,0.2928590321819965,
ISIC_1919749,0.358,0.0,0.15,0.12,1.6919973017917207,4.166203022003174,5.18734884262085,41.102054595947266,2.672429749260367,0.8524251807227035,0.9809701004244353,
ISIC_1923354,0.251,0.0,0.0,0.34311935995632964,1.9210095740393647,4.711141586303711,5.589005947113037,78.98812103271484,2.7857461264738603,0.9620872718440766,0.9611667565401305,
ISIC_1929320,0.179,0.0,0.0,0.0,1.5331266975127473,3.655857801437378,5.396853446960449,24.689029693603516,2.1114219340476117,0.6154570590543915,0.9264299469058628,
ISIC_1936297,0.489,0.03229033575504607,0.0,0.0,1.3918554872458688,4.15093994140625,5.576804161071777,45.606651306152344,2.6116554856956626,0.5060978281610086,0.9070597700683805,
ISIC_1950997,0.48,0.009540530692019744,0.15,0.0,1.9122620008895976,3.0319268703460693,7.1874518394470215,33.097747802734375,2.5895542127499502,0.8611336890907743,1.1032652177215954,
ISIC_1951839,0.289,0.007994028556981532,0.0,0.0,1.0848417147204839,3.1316840648651123,3.341770648956299,47.33201599121094,2.3120911296900655,0.07261039414893597,1.0137345881926327,
ISIC_1956504,0.648,0.011202233504960633,0.0,0.0,1.277064774053263,2.520603895187378,3.648918390274048,11.812529563903809,0.9557837118576565,0.32928373976775493,0.9993854584674607,
ISIC_1957594,0.387,0.0016044562478367335,0.0,0.0,0.24098633402792746,2.980597496032715,3.167691946029663,47.96944808959961,2.739278094053513,0.0844261976973284,0.17271832086728842,
ISIC_1962844,0.383,0.0005038946860106238,0.0,0.0,1.1596095772773498,3.3786349296569824,3.8742315769195557,61.21893310546875,2.6379072091518876,0.44161539952311435,0.7210608294126852,
ISIC_1964200,0.332,0.0,0.0,0.0007128774630473283,1.7720744513452649,3.8162503242492676,3.6378698348999023,61.001468658447266,2.732441205788528,0.9310080187589502,0.8466833600047876,
ISIC_1970706,0.687,0.00010590836278909674,0.0,0.0,0.3406396749313284,2.278667449951172,2.330348253250122,5.074667453765869,1.8739233340475738,-0.0,0.3406396749313284,
ISIC_1970988,0.332,0.0004203474434337132,0.0,0.0,1.8119945027105915,3.220548629760742,3.962130308151245,50.61347198486328,2.514721753743168,0.9768798153799869,0.835944027883208,
ISIC_1973815,0.519,0.0041396749769340045,0.15,0.12,1.6718313455213643,3.398172616958618,4.937459468841553,41.166927337646484,2.796487525102871,0.9914444372845365,0.7589491665118866,
ISIC_1975042,0.371,0.0014272070737962636,0.15,0.0,1.0437153912758932,3.8278560638427734,6.188360691070557,55.67251205444336,2.8177809305109105,0.3795808914339002,0.7153864183109269,
ISIC_1978418,0.598,0.15632504982030623,0.15,0.0,1.7347239412554223,4.489823818206787,7.64243221282959,29.119239807128906,2.441193112006216,0.7203962665432793,1.110427255259478,
ISIC_1991989,0.293,0.0,0.0,0.0,1.5191228759607185,3.2549657821655273,5.593679904937744,39.182735443115234,2.1673446856296112,0.7826115909242601,0.9645634414763142,
ISIC_1994166,0.335,0.0,0.15,0.0,1.5205068235112307,5.7353410720825195,5.945705890655518,52.76390075683594,2.685289627618956,0.9703928039461144,0.8558450672849863,
ISIC_1995421,0.391,0.0,0.15,0.12,1.9983866879457466,5.664161682128906,8.60722827911377,59.00029754638672,3.129102506608979,0.9770240099626656,1.1291367350133448,
ISIC_2000821,0.616,0.0,0.15,0.15672262936722223,1.2044117839655206,4.192405700683594,7.783814907073975,48.03589630126953,3.1214950497215246,0.1293037999895998,1.0824204180587262,
ISIC_2003991,0.123,0.0,0.0,0.0,0.821239731590983,1.7303086519241333,5.700827121734619,19.09796905517578,1.6817761750945894,0.01331238030277447,0.8082397250390354,
ISIC_2005634,0.153,0.0,0.15,0.0,0.8828774982248644,2.5735931396484375,4.669917106628418,34.525115966796875,2.3851064352262648,-0.0,0.8828774982248644,
ISIC_2010889,0.071,0.0,0.0,0.0,1.4074713406968957,1.3172297477722168,4.348607063293457,6.95342493057251,0.7627378796814225,0.8835662489035856,0.5409421694907448,
ISIC_2028814,0.191,0.0,0.0,0.0,1.1386836622075027,2.6134374141693115,4.665175914764404,19.381444931030273,2.298349843158319,0.1570812514764131,0.9829333122768222,
ISIC_2030005,0.468,0.0,0.0,0.12,1.2837148637005011,4.041801929473877,4.628107070922852,54.272029876708984,2.9336480203025905,0.892647588111579,0.45109371011249666,
ISIC_2030042,0.336,0.0,0.0,0.0,1.687366333773201,3.0203590393066406,6.382480621337891,75.12151336669922,2.4194405755292525,0.999649251476842,1.14829362273615,
ISIC_2030748,0.314,0.0,0.0,0.12,0.6148969553996121,3.4665908813476562,4.2251739501953125,45.11117172241211,2.871381103138883,0.3085016881297791,0.31099842911169207,
ISIC_2033980,0.1,0.0,0.0,0.0,0.7806781716856843,0.952745258808136,5.615645885467529,17.87311363220215,1.2159387986228454,0.02146116914953627,0.7597348566553506,
ISIC_2036689,0.398,0.0,0.0,0.12,0.6184531333824432,2.988818645477295,3.030792236328125,34.1859016418457,2.7003015048245778,0.37688813350897493,0.25956818475281235,
ISIC_2041385,0.442,0.00013592323735170562,0.0,0.12,1.0636343855706767,5.088991165161133,4.945366382598877,39.507728576660156,2.781598132224369,0.3570469163542349,0.7470824074817946,
ISIC_2056374,0.385,0.0,0.0,0.12,0.08455044927875821,2.069849967956543,3.061143159866333,45.104549407958984,2.791072269333658,0.010956692469578923,0.073605984627371,
ISIC_2056422,0.391,0.2293323569893348,0.0,0.0,1.3125071672069673,4.400239944458008,6.156441688537598,25.102994918823242,1.6374504478660465,0.6362162414983881,0.9275092381137549,
ISIC_2060077,0.501,0.0,0.0,0.0,0.9472056463436116,2.528986930847168,3.517090320587158,44.69453430175781,2.5823168678586397,0.7504482948408702,0.20290132511539583,
ISIC_2061756,0.337,0.0,0.0,0.12,1.8321192858765503,4.307058811187744,8.16894817352295,34.31861114501953,2.474025645220114,0.5197428585769152,1.3307546825439374,
ISIC_2062505,0.321,0.0,0.0,0.5538140731422614,1.797619382640799,6.654383659362793,5.777362823486328,94.67662048339844,3.1042701673541413,0.9904437322204809,0.9096027463665759,
ISIC_2071418,0.283,0.0,0.0,0.0,0.5562954232335191,1.5047715902328491,3.9335453510284424,4.464282035827637,1.5760560624392193,0.010521220130896037,0.5484947567000298,
ISIC_2072219,0.376,0.17128877083767935,0.0,0.0,1.3358892151935915,5.141805171966553,4.591644763946533,28.27342414855957,1.877769209942621,0.9577930420077325,0.6186756453036367,
ISIC_2078543,0.079,0.0,0.0,0.0,0.7133485770185019,1.4869019985198975,3.8789796829223633,18.85631561279297,1.1762636233174655,-0.0,0.7133485770185019,
ISIC_2080318,0.643,0.24774909465430744,0.0,0.0,1.5071278959685934,7.165052890777588,3.6602957248687744,35.953155517578125,2.370660154745017,1.1811365310325725,0.3357407946702654,
ISIC_2086525,0.21,0.0,0.0,0.0,0.3865913692161556,2.131680727005005,4.7436113357543945,36.410675048828125,2.216586888879741,-0.0,0.3865913692161556,
ISIC_2093167,0.247,0.05091692853843855,0.0,0.0,1.892472076269551,3.1439154148101807,3.4367220401763916,27.590984344482422,1.8013282980637095,0.9877541318974159,0.9096761908827428,
ISIC_2098382,0.35,0.0,0.0,0.0,1.396827593489438,3.6233508586883545,3.0670974254608154,54.2949104309082,2.630338497433039,0.853109516164817,0.5438125172735666,
ISIC_2101624,0.573,0.006674982766885345,0.0,0.12,1.6753655506576712,3.6526224613189697,4.725368499755859,34.422908782958984,2.562693753388663,0.9787325768521885,0.7068331568483787,
ISIC_2102374,0.372,0.0,0.0,0.0,0.08335577503202259,3.4584202766418457,3.2740490436553955,42.63984298706055,2.563535428579997,0.014480418851363832,0.06888940928377693,
ISIC_2106139,0.344,0.0,0.0,0.3868018453858343,1.8124718525823988,3.481377124786377,5.255985260009766,78.61042022705078,2.949223040279556,0.8217246726189511,0.9999693298349506,
ISIC_2119364,0.335,0.0,0.0017577588574567427,0.2757484207635265,1.288082585988601,3.033381938934326,3.969050407409668,59.207603454589844,2.9681599519415633,0.3364713431920017,0.9701416250243635,
ISIC_2128019,0.17,0.0,0.008838563835203551,0.9027045190721544,0.8409284801658485,4.1547112464904785,3.9622066020965576,123.01461029052734,2.33145039305336,0.5556543688250948,0.31497067575039595,
ISIC_2128061,0.334,0.0,0.0,0.0,0.9924886050488813,1.7515254020690918,3.6950485706329346,18.37491226196289,2.173960453661756,0.0721593391615493,0.9248186019957713,
ISIC_2138419,0.416,0.014518773364063252,0.0,0.0,1.460367523932231,4.773271560668945,4.036449432373047,54.35238265991211,2.6889604856012417,0.6360897289688043,0.9451132953336021,
ISIC_2139387,0.398,0.0,0.0,0.0,1.6618229597127203,3.4592995643615723,3.0884315967559814,30.174625396728516,2.2495432883798094,0.9951541140902634,0.7895038884469345,
ISIC_2144690,0.544,0.013953574675746386,0.0,0.12,0.18910106031414248,3.119920253753662,3.135934591293335,35.80051803588867,2.4660572400582463,0.1376499513311316,0.05234117973658084,
ISIC_2149878,0.424,0.4273929849848419,0.0,0.0,1.6556781495399409,4.990114212036133,6.072018623352051,28.203224182128906,2.342487784304089,0.8649413863073396,0.8928156382931268,
ISIC_2153686,0.732,0.026382758596584434,0.0,0.0,1.5048678810922076,3.8833000659942627,4.802735805511475,10.626121520996094,1.519746982712381,0.8671419501004308,0.7324964082921436,
ISIC_2161394,0.497,0.0,0.15,0.12,2.094756318574336,5.726895332336426,9.6585693359375,55.47019958496094,3.0514187886991047,0.8679630513392098,1.4557479361893715,
ISIC_2162606,0.653,0.13586509459829998,0.15,0.12,2.3250699234822894,5.663815975189209,10.281944274902344,58.90158462524414,2.7416989923900195,1.101497352297075,1.3499117644945164,
ISIC_2166645,0.172,0.02875579071564785,0.0,0.0,2.058990456762891,4.040336608886719,8.137933731079102,24.14895248413086,1.6620669972205886,0.9636512034021514,1.1306148364283084,
ISIC_2170617,0.488,0.13466611462707753,0.0,0.0,1.417115009723461,3.438720464706421,3.1065263748168945,16.466876983642578,1.3008712782863503,0.9928265857437477,0.43621825840463585,
ISIC_2174727,0.313,0.005764299489266112,0.0,0.0,1.621344936821529,3.1186041831970215,5.138795375823975,28.760221481323242,1.9218232522314465,0.8460044401211029,0.8047776230189663,
ISIC_2175735,0.4,0.0,0.15,0.20447797127036355,2.267152941162027,5.51386022567749,7.622227191925049,66.82088470458984,3.2486191507659488,0.9981787471788522,1.279585241537832,
ISIC_2178421,0.336,0.0,0.0,0.0,1.5702298945990851,3.2951011657714844,5.509922981262207,36.095558166503906,2.3258934751491926,0.8107814737591432,0.7763369111928652,
ISIC_2179705,0.22,0.0,0.0,0.01049241292293389,1.373023809141191,3.1367380619049072,5.212635040283203,64.58639526367188,2.433957393184552,0.4535417109683235,0.9229623163806528,
ISIC_2187659,0.252,0.005775723093457599,0.0,0.0,0.34536209125531936,4.019082546234131,4.019878387451172,30.750438690185547,2.2851357316026797,0.11931258014315853,0.2266475737340951,
ISIC_2195258,0.346,0.0,0.0,0.0,1.397402756787263,1.9915975332260132,5.072919845581055,26.701784133911133,1.9360057553760741,0.41941732021539474,0.9793855720656454,
ISIC_2195775,0.316,0.0006421821962631113,0.15,0.059366176365656505,2.1417795272399545,4.599937915802002,8.263422966003418,80.09837341308594,2.845776158928231,0.946416178874645,1.3470963924767023,
ISIC_2198823,0.506,0.0,0.15,0.12,1.0826117912675244,2.766299247741699,7.556554317474365,40.484188079833984,2.677887782990732,0.007253510386699583,1.0753773607510486,
ISIC_2199969,0.346,0.013180698064203675,0.15,0.12,2.1573083460116123,5.293052673339844,5.798745155334473,47.1571044921875,2.876641049007654,1.0799205222899886,1.1010082136572703,
ISIC_2201020,0.405,0.0,0.0,0.12,1.269119467260675,3.2169857025146484,3.7562546730041504,37.720184326171875,2.6164594562203405,0.8963718909409611,0.3884200654322916,
ISIC_2205187,0.271,0.0,0.0,0.0,1.5129759311525681,4.649142742156982,4.740486145019531,46.43620300292969,2.1794612673951566,0.7366024034971383,0.792807321933884,
ISIC_2205902,0.321,0.0,0.0,0.0,0.13688468960195405,1.2664259672164917,3.3836028575897217,11.725753784179688,0.9076585194658205,-0.0,0.13688468960195405,
ISIC_2212095,0.227,0.0,0.0,0.5949387755102041,1.8472882721933326,2.552851438522339,1.711510419845581,78.98258972167969,2.3571101309958538,0.8851233479798637,0.9691686336805818,
ISIC_2220505,0.269,0.0,0.0,0.0,0.5521924492245585,1.742138147354126,3.646923542022705,10.570195198059082,1.0108404022807427,0.0029740649611595445,0.549261248170125,
ISIC_2222084,1.217,0.00046537602382725244,9.307520476545048e-05,0.009284251675353686,1.660700006103194,2.952167510986328,6.89966344833374,15.399334907531738,2.16252744309841,0.5774412019583647,1.0917288943772898,
ISIC_2230091,0.378,0.4532882001223749,0.0,0.0,1.5431253646362426,3.2950003147125244,2.786663770675659,12.060470581054688,1.0865903528913896,0.9995116687058039,0.6024817772854438,
ISIC_2237022,0.4,0.0,0.0,0.0,1.2325550466935253,1.6298208236694336,4.5634894371032715,66.32894134521484,2.5902882886321468,0.42612482541994556,0.8159184194476332,
ISIC_2238901,0.234,0.0,0.0,0.0,0.712431205985966,3.447819471359253,4.099379539489746,43.98206329345703,2.377387354681016,0.47100136896457134,0.24528902701216476,
ISIC_2242712,0.341,0.05293669047698623,0.0,0.0,0.8693167675064282,4.198974132537842,5.48353910446167,47.2414665222168,2.372645745468896,0.23356474156535134,0.6358454111023379,
ISIC_2243756,0.981,0.0,0.005849457239369827,0.12,1.1126217266552059,2.0120620727539062,7.345992088317871,5.18238639831543,2.609094906954892,0.012882081440132429,1.1000742483683221,
ISIC_2244719,0.104,0.0,0.0,0.0,0.669546418135237,1.9227116107940674,2.7564148902893066,8.093165397644043,0.550810618920231,-0.0,0.669546418135237,
ISIC_2263660,0.263,0.1639513900281413,0.0,0.0,1.5990293840197243,3.220669746398926,5.945436477661133,28.91227149963379,1.963938741493267,0.9768560518144649,0.8495584010945955,
ISIC_2266450,0.338,0.0022983034712542073,0.0,0.0,1.5812644411883623,3.1238391399383545,3.7691144943237305,53.39479446411133,2.4814858521696674,0.8370687980522388,0.8980631667073807,
ISIC_2267276,0.347,0.17738934586760674,0.0,0.0,0.40891248673486796,3.252941370010376,4.050518035888672,34.576786041259766,2.335972991650205,0.20816257453875814,0.21130604674759298,
ISIC_2267440,0.288,0.0,0.0,0.011428417406773493,1.240877394425751,5.1823530197143555,3.7719693183898926,59.78626251220703,2.624978770096538,0.8941153440000384,0.5906915093633851,
ISIC_2274046,0.431,0.0,0.0,0.12,0.3135799956767823,1.868773102760315,4.073986053466797,50.30685806274414,2.8260195207787175,0.022293970155890148,0.2926895147135831,
ISIC_2277806,0.239,0.0,0.15,0.0,1.5792400824952029,1.9016940593719482,6.517971038818359,29.644851684570312,2.2553137881323853,0.8610597423887048,0.8286780800247883,
ISIC_2285264,0.243,0.004946575125527495,0.0,0.0,1.40825578365135,2.415684700012207,4.225217819213867,37.64165115356445,1.9222848238894683,0.5049204743483955,0.9926630472936537,
ISIC_2304241,0.264,0.0,0.0,0.0,0.9577520839071956,2.2395167350769043,4.1911492347717285,34.66285705566406,1.7319254550747278,0.30274474721239975,0.6580596019068886,
ISIC_2305541,0.239,0.0,0.15,0.20939580050805492,1.3829916349816809,4.545577049255371,6.2298359870910645,91.47480010986328,2.683950539754347,0.6923489522354689,0.7730467540121381,
ISIC_2310935,0.615,7.461409152954498e-05,0.15,0.12,1.8890639626173678,3.2597267627716064,7.238436698913574,30.742029190063477,2.9296535290358405,0.809246624354852,1.1548438774532261,
ISIC_2335013,0.638,0.0,0.15,0.12,2.1273555859075826,5.734638690948486,6.759294509887695,41.92124938964844,3.000896592153801,1.0217313489714137,1.1256457663294122,
ISIC_2337998,0.287,0.0,0.0,0.0024963538310212663,1.5223275619297147,5.762082099914551,5.285919666290283,69.4948501586914,2.5608440848621443,0.7628528907019219,0.9087772467588122,
ISIC_2340945,0.235,0.0,0.0,0.6621922599739907,1.1938924789494434,6.220139026641846,7.242125511169434,104.53844451904297,2.1912606352647446,0.5869310543375741,0.69892796499973,
ISIC_2342769,0.55,0.07387950169158197,0.0,0.0,1.389157677830028,4.402780055999756,4.594631195068359,8.620838165283203,1.3538835710196044,0.49059438750271467,0.9224460652753859,
ISIC_2347774,0.37,0.009690766611248897,0.0,0.0,1.6395103261939352,4.576944351196289,7.810553073883057,33.386112213134766,1.9848420604617258,0.3882431046714317,1.2724115208420257,
ISIC_2352598,0.35,0.0,0.15,0.0,1.723025312253651,6.184016704559326,7.7370195388793945,64.67736053466797,2.571748219353191,1.0048222766542112,0.8828370107418233,
ISIC_2358324,0.201,0.0,0.15,0.12,1.33208147515868,3.8674049377441406,6.420266628265381,51.78539276123047,2.8454536316109835,0.21094065624326067,1.1593980182135417,
ISIC_2374466,0.656,0.01078362520106024,0.0,0.12,1.3941308332349949,2.6930596828460693,5.520316123962402,33.192440032958984,2.9951441720959098,0.5867406396314191,0.8824746680814348,
ISIC_2377804,0.412,0.0,0.0,0.0029448594782734445,1.9168860801566239,3.4104371070861816,5.250852584838867,62.83625793457031,2.828972068329821,0.8370494488180116,1.139050541201668,
ISIC_2381635,0.27,0.0,0.15,0.12,1.0006681098849501,4.549417018890381,5.883387088775635,54.104515075683594,2.8936457469476915,0.27081009685867496,0.7543940253216259,
ISIC_2382511,0.32,0.0,0.15,0.12,1.6564907570119285,2.856839418411255,5.6023406982421875,66.21870422363281,2.957960694471708,0.886384039573025,0.9138124609450119,
ISIC_2385847,0.39,0.0,0.15,0.0,0.9442165869117107,3.5592684745788574,5.286375045776367,68.83226013183594,2.9514232220813525,0.500739817687936,0.45909940663108384,
ISIC_2397373,0.474,0.0003300207500546597,0.0,0.12,0.4348166505641143,2.5063693523406982,4.036898136138916,30.212142944335938,2.3529122990701614,0.1661418772005057,0.26936026931300194,
ISIC_2402187,0.529,0.0,0.15,0.12,1.428078387096852,3.5757253170013428,6.279857635498047,53.46576690673828,3.0931235857283563,0.28442384327336223,1.1706093849830992,
ISIC_2409179,0.18,0.5084644262541603,0.0,0.0,1.808094436462973,3.2716405391693115,3.817209482192993,11.439757347106934,1.0439624495758406,0.9075376100865802,0.9855411098189126,
ISIC_2410708,0.261,0.1828151036137757,0.0,0.0,1.7699843264752333,4.1280741691589355,4.054433345794678,40.941585540771484,2.1391772111138314,1.002984731228663,0.813661800310624,
ISIC_2410902,0.28,0.0,0.0,0.6029866309164712,1.3537736197820804,4.94880485534668,6.620738506317139,83.82176208496094,2.874646169470328,0.4850051942378232,0.9218459843152966,
ISIC_2415589,0.247,0.0,0.15,0.7539759570721426,2.1088130177308018,8.301097869873047,8.853277206420898,129.87322998046875,3.1888637405050893,1.020749961293443,1.3951930304407338,
ISIC_2418276,0.296,0.0,0.0,0.0,0.5436413905478413,1.7568576335906982,3.688908338546753,31.934574127197266,1.925715248558017,0.01565574306432994,0.5282502492449945,
ISIC_2427256,0.333,0.0,0.15,0.32848826566104056,1.737676901098491,3.211151123046875,6.678036689758301,72.75469970703125,3.0135583808711437,0.6306992276160344,1.112903771891422,
ISIC_2427899,0.432,0.004141236612281505,0.0002647035149811667,0.12,1.5935573993553498,4.344010829925537,5.2912278175354,51.630767822265625,2.7029151649475707,0.8992449155063265,0.7376095016194575,
ISIC_2431690,0.459,0.0,0.0,0.12,1.2936875708750588,2.1593737602233887,4.320571422576904,49.93981170654297,2.947116515831971,0.6399165329399743,0.6541044336618781,
ISIC_2433965,0.334,0.0,0.0,0.0,1.8905981319146394,3.363107681274414,4.559896469116211,41.11085891723633,2.5514354001528003,0.9835315120209942,0.9589526634957453,
ISIC_2437084,0.658,0.0030393285047045286,0.0007581398497258512,0.0,1.5350257972065444,2.93670916557312,5.4462890625,10.382955551147461,2.0806644332892406,0.5498921024162587,0.9998146850769787,
ISIC_2437633,0.71,0.18929521241300967,0.0006157668154769804,0.12,2.094227768908216,9.825241088867188,5.310634136199951,37.018192291259766,2.6302948411262244,1.5469103732667546,0.7381014024915715,
ISIC_2450662,0.342,0.11263205665375563,0.0,0.0,1.63734637476121,3.4824745655059814,5.361283302307129,29.934473037719727,2.188940154929711,0.8353759782871597,0.8021307695686742,
ISIC_2454082,0.316,0.0,0.15,0.0,1.0856871060003974,4.173163890838623,6.757985591888428,38.093658447265625,2.1777453303810015,0.3766936802204896,0.7319908760581832,
ISIC_2459668,0.275,0.0,0.15,0.41873852142211015,1.3808836236586985,6.2080979347229,4.960332870483398,72.20429229736328,2.890641771768948,0.9796925711809952,0.5602433085232303,
ISIC_2464882,0.346,0.0,0.15,0.0,1.080875633950937,1.6106979846954346,6.176408290863037,31.526355743408203,2.212369951867396,0.028641094612059565,1.0535256127250583,
ISIC_2466295,0.452,0.014038568943378335,0.0,0.0,1.651998131187151,3.7073073387145996,4.866837501525879,39.9691276550293,2.401039231300917,0.9977903221870172,1.003250693624492,
ISIC_2471885,0.293,0.0,0.15,0.27244619952857624,2.006692602894684,2.8400092124938965,7.055480003356934,70.72064971923828,2.84618000305544,0.9490653753368883,1.2428156651805473,
ISIC_2474406,0.198,0.07301868622710322,0.0,0.0,0.8687744160367664,3.634617328643799,2.962397575378418,6.80068826675415,1.3952860557884728,0.6214115220383778,0.24783179776226613,
ISIC_2479346,0.384,0.0,0.0,0.0,1.0356041326678875,3.275426149368286,3.520531177520752,62.13566589355469,2.5931993194800214,0.8816411797054016,0.15554951017307883,
ISIC_2492245,0.274,0.0014854395972808204,0.0,0.0,1.1194575009986907,3.5182604789733887,2.654881715774536,36.634254455566406,1.9825943161104185,0.8136848773733909,0.6176797279202326,
ISIC_2496140,0.26,0.0,0.15,0.3504427637068339,1.2514773092928237,3.794857978820801,8.804611206054688,77.45821380615234,2.9249736296533864,0.11055056502249537,1.1564147580899642,
ISIC_2504585,0.369,2.7247693454366075e-05,0.0,0.0,1.1868841376863783,2.8472957611083984,7.56561803817749,23.958351135253906,1.9019967957772166,0.024471123024737744,1.162864767446398,
ISIC_2509046,0.328,0.0,0.007136012150507175,0.0,0.9981064444981219,1.6685032844543457,4.076664924621582,47.88160705566406,2.397197002454222,-0.0,0.9981064444981219,
ISIC_2512593,0.396,0.0,0.15,0.3535683287733767,1.0858999488813343,2.674769639968872,10.47949504852295,89.36495208740234,3.2115657744330455,0.0009709636926584753,1.0849825707576677,
ISIC_2513018,0.346,0.00011556232420597334,0.0,0.0,1.617981589137161,2.728066921234131,5.366329193115234,20.148773193359375,1.864633727272123,0.7927787774326955,0.8258745107488197,
ISIC_2529848,0.444,0.0033072321385146635,0.15,0.12,1.7970015823216756,3.1053318977355957,6.28681755065918,30.38363265991211,2.5026562013016163,0.9993722587246299,0.9854346650850472,
ISIC_2530060,0.098,0.0,0.0,0.0,0.7666479389119022,1.6204029321670532,5.510828971862793,30.464006423950195,1.792756692267726,0.10561071214692318,0.6617448961770207,
ISIC_2538384,0.29,0.001701584600659364,0.15,0.0002617822462552868,1.2139052647722803,6.2572526931762695,5.048678874969482,77.34272003173828,2.590024922433397,0.7835838785463193,0.5718851491450543,
ISIC_2546925,0.235,0.0,0.0,0.57007812717213,1.529663705490784,2.7647595405578613,6.886331081390381,90.30169677734375,2.6775564644722936,0.512420423553671,1.0235853474362213,
ISIC_2548833,0.4,0.0,0.0,0.0,0.046401259628657286,2.884143114089966,3.0510470867156982,49.54818344116211,2.7443356582033966,0.014589670177686118,0.03181729385082996,
ISIC_2559263,0.149,0.0,0.0,0.0,0.8158771215725893,3.0183920860290527,4.411818981170654,52.02218246459961,2.715387563135429,0.10483015936918987,0.7341118691902218,
ISIC_2563568,0.586,0.0003131690011621506,0.0,0.12,1.4040078810958803,3.7487385272979736,4.667524337768555,49.772457122802734,2.810322146829793,0.9884414094897616,0.4169125283172681,
ISIC_2563948,0.405,0.000730888082762327,0.0,0.12,1.3129381569408864,4.185216426849365,5.114987850189209,35.79631042480469,2.752299334717511,0.654484853811367,0.6733538630707845,
ISIC_2573194,0.389,0.01175420455851031,0.15,0.12,2.860956178688692,10.3181791305542,10.124881744384766,46.89311981201172,3.0348053843174796,1.4950877806597478,1.5038658112883017,
ISIC_2573712,0.271,0.18642396801343727,0.0,0.0,0.8651901719721911,4.298888683319092,3.7811145782470703,25.914257049560547,1.6525519427398498,0.7080982952846618,0.193823241049964,
ISIC_2586707,0.732,0.018110753073159087,0.01151688745673708,0.12,2.1405190820618363,6.346019744873047,8.26242733001709,40.70249938964844,3.6501563357993922,0.9894765204072663,1.2192545198011686,
ISIC_2586728,0.629,0.016462601527457873,0.15,0.012316644441750514,2.157393669090976,5.228535175323486,11.510266304016113,28.15854263305664,2.6287610839726763,0.6183992942681952,1.6143228611428542,
ISIC_2588440,0.343,0.0,0.0,0.0,1.4361186525408813,2.464207649230957,2.715805768966675,19.924894332885742,1.7764819808169332,0.7134639822803863,0.737631270715603,
ISIC_2591258,0.32,0.00023743975768310136,0.0,0.03344691937957633,1.4951214843169276,3.891692876815796,4.133334159851074,76.84542083740234,2.8046649429533086,0.7602946760924562,0.8022204639553163,
ISIC_2598537,0.185,0.0,0.0,0.061510090569741674,1.8734719180773742,6.387205123901367,3.74536395072937,87.7529525756836,2.2396038119018336,1.0559899008848324,0.893418622920157,
ISIC_2602794,0.529,0.00033521074629784173,0.15,0.12,1.8144254424761423,4.496910095214844,8.713973999023438,29.045101165771484,2.623757579739742,0.5191531190948113,1.3648992099299826,
ISIC_2604782,0.309,0.0,0.15,0.30196194754015,1.6483071171019865,3.452300786972046,5.7275214195251465,78.20162963867188,3.0413230160823734,0.7941046296841743,0.9140777602131721,
ISIC_2605163,0.355,0.0,0.0,0.0,1.1465524695977212,3.4886748790740967,4.505641460418701,46.20465087890625,2.5923678125558665,0.6309487406716624,0.5515872921756182,
ISIC_2609984,0.283,0.09937168731791218,0.0,0.0,0.5221105859601133,4.721968650817871,3.066622495651245,31.47052001953125,1.9153503082686187,0.4632427809685639,0.08940196713778938,
ISIC_2614015,0.278,0.0,0.0,0.0,0.49704142338157997,2.4785611629486084,3.2152023315429688,46.60514450073242,2.181504802988558,-0.0,0.49704142338157997,
ISIC_2620132,0.361,0.0,0.15,0.0,2.2471788109996114,3.2824654579162598,7.777450084686279,37.22489929199219,2.2866166537050736,0.9929563182786264,1.25565686205605,
ISIC_2621421,0.316,0.0,0.15,0.0,1.1821339967412148,4.51488733291626,5.575229644775391,59.86930847167969,2.6528353516516634,0.586819094457699,0.6808468960313929,
ISIC_2625894,0.443,0.0,0.0,0.12,1.665323189935679,3.100085496902466,4.620998859405518,53.675994873046875,2.9085511844310012,0.8549857894423787,0.984031444721324,
ISIC_2626164,0.429,0.0,0.15,0.29965849546123524,1.9334208612399193,3.7674474716186523,8.192950248718262,95.52548217773438,3.5250778216315606,0.9937692953542312,1.0773321197312389,
ISIC_2631078,0.524,0.03743134387996438,0.15,0.12,2.0335223806293485,4.631071090698242,6.495666980743408,18.938135147094727,2.9773985446806988,1.0092740933961903,1.046035254797302,
ISIC_2631859,0.262,0.0,0.15,0.008168699439248119,2.353972701754988,4.79451847076416,11.437104225158691,49.77243423461914,2.4816517858214406,0.9011375468524305,1.6470874715565598,
ISIC_2641217,0.393,0.000835880155682679,0.0,0.12,0.9838401581232399,4.031384468078613,3.5801608562469482,43.05692672729492,2.5467943275995024,0.8068285572307277,0.18630473469331166,
ISIC_2647453,0.568,0.0009028039294416332,0.15,0.12,1.9577993411145416,6.866974353790283,8.964695930480957,49.44199752807617,2.7235927425297533,0.9654309711340583,1.3699980112618844,
ISIC_2663597,0.4,0.012037370607872806,0.0,0.0,1.4867469578366466,2.9958114624023438,4.629925727844238,43.45365905761719,2.682642420451302,0.9728808068040325,0.5159625218875542,
ISIC_2668481,0.3,0.006582651040313789,0.0,0.0,1.9082581417799949,2.245213747024536,6.421164512634277,19.484840393066406,1.7788963529440078,0.9721507547762869,0.9802719793294017,
ISIC_2673443,0.391,0.0,0.0,0.0,0.2551152519428421,2.85050892829895,3.3656539916992188,42.299678802490234,2.514525087827014,0.07942650156064045,0.1766090251570353,
ISIC_2683683,0.608,0.03316859829433632,0.0036387491799693855,0.12,1.3845222365727121,5.127535343170166,6.022640228271484,16.68475341796875,2.785439925873704,0.5545724282303859,0.8589742310801363,
ISIC_2685593,0.515,0.016668930767900807,0.15,0.12,2.169490188676632,4.957187175750732,8.102696418762207,28.421733856201172,2.5936306084634775,0.9098983566511484,1.2656321908660964,
ISIC_2687175,0.369,0.0,0.0,0.0,1.0796584981981072,3.446336030960083,3.723223924636841,62.692684173583984,2.8287759356387117,0.8990530194124544,0.20422639277094576,
ISIC_2691236,0.409,0.0010169668962319882,0.0,0.0,0.8792110695085285,2.325958251953125,3.540254592895508,65.30115509033203,2.6640384101436076,0.009997227825901478,0.8693435616394993,
ISIC_2693316,0.649,0.09075750357313006,0.0,0.12,1.3326362694198353,3.322537422180176,6.114257335662842,42.527069091796875,2.9605506629766736,0.3173086073091837,1.0154337711861696,
ISIC_2694332,0.461,0.0,0.0,0.12,1.7295948207412195,4.844018459320068,4.674168109893799,56.516441345214844,2.910123437229561,0.9478923571782956,0.7957957944294128,
ISIC_2701902,0.263,0.0,0.0,0.6459848891457826,1.6029239570842333,4.989530563354492,7.042389869689941,99.90409088134766,2.8254145849744,0.7455292965469543,1.0378016338907567,
ISIC_2702619,0.486,0.00022912350711714894,0.0,0.12,1.300267860763254,3.7133548259735107,3.5063908100128174,40.130672454833984,2.636524803515334,0.9988277628810167,0.3121220933099196,
ISIC_2710427,0.306,0.0,0.15,0.0,1.9699954194471985,5.872291088104248,7.169329643249512,49.46174240112305,2.6124666577870306,0.8603903507574467,1.1829478780398874,
ISIC_2712088,0.135,0.0,0.0,0.0,0.9865633381692811,1.1197490692138672,4.531390190124512,15.613320350646973,1.4808520410304502,0.20055731952405043,0.7886069151189887,
ISIC_2713587,0.303,0.0,0.0,0.021855711828392188,1.8266194762906847,3.7486085891723633,4.153692245483398,57.19122314453125,2.7408786408982637,0.9738780836302703,0.9469899970296178,
ISIC_2717192,0.483,0.03598290930613338,0.0,0.0,0.9472854084247407,3.7867767810821533,3.209914445877075,48.108734130859375,2.739675412315252,0.7802081525850032,0.16814060092937183,
ISIC_2721975,0.453,0.0,0.15,0.12,1.3552095396666828,2.5993213653564453,7.82767915725708,88.94802856445312,3.1832689616704366,0.09063833310036828,1.2723310673352528,
ISIC_2728309,0.538,0.02054268199997957,0.0,0.001836056276086148,1.660819758490378,4.660629749298096,7.810626029968262,33.32443618774414,2.3030513828684054,0.42596482846556166,1.2613670578949285,
ISIC_2738630,0.482,0.013209027843174185,0.0,0.12,1.367749522771306,3.684596300125122,3.5215697288513184,48.59392166137695,2.648216109239949,0.8714654374909447,0.5036015966006366,
ISIC_2741716,0.285,0.0,0.0,0.0,1.8256275476956934,1.9894145727157593,4.398568153381348,28.27808952331543,1.880286594793152,0.9788239313048632,0.8567242536033626,
ISIC_2745537,0.268,0.0,0.0,0.0,1.2995212238680078,3.096118927001953,6.215523719787598,29.91779136657715,2.0568581368894243,0.45730939040650714,0.857127624933405,
ISIC_2747022,0.383,0.0,0.0,0.12,1.368881631082679,4.337374210357666,5.365781784057617,35.2074089050293,2.40251756654853,0.6662453275915043,0.8801136110185513,
ISIC_2752768,0.761,0.018543282517607205,0.0,0.12,2.016314882950369,3.3749160766601562,6.016808986663818,5.103601932525635,2.7520749561244084,0.9846759341986203,1.1241800847117709,
ISIC_2752919,0.387,0.0,0.0,0.0,1.4769500761550014,2.263148307800293,2.3580386638641357,59.344154357910156,2.5459644239054624,0.6774048942800117,0.8693566471566684,
ISIC_2753382,0.237,0.004363001745200698,0.0,0.0,0.2602643227526191,3.7454419136047363,2.3664474487304688,18.46339225769043,1.762605937490732,0.2602643227526191,-0.0,
ISIC_2756237,0.416,0.007375376645345456,0.0,0.0,1.3418733802445626,2.539762020111084,4.332497596740723,26.725624084472656,1.3896390717373304,0.6228776737704725,0.7198402621165172,
ISIC_2757332,0.227,0.0,0.0,0.0,1.483735272299599,3.0227980613708496,3.3171331882476807,17.884265899658203,1.4253728875486162,0.5391529861546422,0.9479980246952062,
ISIC_2757370,0.449,0.0,0.0,0.0,1.4863268550258935,2.725233554840088,5.286208629608154,57.774635314941406,2.9342784190088027,0.9898811313390854,0.5021647240249717,
ISIC_2761622,0.384,0.03814077341579926,0.0,0.0,1.769452100269868,2.46651291847229,3.208523750305176,9.127939224243164,0.6270007204952828,0.9181888861753997,0.999958169349469,
ISIC_2765997,0.706,0.0,0.15,0.12,1.8230352770026925,1.991503119468689,8.734542846679688,29.72104835510254,2.9012647606464137,0.6043638379740573,1.426413552547517,
ISIC_2766590,0.571,0.18494026805067112,0.0,0.0,1.035186896284442,3.6332848072052,5.659168243408203,33.441192626953125,2.3887346358270927,0.14706463172645018,0.893420367287421,
ISIC_2783831,0.392,0.0,0.0,0.0,2.0915443016559716,2.921267509460449,7.323655605316162,55.01386642456055,2.6101383262533546,0.8762331897999907,1.2178507171653883,
ISIC_2787702,0.342,0.013402942642744489,0.0,0.0,1.1323956710065108,2.7783124446868896,6.087421417236328,17.506668090820312,1.9026041653742933,0.20962534960650347,0.9602217925482525,
ISIC_2790630,0.544,0.002215197175623601,0.0,0.12,1.2242853383000134,3.9304099082946777,6.128053665161133,54.94566345214844,3.128057695051805,0.2912266368991686,0.9466449849080023,
ISIC_2793180,0.537,0.0,0.0,0.0,0.032126379415005644,2.922024726867676,3.798863172531128,25.462631225585938,2.3750718864449207,0.0005428497498574311,0.03158367090514071,
ISIC_2793989,0.225,0.12319333535672797,0.0,0.0,1.7803028635050806,2.4761128425598145,5.921788215637207,20.848129272460938,1.9228903087104616,0.9946255690014267,0.9154572288798559,
ISIC_2797353,0.776,0.2533522301560793,0.0,0.0,1.1817629987552316,4.430795192718506,3.1594624519348145,20.804153442382812,2.09323140253283,0.6911894340395621,0.5113280909559814,
ISIC_2798950,0.286,0.0,0.0,0.0,1.0400877631784513,2.2406277656555176,4.4873127937316895,76.29730224609375,2.2933950775766316,0.5899154273334545,0.48637739993279505,
ISIC_2803072,0.391,0.0,0.0,0.12,1.156717787498805,3.6740310192108154,3.878970146179199,70.3073959350586,3.0854449482876185,0.1913976029196095,0.9754631772916761,
ISIC_2808223,0.388,0.0,0.0,0.0,1.0760342225819188,3.666320323944092,3.926753282546997,49.968441009521484,2.712471306312673,0.7447073192251104,0.3317155267456544,
ISIC_2822718,0.474,0.0,0.15,0.12,1.1392022184569661,2.7322428226470947,5.125577926635742,41.52888870239258,2.748628065551616,0.135025431580661,1.0052336499006143,
ISIC_2823287,0.582,0.1737291439263995,0.0,0.0,1.2719909230111266,4.158479690551758,4.200714588165283,10.546154022216797,1.4456229592277332,0.9426696853198425,0.3871234916167572,
ISIC_2832798,0.262,0.0,0.0,0.0,1.298196046610014,3.705379009246826,3.941035509109497,53.973663330078125,2.3507893872226826,0.9955037651142982,0.3656210027582959,
ISIC_2839742,0.485,0.00010611929916005795,0.15,0.12,2.3294594796271753,4.641867637634277,9.013711929321289,10.124175071716309,2.7274874989140017,0.9796791542761069,1.3721410141536954,
ISIC_2841861,0.36,0.0,0.0,0.0,1.2868204362910332,2.580212354660034,3.8561625480651855,72.27566528320312,2.7398773092729956,0.9165647456914294,0.40369804417482835,
ISIC_2844539,0.345,0.7127813490101277,0.0,0.0,1.0068798933018155,2.525681734085083,3.8647775650024414,19.486894607543945,1.4712681186873977,0.13901101745488575,0.8685823367904093,
ISIC_2851725,0.331,0.008473151106684087,0.0,0.0,0.9263015273005175,3.5069119930267334,4.394551753997803,43.08704376220703,2.424776292007377,0.5025047898034546,0.438036511052859,
ISIC_2851842,0.378,0.0,0.0,0.0,1.1634141610572504,2.603658437728882,3.5969595909118652,53.51797103881836,2.460373005107547,0.6811159474369934,0.510351124092614,
ISIC_2855242,0.411,0.0,0.0,0.12,1.376758735331272,4.04052734375,4.941323280334473,41.480777740478516,2.614819887909272,0.9005314838695826,0.5395859720998727,
ISIC_2861892,0.294,0.0002342057497511564,0.0,0.0,1.657461628488998,6.264303684234619,3.3586673736572266,37.93806457519531,2.28998214039515,1.0382594240798146,0.6220975072889845,
ISIC_2869606,0.577,0.20208246239998445,0.002061073897276855,0.0012055337889732547,1.8295892428730385,5.789242267608643,4.156594276428223,44.369075775146484,2.6524403110056003,0.8530507877258848,1.0133144274639898,
ISIC_2869677,0.46,0.0,0.0,0.12,1.1892375243799174,1.983750581741333,4.9710211753845215,76.84413146972656,3.1393254481851764,0.41506612262204506,0.7860743480558187,
ISIC_2879057,0.398,0.09231018818948734,0.004483511297268598,0.0,1.5317948500452359,5.169055938720703,7.165743827819824,38.3306999206543,2.3477298140227916,0.6374558866607245,0.969935596693639,
ISIC_2879103,0.594,0.00041911148365465214,0.15,0.12,1.3580372773457343,3.328207015991211,7.230744361877441,42.22517776489258,2.9272385981446636,0.2621127930138974,1.2623473622721957,
ISIC_2880255,0.321,0.11572660210343552,0.0,0.0,1.5500699450481956,4.453747749328613,3.3926358222961426,60.3242301940918,2.518770828171852,0.9947235006081105,0.5571029412204916,
ISIC_2883463,0.638,0.08744389657737209,0.15,0.0,1.6254380644355333,4.329502582550049,5.133081912994385,19.693828582763672,1.916017255448402,0.817884260131182,0.9559802590953195,
ISIC_2884038,0.238,0.006476931317977502,0.0,0.0,0.9880785148311633,2.8996803760528564,3.460313320159912,21.179576873779297,1.6875385613632632,0.3910582153532412,0.6116528486674273,
ISIC_2894216,0.31,0.002275730436059316,0.0,0.0,1.608909925963927,2.9316437244415283,3.580604076385498,33.30720901489258,1.9624702949916852,0.9174369942898732,0.9344150537676887,
ISIC_2899773,0.288,0.0,0.15,0.12,1.052565523594977,3.5129735469818115,6.494382858276367,36.655128479003906,2.6903276494473793,0.17525303416266516,0.8952456187103273,
ISIC_2901680,0.262,0.0,0.15,0.0,1.1594601471988917,2.24552583694458,5.351717948913574,34.72968673706055,2.358697633807184,0.5948595305574803,0.5894735244990053,
ISIC_2916754,0.613,0.01725722774475012,0.0,0.12,1.507613918273404,6.171932220458984,4.882716655731201,46.78008270263672,2.91969098521833,1.0312154224080015,0.5024767005929917,
ISIC_2922381,0.239,0.024970368753608935,0.0,0.0,0.8189360658161906,2.197550058364868,4.459968090057373,9.458971977233887,1.0716425906107538,0.10100695302003973,0.7258045947461553,
ISIC_2925746,0.314,0.0,0.0,0.0,1.5512801218679657,1.824995517730713,4.842422008514404,7.5161237716674805,0.9785427790286816,0.7321393057955627,0.8832314276779994,
ISIC_2926418,0.46,0.0,0.0,0.12,1.2917501865939633,4.159411907196045,4.402393341064453,37.906829833984375,2.539375820112769,0.48379583278349136,0.9121423046829573,
ISIC_2930366,0.489,0.4971156680281275,0.0,0.0,1.9678436415047638,5.262168884277344,4.304175853729248,13.410252571105957,1.7240346941910654,0.9177345742379115,1.0563215618092399,
ISIC_2939439,0.534,0.0,0.15,0.12,0.8517044529761508,2.3074982166290283,5.486957550048828,77.42546081542969,3.0781945766279515,0.06167912498266227,0.7923786824317554,
ISIC_2943089,0.322,0.0,0.0,0.006370231805657373,1.8424156672069376,2.6101298332214355,4.069587707519531,87.74897766113281,2.7774975674013014,0.8500825634301254,1.001370008203887,
ISIC_2944098,0.235,0.0,0.0,0.0,0.9114120868659502,3.1592280864715576,2.7251336574554443,41.171627044677734,2.3397067603469455,0.7625499279363177,0.15077722720953893,
ISIC_2951492,0.658,0.0,0.0,0.12,1.135912749912881,2.2957651615142822,5.439385414123535,18.66327667236328,2.213149110088983,0.21074036504243143,0.9661451382026273,
ISIC_2954389,0.11,0.0,0.0,0.0,1.0702734271548857,1.08445143699646,4.420973777770996,8.897047996520996,0.9791816977699465,-0.0,1.0702734271548857,
ISIC_2957465,0.297,0.0,0.0,0.12,1.8801639365286282,2.5047736167907715,3.484320640563965,41.7360954284668,2.794513607454078,0.9333080739652067,0.946860411079724,
ISIC_2959395,0.676,0.006967440614053557,0.0,0.0,1.0826619871305618,2.7039589881896973,1.86013925075531,8.57284927368164,1.270321000417185,0.1260774771711373,0.9619691577092819,
ISIC_2961262,0.316,0.0,0.15,0.22488160757711506,1.6341148214560517,3.8665006160736084,7.168580532073975,61.36148452758789,2.9340711864644837,0.5896367423663725,1.0548383447037561,
ISIC_2961437,0.352,0.0,0.0,0.0,1.8886423519621969,3.1136465072631836,5.290336608886719,16.116933822631836,1.5586205423559643,0.9920351502255051,0.9643097834613816,
ISIC_2963084,0.224,0.0,0.1962360209364185,0.17187693657104178,2.1479502373625774,3.7932052612304688,7.699822425842285,66.70317840576172,2.6865249082210587,0.9915832035284586,1.1929183620226147,
ISIC_2973607,0.66,0.0,0.0,0.0,0.9919716723085534,1.6422133445739746,2.9463119506835938,7.420943737030029,1.2418140081948124,0.9137124074487726,0.08224835516406587,
ISIC_2979177,0.41,0.7707007204697872,0.0,0.12,2.0745081973291732,6.78059720993042,4.790214538574219,25.951587677001953,2.2725605959633968,1.077766708162431,1.0521016170109745,
ISIC_2988993,0.246,0.0,0.15,0.0,0.5653192421247519,2.9653053283691406,4.962131023406982,34.00320053100586,2.2766802351075883,0.04040964614524269,0.525445187037565,
ISIC_2995868,0.55,0.0017467382032861337,0.26421887124047044,0.12,1.6202773221989817,4.624399185180664,7.6673502922058105,25.452016830444336,3.4767323122521208,0.5911717144808946,1.1370610117495576,
ISIC_2996240,0.401,0.0,0.15,0.42813428335306336,1.46268025789781,2.854072093963623,9.707496643066406,117.44910430908203,3.1582797511644696,0.01873379884604622,1.4472321857846475,
ISIC_2996843,0.299,0.0,0.15,0.2284532291427258,1.6047055107209747,3.459162950515747,6.559585094451904,70.48382568359375,2.858779737362099,0.6424843250786207,1.0430666457860096,
ISIC_3002956,0.558,0.0,0.0,0.12,1.4995406753353044,4.396562099456787,4.035651683807373,49.861270904541016,3.1490133433027583,0.997183819011159,0.5391938047374695,
ISIC_3006001,0.313,0.0006137281049114042,0.0,0.0,1.1929362248383053,4.435343265533447,2.9401843547821045,36.91786575317383,2.0216866985043707,0.896853165809022,0.3683816829430765,
ISIC_3006692,0.296,0.0,0.15,0.0,1.7274547777003346,4.762864589691162,5.914583206176758,56.8974494934082,2.532697019544197,0.9148203001201294,1.0105026255963643,
ISIC_3021712,0.721,0.050631646784117364,0.0,0.0,0.6259642557071116,3.3432250022888184,3.9485249519348145,4.684936046600342,1.1952305043309008,0.1295594458085071,0.5096949693586588,
ISIC_3023646,0.636,0.0955481560243998,0.0,0.0,0.9723423391293147,4.264683246612549,3.1953907012939453,19.032981872558594,1.3940755406473668,0.4341843593589061,0.546025168454916,
ISIC_3025889,0.744,0.1482422176035123,0.0,0.0,1.7703055996426804,4.322735786437988,3.83807373046875,11.371391296386719,1.3349189998794837,1.0009901615086598,0.8969549933947152,
ISIC_3032936,0.188,0.0,0.15,0.8441672940523834,1.7318653253428584,6.370434761047363,8.073525428771973,107.3095474243164,2.7792227356311945,1.0248526274751844,1.1074622329116348,
ISIC_3033732,0.379,0.05666370219794181,0.0,0.0,1.2391910114977087,3.0659945011138916,4.745975017547607,23.33879852294922,1.7769643133939237,0.4163876812319606,0.8510122158007785,
ISIC_3048228,0.364,0.0,0.0,0.12,1.8845668320643694,4.704135894775391,6.2003092765808105,59.40158462524414,2.938029829360744,0.8244294656081692,1.0710191312295443,
ISIC_3060145,0.452,0.0007200282611092485,0.0,0.12,1.544451688280291,4.1634745597839355,5.270394802093506,57.932472229003906,2.9269063562231312,0.9014318323635008,0.6851338964443805,
ISIC_3065175,0.394,0.0,0.0,0.0,1.8325602847923008,3.465952157974243,3.27779221534729,49.036460876464844,2.4822397717618836,0.9345092083701084,1.0099022041866301,
ISIC_3069511,0.375,0.0,0.15,0.12,2.180088352189401,2.5229976177215576,8.02234935760498,64.33248901367188,2.898673298732596,0.9915984242122562,1.271924414012948,
ISIC_3073605,0.448,0.01843970561189997,0.15,0.12,1.3805951225657018,4.524818420410156,5.14165735244751,63.14745330810547,3.1280233029329745,0.7416986050433653,0.6424067034316074,
ISIC_3073821,0.266,0.0,0.4095150960658737,0.04659957304056115,1.8100842417538847,4.436065196990967,10.273602485656738,55.95973205566406,2.724107851209796,0.4681598253581323,1.500200869873874,
ISIC_3085336,0.357,0.0,0.0,0.0,0.7034059112017595,1.846835970878601,3.3039824962615967,36.05345153808594,2.3536051513316973,0.4009785424511451,0.3092728039728375,
ISIC_3090517,0.352,0.018090164070681716,0.0,0.0,1.5871094076279517,6.287823677062988,4.440752983093262,43.04417419433594,2.334962130301972,1.0104332311508686,0.6371626621416397,
ISIC_3093026,0.246,0.0011199298826508252,0.15,0.0,2.129087998587448,7.856373310089111,9.269831657409668,53.41178512573242,2.5372861719056785,1.1330259507101652,1.2226663743245747,
ISIC_3094758,0.536,0.00869529441819123,0.0,0.12,1.5997042583838381,3.4325037002563477,7.155016899108887,17.558622360229492,3.0447423899676673,0.47055491016253553,1.1330641161370059,
ISIC_3106964,0.346,0.0,0.223664779332751,0.12,1.9969954642298577,3.8537397384643555,8.683030128479004,71.63316345214844,2.965340203728451,0.7169649974140633,1.4314184945976822,
ISIC_3112053,0.441,0.0,0.15,0.12,1.3694294208885254,2.101719617843628,8.045951843261719,22.042421340942383,2.467761058895568,0.05788042945805707,1.3187771558910153,
ISIC_3117505,0.294,0.0014993901592055515,0.0,0.0,0.5963176380710954,4.505928993225098,2.780651092529297,48.815162658691406,2.170581222518473,0.4906273025866767,0.12207704991023656,
ISIC_3133338,0.474,0.0,0.15,0.12,1.6776230189469337,2.2070491313934326,6.572840690612793,94.32123565673828,3.33972574575353,0.6817568869470283,1.0533304855369912,
ISIC_3136432,0.293,0.0,0.0,0.03374895810298195,1.3167375726878099,2.8291256427764893,4.981888771057129,72.44831085205078,2.7051716185376846,0.7562928282144,0.7550218737870797,
ISIC_3144222,0.608,0.040225448792375315,0.0,0.12,1.3387188032925048,4.0243401527404785,6.513432502746582,28.509748458862305,2.6476348358682498,0.3411652690986512,1.0137023687770497,
ISIC_3147084,0.411,0.0,0.0,0.0,1.5408918595059726,3.3125407695770264,3.913512945175171,32.57550048828125,2.4937325783238955,0.8325923847424991,0.7101391479948822,
ISIC_3157648,0.411,0.4010077252740102,0.0,0.0,1.303690314390329,5.7659502029418945,4.217037200927734,19.452415466308594,1.8140005854634516,0.8384095821020694,0.48815656118936546,
ISIC_3157754,0.529,0.0,0.15,0.12,0.6159096006585316,2.9648125171661377,5.619940280914307,75.7050552368164,3.301934184971511,0.0021433993805312344,0.6137953468153751,
ISIC_3160291,0.298,0.00043175024908668217,0.15,0.0,1.5349680820215519,5.351606845855713,5.484875202178955,63.783607482910156,2.508040193764476,0.9935156874930293,0.6169813764608331,
ISIC_3162488,0.344,0.0,0.15,0.14825939002763888,1.8164113754474969,4.09667444229126,7.308465003967285,67.62464904785156,3.0391244652148233,0.974973311659677,0.8468509343767318,
ISIC_3164108,0.468,0.005007702276450595,0.15,0.0,2.1659131800667275,6.652990341186523,8.967384338378906,20.61247444152832,2.539367359088108,1.0234493057591383,1.4002756419386915,
ISIC_3166167,0.424,0.0,0.15,0.0,1.010028310762522,1.998466968536377,5.680245876312256,58.614864349365234,2.810522314790588,0.01456783539756046,0.9960018317366397,
ISIC_3174039,0.477,0.019941690962099124,0.0,0.0,0.9420344024845688,4.647305488586426,3.7263314723968506,44.04149627685547,2.5700912838939027,0.4863691511114029,0.5846967467153278,
ISIC_3179153,0.485,0.0,0.0,0.0,0.9458218484905015,1.8160632848739624,4.443177223205566,52.45855712890625,2.616791213980021,0.15864911825250877,0.7932014321937828,
ISIC_3188100,0.155,0.0,0.0,0.0,1.689662029457041,1.4844441413879395,4.529582977294922,21.66040802001953,1.5745408966575511,0.8641774816921304,0.984940263572497,
ISIC_3191687,0.348,0.0,0.0,0.0,1.52633765910837,3.110100269317627,5.421601295471191,35.977848052978516,2.4093410234561747,0.717068710308421,0.8107831481033434,
ISIC_3199142,0.399,0.00011193664385957549,0.0,0.0,1.42394960681425,2.878011465072632,4.100346088409424,59.828678131103516,2.8177326151684485,0.8090752179042523,0.6409280402919042,
ISIC_3203344,0.332,0.04193985561110316,0.0,0.0,1.5968907909130594,4.822996139526367,5.065858364105225,57.25002670288086,2.279564997061286,0.999081643886389,0.6195491260670158,
ISIC_3210830,0.26,0.0,0.0,0.0,1.7852531865344492,2.15556263923645,5.96066951751709,14.089556694030762,1.2712892228126937,0.9965304510939316,0.9958871786207006,
ISIC_3211851,0.28,0.003181167488468268,0.0,0.0,1.1019397750068407,3.5524704456329346,6.211432456970215,27.84147834777832,2.270963102748659,0.12213777995072864,0.9982130948766248,
ISIC_3213484,0.415,0.0,0.0,0.0,1.3545360233371517,2.6030657291412354,3.4871840476989746,39.16567611694336,2.5100666325394485,0.7010447125097634,0.7639850273243187,
ISIC_3222339,0.435,0.0,0.0,0.12,0.598545477946985,3.1256890296936035,4.871711730957031,65.07024383544922,3.0291947530607786,0.003878245155824566,0.5947161685107765,
ISIC_3223440,0.323,0.0,0.0,0.0,1.4743337035282666,4.029366970062256,4.593344688415527,46.52201461791992,2.4928931322782133,0.9619338218582143,0.5316498634511714,
ISIC_3225420,0.269,0.0,0.15,0.032227784730913644,1.8859923567937042,6.2639689445495605,6.981204032897949,54.491050720214844,2.5772808975804686,0.9875957693272861,1.210520161118193,
ISIC_3225894,0.514,0.0,0.0,0.12,0.9531280510138098,2.908287286758423,5.002766132354736,38.03511428833008,2.7027622507966167,0.41915528829088167,0.550017471075856,
ISIC_3235082,0.458,0.0,0.0,0.12,0.5080470064097565,3.989037036895752,2.7266123294830322,4.514057159423828,2.662694597200302,0.5022124860482655,0.006064132865497606,
ISIC_3248418,0.277,0.0,0.00048039392301687384,0.0,1.0363313372598804,2.417538642883301,5.693636894226074,20.74687957763672,1.9875595109879394,0.005488935005918177,1.0314211869555996,
ISIC_3251405,0.439,0.0,0.0,0.12,1.9421952389911628,2.9315736293792725,5.981668949127197,30.910024642944336,2.739382424079917,0.8069368803218683,1.190700094723681,
ISIC_3253484,0.194,0.8506344075186618,0.0,0.0,1.1758845898490906,4.868756294250488,3.6292786598205566,19.13364028930664,1.481057993400405,0.7076915038755658,0.49944750047504227,
ISIC_3259871,0.379,0.7544538651654538,0.0,0.0,0.9765823794217616,5.185494899749756,2.0977120399475098,17.60443687438965,1.6886911583915696,0.7449877017213108,0.25014103058383613,
ISIC_3264605,0.188,0.0,0.0,0.0,0.695947367445308,2.762007236480713,4.347641468048096,34.47322463989258,2.1542510341216135,0.04648995546174593,0.6504714379859318,
ISIC_3267363,0.266,0.0,0.0,0.14206537721977153,1.5905758318054093,5.369807720184326,5.742195129394531,44.532962799072266,2.704928415001328,0.9857399683340395,0.9148145985804553,
ISIC_3268800,0.677,0.1781623648293363,0.0,0.12,0.9554262514988501,2.626883029937744,5.31899356842041,23.989784240722656,2.4088944049229783,0.29802893169940986,0.6639731247648366,
ISIC_3285892,0.354,1.1720438246720109e-05,0.15,0.0024378511553177825,1.5531650909467138,5.218483924865723,5.803032398223877,68.48606872558594,2.848061279316779,0.9560907306540876,0.7075341383346333,
ISIC_3286597,0.194,0.06476765274048246,0.0,0.0,1.1286445147177913,2.4547133445739746,2.4220833778381348,9.77680492401123,0.8063448173889601,0.17679879499698772,0.9700055932404987,
ISIC_3288032,0.296,0.0,0.15,0.00765733429050012,1.7756266421356695,4.777807712554932,5.871685028076172,45.41766357421875,2.6154388183946056,0.7551638651326702,1.0466502198174787,
ISIC_3314382,0.294,0.0,0.0,0.01331263900667232,0.7667857745365321,1.5657235383987427,4.258824825286865,64.62565612792969,2.7097933237701226,0.2608472472518073,0.5071396864937752,
ISIC_3320667,0.673,0.07931894480748886,0.0,0.0,1.4561478629118143,5.219560146331787,3.9017751216888428,13.114166259765625,1.8956207189848666,0.8812995423658238,0.6294578111411376,
ISIC_3323866,0.545,0.0,0.15,0.12,1.1395097269189292,2.4680979251861572,8.713650703430176,35.69316482543945,2.9719793500466536,0.032297922750827025,1.1104498594908723,
ISIC_3326332,0.443,0.0,0.15,0.12,1.3572044037217266,4.21632194519043,5.281007766723633,44.27376937866211,2.940299991526733,0.5486919921423004,0.8320360898388344,
ISIC_3327928,0.258,0.0,0.0,0.0,1.966980906385424,2.9448368549346924,4.232044219970703,24.84757423400879,1.7283699017909757,0.9974440860811089,1.0049886471628153,
ISIC_3331737,0.771,0.0012638196372078264,0.15,0.12,1.5891224065793434,4.200568675994873,10.451437950134277,45.00777053833008,3.1031963750053184,0.5182467924436022,1.1833268668842523,
ISIC_3332716,0.161,0.0,0.0,0.0,1.2435193325235823,2.479339599609375,3.7041175365448,17.78600311279297,1.5111129659151687,0.9728054612243175,0.33271063305881204,
ISIC_3335505,0.304,0.0,0.0,0.0,0.6384875045198044,1.8218384981155396,5.334968566894531,27.544801712036133,1.9054101521958051,0.09250261681007932,0.5473632809842067,
ISIC_3335904,0.359,0.0,0.0,0.0,0.8507789298534671,2.005300283432007,3.862661123275757,41.56098937988281,2.1324921665825314,0.007416212248208478,0.8437926993903903,
ISIC_3336908,0.319,0.0,0.0,0.0,1.843255214443531,4.769155979156494,6.530820369720459,44.634559631347656,2.317889072674467,0.970173431440363,1.1281837644856532,
ISIC_3338629,0.574,0.10684978231823494,0.3854698860479643,0.12,3.1403359194021374,9.427007675170898,22.552614212036133,55.41718292236328,3.33190306162982,1.4669907502343942,2.450049576325533,
ISIC_3339372,0.562,0.0,0.15,0.12,1.6588008704282915,2.988819122314453,5.968903541564941,67.58863830566406,3.1437499859706985,0.9664043125962982,0.9544576090237742,
ISIC_3344295,0.453,0.05571709233791749,0.00047151277013752455,0.12,2.7532147874140955,12.266435623168945,6.508222579956055,29.254091262817383,2.906534549625673,1.7166474100149576,1.1201143237611806,
ISIC_3360186,0.218,0.0,0.0,0.0,2.057917183842661,4.075152397155762,6.823622703552246,56.41200256347656,2.1410710527594063,0.9969516737399038,1.0786593648911733,
ISIC_3360646,0.205,0.0007564398697842796,0.0,0.0,1.501172261115186,3.43943452835083,5.463630199432373,34.12748718261719,2.171826792137796,0.6779572708061208,0.9789575299877036,
ISIC_3362091,0.293,0.0035264583997449794,0.0,0.0,1.0935779831321446,4.771516799926758,4.154317855834961,58.773929595947266,2.5810220188733504,0.7194146278556532,0.5587354183713742,
ISIC_3371433,0.434,0.0,0.0,0.0,0.9152990699459869,2.0432891845703125,4.1031174659729,65.22844696044922,2.6491558194471394,0.014238820364433075,0.9021484676300836,
ISIC_3373004,0.43,0.00017604858941067735,0.0,0.12,1.2389599778259708,3.0600979328155518,4.2558746337890625,35.44282150268555,2.667637656513578,0.3751000858010721,0.8638633340236113,
ISIC_3374597,0.542,0.2089222544139068,0.0,0.0,0.5472596476199522,3.3025081157684326,3.0045504570007324,14.643383979797363,1.699276508343794,0.5282205494334895,0.019377722757873684,
ISIC_3378080,0.361,0.13867162846363504,0.15,0.12,2.6820346740907897,15.158642768859863,33.00957107543945,25.618417739868164,3.23604680834579,1.6365159827990698,2.012472779995792,
ISIC_3379289,0.296,0.0,0.0,0.0,0.0826259875203149,1.906175971031189,2.6462388038635254,32.903465270996094,2.2204777233777757,0.04782187530514204,0.03483093782864753,
ISIC_3387713,0.274,0.0,0.0,0.0,1.9350868199376319,1.568068265914917,3.158492088317871,19.472810745239258,1.5143898863105083,0.9919609861482357,0.9833571417512772,
ISIC_3389695,0.284,0.6408822022046369,0.0,0.0,1.8834945104122618,4.965778350830078,6.892486572265625,26.088851928710938,2.046134067985863,0.7739825664947957,1.2165199780677927,
ISIC_3396463,0.307,0.0,0.0,0.547624769686774,1.260612047588331,3.9895401000976562,4.717970848083496,107.18480682373047,3.0999964659585686,0.9899841293748171,0.3091936922891684,
ISIC_3396790,0.19,0.2965691580810718,0.0,0.0,0.042147653059840286,2.187453031539917,2.26918363571167,2.6014304161071777,1.196117131118437,0.010959223558099963,0.03654530036120627,
ISIC_3396860,0.597,0.0,0.0,0.0,1.5882404528608913,4.329381465911865,6.412815093994141,16.95106315612793,2.661379483096472,0.6370762879486457,0.9902767273777864,
ISIC_3403329,0.242,0.0,0.0,0.0,1.2479090998909184,3.4472110271453857,3.4327967166900635,23.15340232849121,1.8894871362546457,0.9178894416929904,0.36873412762464597,
ISIC_3416324,0.24,0.0001069929953023388,0.0,0.0,1.3783133562009464,2.7710750102996826,2.982198715209961,28.43563461303711,1.6089005664556548,0.4742989487368515,0.9058364102535887,
ISIC_3431348,0.51,0.0,0.0,0.03882323116481765,1.4467865948855254,4.233546257019043,6.245830059051514,56.898162841796875,3.1072458538519827,0.5894627019722731,0.944209547271071,
ISIC_3450746,0.257,0.0,0.0,0.0,0.07282921671467481,1.3473832607269287,4.079466342926025,81.7595443725586,2.512806494543733,-0.0,0.07282921671467481,
ISIC_3450983,0.511,0.0,0.0,0.12,1.4466503159558335,3.140307664871216,5.859375953674316,27.09189796447754,2.235519704554022,0.6339124983037367,0.9108200511195298,
ISIC_3455310,0.414,0.006458963156997659,0.0,0.12,1.8240209437166137,3.9745635986328125,6.44343376159668,38.625877380371094,2.698859632647897,0.9074916271683453,1.0905185258271604,
ISIC_3456094,0.371,0.0,0.0,0.0,0.2852827150806467,1.8117581605911255,3.5972554683685303,62.49944305419922,2.7680846066911204,0.12091155857809642,0.16672382503895097,
ISIC_3458204,0.218,0.0,0.0,0.0,1.8763720359031058,2.1544079780578613,4.845592021942139,21.344438552856445,1.4031206182689673,0.9172120242805266,0.9694924216077871,
ISIC_3460141,0.345,0.0,0.15,0.40366903921238956,1.9415147878599577,6.048825740814209,5.90472412109375,81.67329406738281,3.1742670468246215,0.9464851960972437,1.0202777709603637,
ISIC_3466430,0.364,0.0015309246785058174,0.0,0.0,0.9750803149334283,3.3240044116973877,5.181286334991455,51.84579086303711,2.39065268264,0.1633649115285667,0.8546845732411028,
ISIC_3467133,0.313,0.0,0.0,0.0,1.330527591805594,3.518751621246338,3.9581589698791504,47.2115592956543,2.650090302816433,0.9992071868112729,0.38295819851446267,
ISIC_3468952,0.239,0.0,0.0,0.0,0.6869477564269291,3.2998931407928467,4.366353988647461,49.376251220703125,2.672715510570882,0.0603684063766292,0.6273099532037003,
ISIC_3478473,0.374,0.0,0.0,0.12,1.1530949667765231,3.757535696029663,4.2708845138549805,72.4085464477539,2.882612379962174,0.19370127667262332,0.9732862166933467,
ISIC_3481499,0.493,2.0790217994531392e-06,0.0,0.12,1.910217665158293,3.4798552989959717,6.041677474975586,35.771026611328125,2.6682853973380354,0.8412836565279389,1.0721877250599503,
ISIC_3482891,0.291,0.007784516529514894,0.0,0.0030534095008011007,1.075818787126966,4.009896278381348,5.000027656555176,51.070865631103516,2.660611060496454,0.4184628424007347,0.6825899658114969,
ISIC_3486312,0.303,0.0,0.15,0.5479344750266819,2.2307082739987343,5.1562323570251465,9.959601402282715,104.74928283691406,3.339958260079377,0.973389542939118,1.3559193189258296,
ISIC_3493343,0.491,0.0,0.0,0.0,0.9472885414386872,2.5132758617401123,4.763373851776123,55.233642578125,2.8420300184781646,0.00432345656130476,0.9431797743136525,
ISIC_3500691,0.301,0.0,0.0,0.0,1.2922918182561611,3.169440984725952,4.769487380981445,29.145532608032227,2.4310342008636527,0.357300004461943,0.9388720680538017,
ISIC_3506189,0.372,0.4866210993008583,0.0,0.12,1.4074203928617313,7.08049201965332,3.962416410446167,43.91120910644531,2.7633542734982477,1.0547293893065652,0.49013415065021,
ISIC_3510420,0.28,0.0,0.0,0.0,1.1910679218728022,2.937161684036255,4.1255645751953125,33.38737106323242,2.3467676797012453,0.8911251042290596,0.3283014312902783,
ISIC_3515780,0.257,0.0,0.0,0.0,0.7141548142338734,2.1588399410247803,4.532727241516113,45.834877014160156,2.3164403976048624,0.2199690284102851,0.52761223526172,
ISIC_3520227,0.403,7.49718855429214e-05,0.15,0.0,1.5971362173059418,2.4783334732055664,6.850982666015625,27.569570541381836,2.2296017897458182,0.4791322541955617,1.1213734605313324,
ISIC_3526708,0.558,0.15860861955808356,0.0,0.0,0.7206325026894849,3.57098388671875,2.0855941772460938,10.47616958618164,1.1947434582795253,0.49883060559221315,0.2219379761720867,
ISIC_3535882,0.401,0.010766329214556957,0.15,0.2700800920170164,2.233985813381875,8.108528137207031,8.074575424194336,79.99649047851562,3.2432413058705376,1.1673982195131307,1.3041832604094863,
ISIC_3539413,0.482,0.0012199771254288983,0.0,0.0,1.2539051313076814,4.120779514312744,4.103383541107178,19.74660873413086,1.8628972274175801,0.9634154827365415,0.3254279484776369,
ISIC_3540482,0.472,0.0,0.15,0.2282572352045176,1.621893540840676,4.828028202056885,7.298939228057861,65.68634796142578,3.3652838156666385,0.7192800934617389,0.9150151702244473,
ISIC_3556753,0.261,0.0,0.0,0.0,1.5070859863691217,2.2158095836639404,6.64219331741333,25.29338264465332,1.877989531086348,0.6281796311552392,0.9426797791163904,
ISIC_3557527,0.469,0.0,0.0,0.12,0.9207375363822496,2.3755688667297363,5.222011089324951,66.40963745117188,3.1564722583666374,7.329423573490932e-05,0.9206658116375492,
ISIC_3558339,0.323,0.0,0.0,0.0,1.0307761289244377,3.284346342086792,3.579420328140259,63.42914962768555,2.594182304981589,0.9917122922345656,0.04328644392217234,
ISIC_3577187,0.321,0.5252376812263249,0.0,0.0,1.2679869442095149,4.236074447631836,2.7447760105133057,14.663880348205566,2.111716560722143,0.35349080726109583,0.921065643885888,
ISIC_3579423,0.395,0.0,0.0,0.12,1.0628301429357803,3.1860198974609375,5.088165283203125,52.882266998291016,2.9522021443086675,0.5567590713209304,0.5217258949591179,
ISIC_3591834,0.399,0.0,0.0,0.12,1.3681440664816749,3.5321133136749268,4.41782283782959,57.893089294433594,3.0581212720760527,0.7709835239951923,0.63605231527078,
ISIC_3594380,0.311,0.0,0.15,0.0,1.2907317142208794,3.2931604385375977,4.516012191772461,45.11676788330078,2.615895707894266,0.6233145153748099,0.7043689004618242,
ISIC_3594441,0.211,0.0,0.15,0.0,1.1211980999158637,2.7651333808898926,6.844391345977783,22.610151290893555,1.9761350916690894,0.06522138068272901,1.0597785741297434,
ISIC_3594514,0.372,0.00012613123955475673,0.0,0.12,1.3668073156921015,5.235292911529541,4.232823371887207,49.872108459472656,2.809979237601912,0.8269817309124705,0.5633754293385054,
ISIC_3594638,0.234,0.0003902076462117341,0.0,0.0,1.6358376919622108,4.262300491333008,4.094947338104248,48.202537536621094,1.9656144902030526,0.8030802220404277,0.9157637573896218,
ISIC_3597870,0.204,0.0003204037086729279,0.0,0.0,1.2325321553790782,2.4356167316436768,3.9589343070983887,25.08730697631836,2.053226289357956,0.9895344092163718,0.2730033008550144,
ISIC_3597945,0.138,0.0,0.0,0.0,0.08648733452067117,1.2003941535949707,2.511697292327881,38.09025573730469,1.3989218604454043,-0.0,0.08648733452067117,
ISIC_3599799,0.405,0.0,0.15,0.2321030817379536,1.6485472022398275,5.793004512786865,5.060059547424316,71.54779052734375,3.2258467114056057,0.7111651708424154,1.0241381702706536,
ISIC_3620839,0.371,0.0,0.15,0.002300892441737512,1.8824322156018432,3.443624258041382,6.012204170227051,54.52290344238281,2.6900525356730585,0.9786716875537842,0.9846757045784913,
ISIC_3622055,0.269,0.09173467823005231,0.0,0.0,1.5712769892983816,5.143218040466309,3.452969551086426,26.225353240966797,1.8944417044883843,0.8478556556182111,0.8525258992062048,
ISIC_3622379,0.349,7.13694155290927e-05,0.0,0.0,1.0564727886439178,2.6230900287628174,2.7492971420288086,57.752742767333984,2.565282929567728,0.4516990981596187,0.622739618840193,
ISIC_3624727,0.42,0.032075156292731916,0.15,0.00018445776781762763,1.725478316655872,3.2889039516448975,8.222028732299805,47.897132873535156,2.625545017046888,0.631072464528045,1.156855223632599,
ISIC_3636991,0.241,0.0,0.0,0.0,0.8657768982982821,2.5283565521240234,3.7224974632263184,37.735260009765625,2.0035488184218453,0.657981735731578,0.21371845000427367,
ISIC_3640764,0.352,0.0,0.0,0.0,0.49165880832852904,3.2196218967437744,3.6260502338409424,63.21157455444336,2.721094036407533,0.2344844275606438,0.2591943755090428,
ISIC_3646060,0.385,0.14753721135367084,0.0,0.0,0.915442980773009,3.4804983139038086,2.6634535789489746,46.406002044677734,2.278746655083705,0.7635604666995637,0.16225838552495367,
ISIC_3648148,0.388,0.0621393819710292,0.0,0.0,0.3048738443954106,3.567617416381836,3.338635206222534,50.528141021728516,2.50599373734902,0.09326118587542737,0.21202277949148848,
ISIC_3654052,0.673,0.0,0.15,0.12,1.190073311983645,2.5890862941741943,9.254246711730957,3.0255701541900635,3.064012135178014,0.016707931365864362,1.1752753665224038,
ISIC_3654066,0.426,0.0,0.0,0.0,0.17593556553818465,2.1991899013519287,3.7182345390319824,63.224639892578125,2.8903179178242473,-0.0,0.17593556553818465,
ISIC_3665449,0.514,0.0,0.15,0.12,1.8270718429188804,3.3684489727020264,8.650436401367188,26.340999603271484,2.400121625928578,0.7687913338875891,1.2433094441990247,
ISIC_3666907,0.288,0.0,0.0,0.0,0.2546357344502588,1.857846736907959,3.9657983779907227,29.83172035217285,1.8506508513472126,0.0011969215610743396,0.2536148578631374,
ISIC_3668276,0.213,0.0,0.15,0.0,1.5374134961458323,2.863452196121216,6.4107184410095215,38.666812896728516,2.1633668017423524,0.35388745918871245,1.1978351403182326,
ISIC_3668445,0.54,0.001569319797950076,0.0,0.0,0.27295198103455653,3.358827590942383,4.104834079742432,21.869760513305664,2.070252433072738,0.04377587241232759,0.23330692455001717,
ISIC_3670069,0.305,0.0,0.0,0.005787855369386849,1.191368081960685,3.433584213256836,5.014891624450684,56.59900665283203,2.7049534704155755,0.6607465838616625,0.5832311328234306,
ISIC_3673079,0.176,0.8166994051736063,0.0,0.0,1.7575412969445767,4.516402244567871,4.617746829986572,27.14305877685547,1.7346259484253612,1.0005250744577596,0.8039189793104424,
ISIC_3684488,0.537,0.06847718230074855,0.15,0.0,2.8052577323630294,7.5796074867248535,11.20468807220459,31.09075355529785,2.7429625210668678,1.2839637946284816,1.620497308273562,
ISIC_3687721,0.213,0.0,0.0,0.001360891383856426,1.3576510246905875,4.74254035949707,3.6021437644958496,37.5700798034668,2.2974702989530345,0.9793448154585023,0.3957277409455662,
ISIC_3701563,0.485,0.003864455339444651,0.15,0.12,1.7194631180767797,4.9476704597473145,8.596275329589844,72.0993423461914,3.117599303848407,0.6139576755042103,1.3137379704998227,
ISIC_3704603,0.266,0.0007504612209587142,0.0,0.0,1.3300044586255133,4.3331074714660645,4.427283763885498,56.35430145263672,2.394551494619245,0.5659143661480285,0.8608962282991508,
ISIC_3711801,0.567,0.0,0.15,0.12,1.4467276033113696,1.9156534671783447,5.483067035675049,47.16180419921875,2.575328232733323,0.8923139155460783,0.6161254115027147,
ISIC_3717977,0.187,0.014441177987518697,0.0,0.0,1.2660632033538222,2.529357671737671,7.055591106414795,7.7649712562561035,1.6093703983699865,0.12733793163488824,1.1391862780657482,
ISIC_3720143,0.341,0.0,0.0,0.0,1.5612542870469668,3.13777494430542,5.397618770599365,27.00416374206543,2.020747122527938,0.6451327409221768,0.9809955778729058,
ISIC_3727735,0.344,0.0,0.0,0.12,1.786125939134597,3.8399369716644287,4.025569438934326,38.58116149902344,2.469714166329475,0.7910209958807688,0.99528029192648,
ISIC_3729615,0.276,0.00033044754990039637,0.0,0.0,0.004854513886007468,1.4788471460342407,1.6464409828186035,10.961503982543945,0.9273550203854077,0.004276000079052582,0.0005785307201255374,
ISIC_3730239,0.381,0.0,0.0,0.0,1.5328105533747791,1.9087419509887695,7.34546422958374,11.910140037536621,1.472270431272632,0.48506812152461193,1.2373411336568847,
ISIC_3733653,0.439,0.17500538146929487,0.15,0.12,1.6911568666042247,5.929910182952881,5.496457576751709,45.20644760131836,2.950483388166839,0.8674697241138603,0.9980686004060887,
ISIC_3734095,0.371,0.0,0.0,0.014306009517470221,1.5662588987687134,4.9403510093688965,5.406874656677246,55.7877311706543,2.865587907797166,0.6077302901019178,0.965532474709472,
ISIC_3742633,0.366,0.0003278554157616491,0.15,0.0,2.046869773218921,5.196845531463623,9.626977920532227,39.883514404296875,2.2762089281049693,0.7689093684700614,1.5329929070628756,
ISIC_3751090,0.352,0.0,0.0,0.02734414398260733,1.9083308270505122,2.3579649925231934,6.141272068023682,87.95577239990234,2.9825748757242687,0.9648836054299084,1.0194511240134614,
ISIC_3758049,0.309,0.004588153861366558,0.15,0.0,1.4437831984093754,4.100917816162109,4.473628044128418,41.55097961425781,2.470495010204643,0.9984559550185359,0.5748606738523058,
ISIC_3769211,0.354,0.0,0.15,0.0,1.6600673491744828,5.080964088439941,6.398107528686523,38.377464294433594,2.475207260465196,0.7196171522548866,0.998073919379237,
ISIC_3772519,0.305,0.0,0.15,0.3596498273231066,2.2563286617504446,4.117260456085205,9.892162322998047,77.1533203125,2.9876992340617976,0.9639710296892168,1.4774089481216985,
ISIC_3773083,0.181,0.0,0.0,0.0,1.7342694046576907,3.1802611351013184,4.4532551765441895,35.97550582885742,2.3329746608148225,0.9426353174942831,1.020333681676314,
ISIC_3773277,0.325,0.0,0.15,0.37299808690899156,2.229187514367025,4.955427169799805,9.110101699829102,85.12577056884766,3.2542962190606706,0.9954952794717555,1.2827338251450362,
ISIC_3783915,0.166,0.0,0.15,0.0,0.8798207721026081,3.763723373413086,4.7673869132995605,41.48323440551758,2.588772998740322,0.34869792334312644,0.5442034858898834,
ISIC_3803651,0.434,0.0864294366193561,0.0,0.0,1.222854889924064,3.221501350402832,7.4521894454956055,22.4892578125,1.5469154475361295,0.09324493717447767,1.1435778457189674,
ISIC_3804339,0.464,0.0008908189967151049,0.0,0.0,1.828443845578031,2.855587959289551,3.479464054107666,26.68572998046875,2.142750607827451,0.9649147863151148,0.8689352338157352,
ISIC_3807230,0.396,0.023417361320344148,0.0,0.0,1.6552357982357624,4.148486614227295,4.410189151763916,18.826549530029297,1.8630581798766532,0.6622475247733658,0.9972924175638462,
ISIC_3811339,0.248,0.0675614976087933,0.0,0.0,0.8767225903026529,3.5941030979156494,6.0449700355529785,17.550498962402344,1.9053447565789705,0.13891805345850228,0.764209647924506,
ISIC_3822815,0.166,0.8915815331825626,0.0,0.0,1.0133784238803483,3.5857455730438232,3.9354522228240967,11.152010917663574,1.445210774660771,0.5032238618672144,0.5178805166964873,
ISIC_3825515,0.392,0.0,0.15,0.0,1.7631847899297939,3.631605863571167,6.552563667297363,39.271358489990234,2.5358112648555133,0.8165596234670041,1.0553048341606133,
ISIC_3825943,0.387,0.08656454384728558,0.0,0.0,1.822073019339716,4.775978088378906,4.629399299621582,20.241352081298828,1.807001898197055,0.8987869596590401,0.9577488741916039,
ISIC_3831165,0.342,0.0003991518024198578,0.0,0.12,1.621002588695055,4.00968074798584,4.190748691558838,66.14633178710938,2.890347192738756,0.9318524917457169,0.7927343928498827,
ISIC_3832062,0.405,0.03510089979907399,0.0,0.0,1.0553379684012958,5.039579391479492,4.866527080535889,60.0886116027832,2.7318992054423457,0.7629428748259703,0.45180215078480795,
ISIC_3853000,0.582,0.06862325660990845,0.0,0.0,0.5357499794903765,3.3156518936157227,2.1803603172302246,3.9642200469970703,1.9714556329107156,0.3701593984074226,0.16690520967391317,
ISIC_3861361,0.451,0.0,0.0,0.12,1.4429955905837915,3.616610050201416,5.326181888580322,40.67728805541992,2.8725916427666878,0.8756992135672915,0.709374306810822,
ISIC_3862106,0.608,0.157029154390748,0.0,0.12,1.2443919939012742,2.743985891342163,3.7117342948913574,37.68050765991211,2.36069913038927,0.9720106108275546,0.30452083012249026,
ISIC_3866655,0.374,0.0011289264519672307,0.0,0.0,1.3656050061641134,3.66196870803833,6.370489120483398,30.791887283325195,2.115503175066834,0.43066826271641245,1.001211589316441,
ISIC_3869104,0.338,0.0,0.0,0.12,1.3196792945467308,3.26346492767334,4.054179668426514,61.5976676940918,2.86363407598015,0.5336433199206461,0.7966944006565548,
ISIC_3877413,0.381,0.0,0.15,0.19577002167806093,2.2700038647492318,6.927879333496094,8.295473098754883,86.61575317382812,3.332389203389693,0.9856911246920799,1.3434276147722468,
ISIC_3879564,0.232,0.0,0.15,0.0,0.55152619446886,2.013334035873413,4.548941612243652,32.429630279541016,2.2387024944770286,0.011650429628187338,0.5400302986918413,
ISIC_3880022,0.338,0.009750013710956781,0.15,0.0,1.900673471808167,3.6658811569213867,6.76231575012207,29.899974822998047,2.1432088818032105,0.8624237461522826,1.081558139197325,
ISIC_3883666,0.115,0.0,0.15,0.0,0.928164174968029,2.297461748123169,5.254249572753906,31.05262565612793,1.9363687869326123,0.00020858806290786433,0.927962608456721,
ISIC_3884221,0.502,0.06278602894303684,0.0,0.0,0.312861410783548,3.3789212703704834,2.989353656768799,22.169652938842773,2.0858608327308272,0.10101159421837515,0.22867490131802376,
ISIC_3885041,0.375,0.0,0.0,0.0,0.2645392569513597,2.744877338409424,4.068358898162842,63.1876106262207,2.767854637114447,0.03820088296495921,0.22654486314267944,
ISIC_3905170,0.371,0.0,0.0,0.0,0.8393764565099742,3.27730393409729,3.614086866378784,72.53433227539062,2.78764374235024,0.7749068472056391,0.06820072145155581,
ISIC_3930196,0.473,0.0,0.15,0.0,1.695289945507404,2.1690146923065186,5.8456621170043945,72.56665802001953,3.0411626852759874,0.8249183077866962,0.8735369978292477,
ISIC_3931577,0.52,0.00012607955619996217,0.0,0.0,1.6593336729235655,3.607402801513672,4.742792129516602,35.13991928100586,2.535970957145241,0.9495126268007756,0.7568789181140235,
ISIC_3933164,0.326,0.22960932145305005,0.0,0.0,1.6076181299318826,4.145133018493652,4.653346061706543,24.40145492553711,1.7909353859681054,0.6956379728835618,0.9189773341887943,
ISIC_3943135,0.42,0.0,0.15,0.3581027297841457,2.2569709576871895,7.57478141784668,8.238486289978027,82.97624206542969,3.443694141113974,1.0703177161142126,1.316088350760908,
ISIC_3950514,0.286,0.0,0.15,0.37253045987020955,1.7311869017809842,5.5611653327941895,6.749536037445068,90.22228240966797,2.935575390661347,0.9999791932921911,1.0381049528498718,
ISIC_3956421,0.318,0.41610214689985114,0.0,0.0,1.6231415543991616,5.045974254608154,3.9302432537078857,34.19485092163086,2.1347604757664644,0.98532631260336,0.8065796393558884,
ISIC_3957660,0.254,0.0,0.0,0.25454009723518145,0.9589871158722622,3.815001964569092,4.444506645202637,81.19023132324219,2.631109518447165,0.7223992877560564,0.2523785381440602,
ISIC_3959129,0.415,0.0,0.15,0.0,1.938696536154427,4.724249362945557,7.031166076660156,39.18007278442383,2.6464401917536073,1.0111696485500377,1.150348674495946,
ISIC_3962368,0.398,0.0,0.0,0.0,0.38980175160933295,2.0683445930480957,4.515664577484131,75.75074768066406,2.8637597787646523,0.01695976566544053,0.37298086411060727,
ISIC_3963183,0.63,0.13380886891048138,0.0,0.0,1.66486322334746,3.493849039077759,5.005230903625488,17.034547805786133,1.7806924668890667,0.9989988787585886,0.6755205079006699,
ISIC_3977025,0.324,0.0,0.0,0.12,0.45760349296693015,4.122972011566162,4.424148082733154,56.96770477294922,2.9439723127277375,0.1016905318202202,0.3844670407135162,
ISIC_3992319,0.2,0.4099543871099946,0.0,0.0,0.9180446377268654,3.103320598602295,2.7841243743896484,21.871078491210938,1.5829109955778844,0.02401124421395568,0.8957677195069546,
ISIC_3993924,0.483,0.019506942040690742,0.0,0.0,1.1822204636896578,2.9650862216949463,3.693223714828491,19.87465476989746,2.140249493795383,0.6556557795721315,0.5629786236936173,
ISIC_3996796,0.543,0.0565996700032741,0.15,0.12,1.3049950135478086,3.489093065261841,6.219624042510986,71.16091918945312,3.2446234419660653,0.258061703665804,1.0477994192611164,
ISIC_4000481,0.553,0.15056571737284866,0.0,0.12,1.9281478959814573,5.2170820236206055,4.843774318695068,45.081878662109375,2.69815258886413,0.9311436753663662,1.0059435583869343,
ISIC_4010917,0.304,0.4476033395113159,0.0,0.0,0.5536331328454939,3.015812635421753,3.9663753509521484,30.118064880371094,2.1125906121443454,0.36754366175642866,0.20435143104649764,
ISIC_4013189,0.329,0.0,0.0,0.0,0.976919693338083,1.8367252349853516,3.4338810443878174,20.18218421936035,1.7571037309149353,0.004791592212349955,0.9724056903245875,
ISIC_4015288,0.149,0.01613931876456118,0.0,0.0,1.5221023116920753,2.2112443447113037,3.7782537937164307,18.764816284179688,1.2709843231937168,0.6490493941162012,0.9219882113406841,
ISIC_4022483,0.347,0.0,0.15,0.17544973544973544,1.2293369857861334,3.8877804279327393,8.099419593811035,66.78247833251953,2.8333998431571654,0.25405539678762257,0.9756300041087503,
ISIC_4028370,0.328,0.0,0.0,0.0014378575921876404,1.5389396159761048,4.862701892852783,4.997244834899902,54.85307693481445,2.688847158722739,0.9936371171427423,0.8074457243339568,
ISIC_4030354,0.424,0.008361879666227492,0.0,0.0,1.3849415805420224,4.052103519439697,4.884182453155518,29.97397232055664,2.241281102206119,0.37489831407097196,1.0142499772032805,
ISIC_4032749,0.07,0.0,0.0,0.0,1.0054680587063833,1.6057747602462769,6.178822994232178,19.08165168762207,1.5016402506779623,-0.0,1.0054680587063833,
ISIC_4043651,0.259,0.0,0.0,0.04520412487639497,1.585454075165042,2.742594003677368,6.405971527099609,77.18077087402344,2.50104607327423,0.5349600531950682,1.0688578471704364,
ISIC_4045323,0.643,0.0,0.0,0.12,1.2234917981596238,2.856475591659546,4.9308366775512695,27.220125198364258,2.3754285836356868,0.3231381824860483,0.9394413741854412,
ISIC_4045574,0.318,0.0,0.0,0.0,0.9779682621442684,2.7005503177642822,4.01809024810791,34.9229850769043,2.343797874544753,0.6710419020099445,0.3120863588920838,
ISIC_4085041,0.394,0.0,0.0,0.0013494798268656497,1.5837478420874331,4.592460632324219,4.0381083488464355,68.63912963867188,2.9764993175135386,0.8792659047371183,0.7401247139261842,
ISIC_4092548,0.373,0.29497195962185546,0.0,0.0,1.306964451905977,4.419677257537842,4.957338809967041,37.63905334472656,2.3325569179503476,0.34811619725601384,0.9861694848835072,
ISIC_4093313,0.304,0.0,0.0,0.0,1.889883246359068,4.418240547180176,6.002648830413818,52.112178802490234,2.525076501358302,0.9362114010206868,0.9936994134045734,
ISIC_4094938,0.396,0.0,0.0,0.0,0.6160489903426136,2.5060198307037354,3.195457935333252,57.05125045776367,2.71599744146908,0.4231629282496169,0.20623111979909853,
ISIC_4097868,0.219,0.004715490550189684,0.0,0.0,0.4088749054853944,3.030200242996216,3.5483040809631348,23.552982330322266,1.4540517818752772,0.04424391983278561,0.36512448274880055,
ISIC_4103984,0.334,0.0,0.0,0.0,0.16010138951610253,1.985972285270691,2.044626235961914,44.79474639892578,2.2498582570716685,0.16010138951610253,-0.0,
ISIC_4112456,0.278,0.0,0.15,0.020716586246357492,1.6746440002215117,5.948841571807861,5.626373767852783,78.03223419189453,2.612774064055878,0.7565200119508062,1.1095223491203599,
ISIC_4117748,0.496,0.009735071180377381,0.15,0.0,1.97482728754669,3.876309871673584,7.299798965454102,21.520553588867188,2.4373952033931774,0.9076017429001946,1.1063866092775398,
ISIC_4134230,0.218,5.475720313895667e-05,0.0,0.0,0.5443823404948238,3.272061824798584,2.2239162921905518,46.22296905517578,2.0945938434468796,0.45371104608653784,0.10747356671099399,
ISIC_4141251,0.344,0.0,0.0,0.0,1.7027375020799145,2.632127523422241,4.0937700271606445,29.57179832458496,2.159034730747724,0.8965724193225588,0.8166795677659219,
ISIC_4156628,0.226,0.0,0.0,0.0,1.0932024725476424,2.1313042640686035,5.900979042053223,39.787696838378906,1.9478393972900054,0.10001608618237495,1.0006980375099872,
ISIC_4168419,0.372,0.0,0.0,0.0,1.726484940345915,3.7314674854278564,6.130511283874512,39.4902458190918,2.5071056439539943,0.9420983409136783,0.8255166686368582,
ISIC_4170698,0.338,0.011718153206832279,0.0,0.0,1.27185942113625,3.6549160480499268,5.6499481201171875,64.92674255371094,2.4651839054226334,0.23362257805808564,1.0763147295926365,
ISIC_4171839,0.302,0.0,0.0,0.0,1.8967900156784385,1.5821608304977417,5.263101100921631,31.80670738220215,2.078365959564841,0.9620252711726414,0.9685996199524742,
ISIC_4173993,0.163,0.0,0.15,0.12,0.9052716060523709,3.8342442512512207,6.626326084136963,37.42144012451172,2.5107292347632315,0.15866809297593634,0.7546515464043002,
ISIC_4180324,0.288,0.0,0.15,0.23941062427297402,2.1529709734504285,3.9201908111572266,7.305934906005859,77.22727966308594,3.0380237748632135,0.9812329494306928,1.2403464995211966,
ISIC_4196278,0.476,0.0,0.0,0.12,1.7847174588594252,3.2925233840942383,9.134511947631836,27.07258415222168,2.2288222897089955,0.7630472179845482,1.1855921228854334,
ISIC_4203842,0.59,0.013854792490559638,0.15,0.0,1.2444077767568968,2.6618995666503906,6.718836784362793,12.898542404174805,2.428881472598678,0.1592974442273402,1.087180874067704,
ISIC_4204876,0.417,0.0,0.15,0.12,1.911703853554246,4.867125988006592,5.698301792144775,47.64723587036133,2.927914177618797,0.9865239200269851,0.9957035679648191,
ISIC_4207079,0.245,0.5404425673584218,0.0,0.0,1.4329194737851054,3.1411447525024414,3.054426431655884,21.253437042236328,0.9788262891323533,0.9457856027613614,0.696795474253917,
ISIC_4209803,0.227,0.04171842091051466,0.0,0.0,1.8312300841357483,2.6141881942749023,1.6195034980773926,18.670333862304688,1.3078960008928902,0.8375561768622581,0.9995050783700339,
ISIC_4212284,0.277,0.0,0.0,0.0,0.7975322396809962,2.0622811317443848,6.028014659881592,18.658554077148438,2.14502738666138,0.014940289151816877,0.7829679753250562,
ISIC_4218751,0.328,0.0,0.0,0.12,1.7105216983643976,4.721375942230225,6.152271270751953,66.80522918701172,2.9179865662973286,0.801469698404057,0.9125507200727595,
ISIC_4223155,0.39,0.04519195999400263,0.0,0.0,1.1252541023326836,3.4205799102783203,3.329212188720703,45.034976959228516,2.2930469970401433,0.9987722593863035,0.13173637949288283,
ISIC_4223497,0.512,0.042565576839143554,0.15,0.12,2.0844600371447233,6.370738506317139,7.730828285217285,16.486448287963867,2.899255077746608,0.9998995572323663,1.0850157039605077,
ISIC_4227640,0.29,0.0,0.15,0.00023548458311869894,2.0308748477532204,3.6379518508911133,8.015145301818848,65.50558471679688,2.670084673865917,0.9726213903765846,1.350003222608448,
ISIC_4228893,0.366,0.0,0.15,0.1711022738859998,2.11537914724616,4.701340198516846,9.290675163269043,75.31415557861328,3.1693518052846095,0.946434819261856,1.175556485781825,
ISIC_4235575,0.333,0.0,0.0,0.0,1.4450657491776104,2.890793800354004,5.673757553100586,28.03254508972168,1.9303865200877335,0.764194978060907,0.7497852303385271,
ISIC_4237744,0.314,0.0,0.15,0.010206460002208128,1.9930672341191986,5.901760578155518,6.652765274047852,49.1259651184082,2.636404873679798,1.0716823168647722,1.0941492546751765,
ISIC_4254772,0.4,0.0018831474536924301,0.0,0.0,0.981853851892846,3.1050033569335938,4.357383728027344,29.58643341064453,2.1850384700714156,0.1645365251502585,0.8281990121371311,
ISIC_4257866,0.308,0.0,0.0,0.0,1.0478285497017377,3.1161744594573975,4.542091369628906,55.741798400878906,2.5796838783153992,0.050165800791373255,1.0016614365404075,
ISIC_4263628,0.31,0.0,0.0,0.0,0.5897536952850262,1.568007469177246,4.167381286621094,37.727996826171875,2.235823174579043,-0.0,0.5897536952850262,
ISIC_4263716,0.232,0.0,0.15,0.0,1.7818656800367298,2.4081456661224365,6.13295316696167,33.453399658203125,2.1850117701543432,0.7715236502335012,1.1588097172437304,
ISIC_4270993,0.429,0.0,0.0,0.12,1.0423475206188355,2.9754655361175537,4.531395435333252,49.46279525756836,2.866982944407982,0.8129747405250556,0.3165937184302666,
ISIC_4277953,0.575,0.0,0.0,0.12,0.9046289020720198,2.9889702796936035,3.704740524291992,36.645503997802734,2.5477053089624024,0.46584231998656567,0.4538389872863494,
ISIC_4279516,0.325,0.0,0.15,0.0,1.2964033099075725,2.4391090869903564,6.867525577545166,25.637651443481445,2.0848129995677893,0.5470330369319041,0.792877884513703,
ISIC_4281336,0.166,0.0,0.0,0.0,0.8244026168697941,2.4317705631256104,3.131002902984619,33.13294982910156,2.415155633317162,-0.0,0.8244026168697941,
ISIC_4282506,0.276,0.0,0.0,0.0,1.3455689027335211,2.8973352909088135,4.4726128578186035,50.582191467285156,2.3525238758382043,0.8432180889743952,0.5086217287845176,
ISIC_4288535,0.593,0.016116681781625914,0.15,0.12,1.6071867027726598,4.822347164154053,8.208169937133789,28.78156280517578,3.1986611122310364,0.47475530846869274,1.1711710243200883,
ISIC_4292710,0.136,0.0004432828791222999,0.0,0.0,1.2143142501410864,2.3689122200012207,3.7624058723449707,11.030506134033203,1.3000910508651518,0.9532995677206142,0.2708384055630584,
ISIC_4300625,0.497,0.0,0.0,0.12,0.3926038750725107,2.510939121246338,3.14166522026062,35.26083755493164,2.703869652453386,0.03951282078001723,0.3533072367108224,
ISIC_4300672,0.487,0.0,0.0,0.12,1.657631090750093,4.149506092071533,5.2469096183776855,42.94353485107422,2.8255053552074654,0.9431679640717539,0.7167772788725666,
ISIC_4311112,0.398,0.07950060218695222,0.0,0.12,1.6593331234031559,5.465088844299316,4.100844383239746,35.24614334106445,2.6908253827642925,0.8470273277231334,0.8212840031625834,
ISIC_4312494,0.243,0.0,0.0,0.004901526083696783,1.424412903193608,4.454789638519287,4.544374465942383,72.43009948730469,2.4958797658157374,0.45500143787103625,1.079621184209394,
ISIC_4313479,0.632,0.0,0.15,0.12,0.7379736471815159,3.986457109451294,5.33206033706665,57.29143524169922,3.129859793732118,0.15684719992253343,0.5859947403459088,
ISIC_4325605,0.355,0.0,0.0,0.0,0.8117304284042809,2.0024476051330566,3.5735273361206055,40.82158279418945,2.555600850957627,0.4739858034434844,0.3482036708195923,
ISIC_4330588,0.38,0.0,0.15,0.0,1.5096876843718698,2.736920118331909,6.80803918838501,42.946533203125,2.3648618935654353,0.8130978820094296,0.7119259341553282,
ISIC_4330964,0.272,0.12975508077123502,0.0,0.0,0.8567346614569626,2.622342824935913,1.4414656162261963,8.009465217590332,0.6459387476315785,0.6364609451033707,0.22066912282803997,
ISIC_4341118,0.494,0.0,0.0,0.0,1.5130916373310188,3.5905346870422363,6.021669387817383,18.19037628173828,2.4853778709578487,0.5149100102101882,1.002188209429612,
ISIC_4341651,0.33,0.006293626273028951,0.15,0.0,1.337941735234661,3.507805585861206,5.885218620300293,41.74824905395508,2.5699935707767723,0.5072200882599023,0.8505754056875452,
ISIC_4345273,0.236,0.0,0.0,0.0,1.3129034816451766,5.171900272369385,4.911734104156494,59.86661911010742,2.044182881280915,0.5845013693648686,0.7751509096277124,
ISIC_4347789,0.301,0.0,0.0,0.0,1.518310854044836,2.9763691425323486,4.209384441375732,50.63400650024414,2.4961901104709594,0.9115218198696067,0.6077961199527525,
ISIC_4349272,0.484,0.1139839476101106,0.0,0.12,1.2045538512605385,3.033433437347412,3.956646203994751,28.587148666381836,2.2801865369590195,0.9334227075997191,0.2959508613946445,
ISIC_4355015,0.437,0.0,0.0,0.0,1.4953216230179383,3.432914972305298,3.7677199840545654,74.2517318725586,2.948474906088092,0.9950467118356552,0.5382924910194788,
ISIC_4357940,0.442,0.0,0.15,0.12,2.052398434923525,6.130241870880127,5.656820297241211,47.644500732421875,3.014693462372551,1.1845634607571989,1.016204282013688,
ISIC_4358907,0.399,0.0,0.15,0.34358103633057574,1.4438020785489751,5.462384223937988,6.581510066986084,84.16461944580078,3.4153619239275934,0.5208270438430037,0.9383336666179234,
ISIC_4363100,0.398,0.0,0.0,0.12,1.879487221237922,3.449847936630249,4.163870811462402,41.18385314941406,2.57955300075685,0.9919295238848578,1.0054502762875734,
ISIC_4363333,0.402,0.04458921528878405,0.0,0.12,1.6773011673712175,6.057141304016113,4.036027431488037,60.827293395996094,2.9195855238186423,1.0502397580503138,0.7146019831540447,
ISIC_4364153,0.55,0.20137888053597164,0.0,0.0,0.22944476928979957,3.5737757682800293,3.1195271015167236,43.15392303466797,2.544004589164147,0.19451855298567677,0.03802744220622598,
ISIC_4366627,0.747,0.0,0.15,0.12,1.1725837540031963,3.356368064880371,5.343611717224121,41.305503845214844,2.842223792813653,0.14403033169881524,1.0387060275005466,
ISIC_4374944,0.501,0.0,0.0,0.12,1.6979917215654772,2.3290820121765137,5.584142208099365,55.75847625732422,3.013579543780682,0.8884097255838589,0.8452395066285402,
ISIC_4375866,0.579,0.042388051048287155,0.0,0.12,1.3681115914537845,4.183816909790039,4.368840217590332,31.207765579223633,2.889280493854187,0.8630644502330747,0.5083491193006728,
ISIC_4378484,0.302,0.0,0.0,0.0,1.4921514209185414,3.856228828430176,4.206699371337891,56.388710021972656,2.5713390117969253,0.9999415438601313,0.5047052345573458,
ISIC_4384072,0.425,0.40672183853298405,0.15,0.0,1.6618446751468938,4.73436164855957,5.770390033721924,45.32292556762695,2.480460477377447,0.9341921504777302,0.7951220618019695,
ISIC_4412646,0.194,0.0,0.0,0.6579097985347986,1.8430902758750045,8.61691951751709,7.325936317443848,119.87041473388672,2.813094621873382,1.0424215303726292,1.047520292208671,
ISIC_4416068,0.305,0.5005775862314852,0.0,0.0,1.6027563500751394,5.181549072265625,4.005252838134766,22.47393798828125,1.5691097209221572,1.0312559266189638,0.6163440620174736,
ISIC_4428176,0.345,0.0,0.0,0.0,1.488745281799329,2.739259719848633,5.03570556640625,10.05027961730957,2.3721590714148126,0.6215657804055286,0.8866703629216829,
ISIC_4429297,0.36,0.10580573759152324,0.15,0.0,1.9540695853052101,4.2484941482543945,6.2605414390563965,33.67847442626953,2.2167932222386715,0.9997353295381294,1.0670196686637634,
ISIC_4429406,0.424,0.08241365236261361,0.0,0.0,1.6665525618898536,3.6203203201293945,4.316123962402344,35.227508544921875,2.527297931227413,0.7546171959080807,0.9235719155634903,
ISIC_4432152,0.531,0.1051008014524487,0.0,0.0,1.7465995951719906,4.159126281738281,4.142372131347656,9.126890182495117,2.142804165783121,0.9963877212340924,0.7565887883531819,
ISIC_4432308,0.405,0.0,0.0,0.0,0.7751507417535901,1.4275094270706177,3.2418670654296875,45.26960372924805,2.661518371372428,0.06054501348164071,0.7149949117137605,
ISIC_4432898,0.694,0.25818430341627174,0.0,0.0,1.2281813966297952,5.686668395996094,3.791165590286255,16.808300018310547,2.066058243881262,0.8933557276082502,0.3351587451856742,
ISIC_4438786,0.162,0.0,0.0,0.0,1.004805019351239,2.0643372535705566,4.769187927246094,22.162168502807617,1.7881159405476574,-0.0,1.004805019351239,
ISIC_4438982,0.33,0.0,0.15,0.12,1.7709108820026198,2.80121111869812,5.542049407958984,61.118858337402344,3.0537701479816524,0.8607630185473305,0.9115205619549882,
ISIC_4438999,0.151,0.0,0.15,0.0,1.2683272011469182,4.039785385131836,7.342608451843262,42.451026916503906,2.5904652852260064,0.31394205478671855,0.9889455662561175,
ISIC_4439689,0.284,0.0,0.0,0.0,1.4562972190331407,1.7575676441192627,2.2224483489990234,41.75547409057617,2.2655464381597503,0.9292975241902853,0.5508955681110804,
ISIC_4442378,0.334,0.0,0.0,0.0,1.2703420464383206,3.5916855335235596,3.8594441413879395,30.441429138183594,2.353574982808585,0.38464453139201027,1.000283901913066,
ISIC_4443776,0.281,0.005030510460575488,0.0,0.0,0.7786590590195094,2.6579556465148926,3.0706722736358643,38.39231872558594,1.891602566649766,0.3273079279716781,0.4740163884985845,
ISIC_4444976,0.411,0.0,0.19095602413385582,0.15396736538740644,2.3267143178275527,4.598189353942871,13.122200012207031,59.59764099121094,3.2104818307109557,0.49188725450688103,1.880559368804551,
ISIC_4457091,0.148,0.0,0.0,0.0,1.084302306274664,2.0250513553619385,6.210869789123535,15.149104118347168,1.625159378817381,0.11446876065500781,0.9789052740622646,
ISIC_4464801,0.461,0.0,0.15,0.12,1.418554695390158,2.3341777324676514,9.202460289001465,84.29166412353516,3.282505676119894,0.0002958397478757896,1.4183023923679463,
ISIC_4467312,0.423,0.010570210945972781,0.15,0.0016496861013945957,1.8368409215376906,6.052825927734375,7.20020866394043,51.57701110839844,2.785286332431453,0.9532755331188141,1.0740968702029272,
ISIC_4473151,0.212,0.0,0.15,0.0,1.522381367758604,1.9930610656738281,7.094463348388672,26.182422637939453,2.2107278715847407,0.6082092458882333,0.9550507761472251,
ISIC_4473773,0.451,0.0,0.15,0.18153054539062624,2.0507897828962647,7.749244689941406,7.541810989379883,65.54805755615234,3.2525182435593494,0.9749944681884257,1.1440162273205892,
ISIC_4477663,0.355,0.19391388798964065,0.0,0.0,1.6972766508889305,3.5383052825927734,6.251154899597168,25.967300415039062,1.9672948574835158,0.9500048273201752,0.9951858253174086,
ISIC_4478363,0.767,0.0017935711683434688,0.15,0.12,1.7683857195931014,4.6496195793151855,7.224097728729248,32.83987808227539,3.2347135663475477,0.6954520564991294,1.169107857975114,
ISIC_4482349,0.382,0.0,0.0,0.0,1.2730200844016328,2.509455919265747,3.693006992340088,31.364036560058594,2.107965846891001,0.5228976217208456,0.7643971541872834,
ISIC_4485467,0.335,0.0,0.0,0.13303087955510026,1.694486159617182,3.7674977779388428,4.680794715881348,72.08525848388672,2.9863813529720873,0.8874102676111972,0.9077610240661437,
ISIC_4490935,0.245,0.0,0.0,0.4293629746656887,1.7686712243396556,5.890679359436035,4.794985294342041,72.61396789550781,2.772658316265805,0.9084397426498731,0.9716580421297756,
ISIC_4493482,0.353,0.02341508097238423,0.0,0.0,1.3539026662968516,3.0145580768585205,3.663670063018799,45.77695083618164,2.5093566845076847,0.5464629100039914,0.8590029860811522,
ISIC_4497032,0.346,0.0,0.0,0.0,0.5765386301035273,3.6134555339813232,3.0620155334472656,45.101646423339844,2.5614111810872,0.22471814921788066,0.36444532488128223,
ISIC_4503581,0.298,0.0,0.0,0.0030115082637220806,1.3190351320332323,5.155418872833252,4.1463727951049805,67.0559310913086,2.6565199896539453,0.8397820293320605,0.6481390830603115,
ISIC_4508878,0.709,0.11792680947336891,5.3548329877792674e-05,0.0007277831605005207,1.7285856248426847,5.592197418212891,6.454586029052734,21.301965713500977,2.5045075003758104,0.8020194863212858,0.9428995260607057,
ISIC_4509108,0.329,0.0,0.0,0.04421540070206886,1.9163809485155054,2.7213263511657715,5.246747016906738,65.32878112792969,2.851263045088198,0.8841748361585537,1.0397712907934278,
ISIC_4522439,0.317,0.0006744881348457433,0.0,0.0,0.6645555409614967,3.73915696144104,4.7803826332092285,63.383209228515625,2.468501677712376,0.1474304365287906,0.5457665306465117,
ISIC_4522789,0.232,0.0,0.0,0.0,1.834999396221471,2.504777431488037,4.550534725189209,39.4749755859375,2.4842907136025327,0.9992414168378577,0.859992195560914,
ISIC_4524099,0.297,0.0,0.15,0.3002107920140707,1.1707642775711404,2.2203752994537354,7.543697357177734,95.36898803710938,2.939762213395729,0.1938576342116665,0.9980456510058971,
ISIC_4524488,0.419,0.004457875610422955,0.15,0.12,1.774246494979501,3.86112642288208,9.09935188293457,66.65718078613281,2.9087622490349077,0.6263642996767288,1.2564909160263547,
ISIC_4525317,0.335,0.19918229314592567,0.15,0.0,1.8021338930081203,5.493614673614502,5.396452903747559,31.527624130249023,2.2494630187168285,1.0303254106198938,0.8326490478569559,
ISIC_4528136,0.488,0.0005127639872644187,0.15,0.12,1.8544348408284557,5.524625778198242,6.869697570800781,60.09892654418945,2.9307939899965336,0.8802363269106198,1.0494096602290044,
ISIC_4545112,0.396,0.0,0.0,0.0,0.9263215366501761,2.013446092605591,3.263422966003418,29.522140502929688,2.2269122612066337,0.9208496085063279,0.00575067642530396,
ISIC_4548483,0.322,0.000472607939222619,0.0,0.0,1.1831187330828483,4.005077362060547,3.506744623184204,32.26974105834961,2.198892541978858,0.8903592160465377,0.3091591137667178,
ISIC_4548593,0.472,0.0,0.0,0.12,0.879019339135784,3.0736618041992188,3.4306983947753906,40.56458282470703,2.606658212521606,0.0027615205734065388,0.8763581756702956,
ISIC_4548708,0.308,0.0,0.15,0.024598941821381993,1.1883287881141815,5.220888137817383,5.552939414978027,75.1465072631836,2.7410949689634507,0.7754334368915731,0.66671144201668,
ISIC_4552035,0.392,0.002503570541852179,0.15,0.0,1.452623207334851,4.458495616912842,8.764274597167969,40.10820770263672,2.318371139627927,0.29808995386373976,1.2050445147105262,
ISIC_4552372,0.279,0.0,0.0,0.0,1.011288721193366,3.2104604244232178,6.582836627960205,43.769561767578125,2.360782361158553,0.08693593908636951,0.9306747612025374,
ISIC_4560389,0.28,0.38537335959327057,0.0,0.0,1.2990507990668094,7.223933696746826,3.8955745697021484,25.78738021850586,2.313282356685664,0.959770316685453,0.3669574506296865,
ISIC_4563142,0.346,0.0,0.15,0.4160592872249314,2.1686219928832506,4.726556777954102,9.098121643066406,68.39350891113281,3.2438371658446745,0.7971522152164976,1.405024902623917,
ISIC_4566874,0.2,0.0,0.0,0.2643188560127786,1.1827485713316839,3.992354393005371,4.054569721221924,68.7965087890625,2.316671347590181,0.5875499022280861,0.6171579962268886,
ISIC_4584962,0.674,0.0,0.001963052546710134,0.0,1.3607991726247417,2.2804603576660156,5.705132484436035,20.389801025390625,2.3958204221048147,0.41590528971794494,1.001371534012514,
ISIC_4586954,0.343,0.0,0.15,0.0,1.6860297500683588,5.270792007446289,6.080672740936279,38.10816955566406,2.3065813537345865,0.9591762157363085,0.9217841542792714,
ISIC_4588970,0.398,0.0,0.15,0.3341021602160216,1.7701901496697834,4.862863063812256,5.637679576873779,72.9262924194336,3.1250195620926555,0.8135881441867603,0.9732028200614983,
ISIC_4591134,0.563,0.10718435510010667,4.945752819310939e-06,0.12,1.3736348889860255,3.754467725753784,6.431789875030518,43.23774337768555,3.115261715445576,0.34905069169200087,1.0325629872509035,
ISIC_4596521,0.428,0.14583476771170412,0.0,0.0,0.6070982619416536,3.403634548187256,4.1011643409729,46.1369514465332,2.7669674276586975,0.31120415923134953,0.29972528471428056,
ISIC_4597293,0.611,0.05876251997707491,0.0,0.0,1.0201883767459927,2.956134796142578,3.5563840866088867,9.543203353881836,0.9057093862619403,0.33226807660462,0.7092119954816553,
ISIC_4601154,0.306,0.0,0.15,0.406619044183082,2.088507226751152,5.6471147537231445,9.69257926940918,73.7912368774414,2.909859484450638,0.9778679816604964,1.5532039434405458,
ISIC_4604978,0.181,0.0,0.0,0.8842724272427243,1.4502966828697939,5.828571319580078,7.410101890563965,124.53965759277344,2.417864382673959,0.6009956432391417,0.9806773294993985,
ISIC_4606877,0.388,0.0,0.15,0.17073688681248672,1.3012912244823025,3.075735569000244,7.902200222015381,58.71281051635742,2.989650492411597,0.20229634052137077,1.2052401918081734,
ISIC_4607582,0.273,0.0,0.0,0.48911174785100286,1.5770109094690843,4.8588032722473145,5.955777645111084,82.46300506591797,2.561816286823249,0.6783816838913552,1.066059871851079,
ISIC_4622192,0.512,0.0,0.0,0.12,1.6215288954681955,3.640672445297241,5.570395469665527,27.89101219177246,2.55456111362649,0.9788195945936323,0.8971792278599122,
ISIC_4626097,0.392,0.0,0.15,0.12,1.808010327037185,4.1525654792785645,6.117562770843506,34.11100387573242,2.5375862173955324,0.9995758379432751,0.967204177651313,
ISIC_4628573,0.334,0.0183453736407969,0.0,0.0,0.9996090295696618,3.4042396545410156,2.287536382675171,39.191036224365234,2.1736394080263413,0.999495980365877,0.00011969919386171934,
ISIC_4629662,0.522,0.0021362155288881823,0.0,0.0,1.1828183929611988,2.968202590942383,4.899346351623535,74.20906829833984,3.085987029806328,0.4732887038546165,0.7105065686912063,
ISIC_4633843,0.278,0.0,0.15,0.12,0.9562315822821966,2.6564016342163086,5.6524882316589355,39.80663299560547,2.5841816503982726,0.38794757169250116,0.5926216993181559,
ISIC_4636434,0.259,0.0,0.0,0.0,1.3706313387258393,2.459524154663086,4.221922397613525,18.165115356445312,1.994462486924641,0.6321376386142102,0.811545131710159,
ISIC_4640009,0.337,0.0,0.0,0.12,1.0535671460973366,3.0169618129730225,3.751343011856079,54.10579299926758,2.6047927587860666,0.774495826540481,0.39702138526113473,
ISIC_4641356,0.573,0.0007288858728094152,0.0008042878596517685,0.0,1.987711118543009,4.130927085876465,7.1000237464904785,20.703195571899414,2.4811748475101427,1.0026473774773421,1.0653907822212245,
ISIC_4646202,0.438,0.017979366071727464,0.15,0.0,1.246941248381883,3.845781087875366,6.316688060760498,47.15208053588867,2.5526803215371077,0.2777704783685038,0.9767792591272635,
ISIC_4668657,0.357,0.0,0.15,0.12,1.6154962961821486,3.2219343185424805,6.284101486206055,47.34433364868164,2.5458649476248745,0.8958049274869737,0.7737578446557525,
ISIC_4672749,0.223,0.08349512781359117,0.0,0.0,1.074731144771168,3.1415486335754395,5.766926288604736,15.936135292053223,1.43153508630192,0.10846869150653018,0.9751583756021835,
ISIC_4676270,0.573,0.0,8.594674922549076e-05,0.12,2.1108705064755635,3.48675274848938,6.09546422958374,35.96791458129883,2.8844347843980276,0.9594521451186625,1.1822903970672474,
ISIC_4676341,0.355,0.0,0.15,0.12,1.2775127955031886,3.3470094203948975,6.386643886566162,51.11466979980469,2.914513559537176,0.1308899165370849,1.1551258190137186,
ISIC_4679707,0.412,0.0,0.0,0.12,1.7332026378750447,3.290672779083252,4.156833648681641,41.03059005737305,2.544882872041512,0.9813362044526146,0.864851310148462,
ISIC_4684662,0.621,0.0,0.15,0.12,0.9733431635601836,3.799626588821411,4.840389251708984,61.83562088012695,3.135015378413365,0.41632219361913847,0.6476302525508868,
ISIC_4687340,0.1,0.0,0.15,0.0,0.9070532623427707,2.4516053199768066,5.166186809539795,33.849544525146484,2.170825324065044,-0.0,0.9070532623427707,
ISIC_4691314,0.457,0.0,0.0,0.12,0.8466329639851216,1.8072094917297363,4.298650741577148,39.84236526489258,2.6228315278178425,-0.0,0.8466329639851216,
ISIC_4691689,0.354,0.0,0.15,0.0,1.404562590946448,2.9299585819244385,7.198145866394043,38.45502853393555,2.548502324963457,0.42373926478003326,1.0103620742988735,
ISIC_4700918,0.304,0.0,0.0,0.0,1.0277699340656472,1.5714621543884277,6.530518054962158,19.591018676757812,1.8326160734530197,0.0777616008261734,0.9563539034457877,
ISIC_4703321,0.257,0.0,0.15,0.6222741888336744,1.4768356848861535,4.383524417877197,5.539678573608398,84.42020416259766,3.101921347628078,0.9449499074963645,0.7281123994503386,
ISIC_4718049,0.333,0.0,0.0,0.12,0.9187085381374825,2.799250602722168,3.8992366790771484,53.14517593383789,2.647709176807762,0.19526335035326833,0.7237130075694163,
ISIC_4722397,0.454,0.0,0.15,0.12,1.3567488788231021,3.7485384941101074,7.998146057128906,81.1659164428711,3.2188929869850194,0.21680545743284252,1.1567269552158999,
ISIC_4726470,0.339,0.0,0.0,0.12,1.6840592828864724,4.144897937774658,5.755329608917236,58.54758071899414,2.864505690012832,0.9761341119991698,0.709167269377064,
ISIC_4733269,0.419,0.0,0.0,0.0,0.8029385626132443,4.06598424911499,4.711562156677246,42.96378707885742,2.5305700608406676,0.31394775470803304,0.5393003410181938,
ISIC_4737695,0.296,0.0,0.0,0.05689076788750517,1.6451885430424849,2.5714268684387207,4.172950267791748,59.903995513916016,2.7570683411968155,0.7892896470371069,0.8958650018207215,
ISIC_4738071,0.35,0.0,0.0,0.12,1.747006613354625,2.12739634513855,3.553931951522827,32.720645904541016,2.6152046539586338,0.8740093642237592,0.9990299301087495,
ISIC_4738295,0.429,0.0,0.0,0.0,1.1738652590953902,3.1727654933929443,3.853741407394409,40.75873947143555,2.6126173183134975,0.9174177117557791,0.26272448813547467,
ISIC_4740515,0.287,0.0,0.15,0.42858288555617935,1.4423814424087518,4.281071186065674,8.933367729187012,60.70957946777344,3.1242788241004926,0.3230146938078454,1.2304715782826923,
ISIC_4742379,0.414,0.0,0.15,0.0,1.650351168797778,3.658355712890625,6.6968159675598145,27.166357040405273,2.472192015388914,0.7350539408535701,0.9286187791128667,
ISIC_4744679,0.488,0.13842256511796155,0.15,0.0,1.495305304711436,3.991604804992676,6.441027641296387,23.786142349243164,2.0316710821408956,0.6276929014495849,0.8928850549919183,
ISIC_4750271,0.407,0.0,0.0,0.12,1.287476458510251,3.122150182723999,4.332428455352783,46.98741912841797,2.6835602185306557,0.4244438462957836,0.8712641749305496,
ISIC_4753959,0.396,0.26742257404212594,0.0,0.0,1.3944549748440334,6.422669887542725,3.9157118797302246,28.908018112182617,2.344508410624955,1.0876803174196532,0.31269239146118794,
ISIC_4757362,0.295,0.0,0.15,0.0,2.002645513759857,2.9774587154388428,6.6222453117370605,52.28720474243164,2.4383842884162767,0.9486389240905619,1.1113410404711885,
ISIC_4760114,0.293,0.0,0.0,0.2680856593733542,1.215255461092705,3.841381549835205,3.983506441116333,92.4871597290039,2.9848002943778043,0.6712717690575158,0.5710342528636554,
ISIC_4760917,0.373,0.0,0.0,0.0,1.3419107116330964,2.1816036701202393,3.6050808429718018,37.13468551635742,2.292072003481586,0.9946005169900282,0.40494287510343213,
ISIC_4773462,0.344,0.4614944898231525,0.0,0.0,1.0508701140472372,2.678682565689087,2.406104803085327,20.227336883544922,1.5826228722290572,0.07325246293428861,0.9823526207980592,
ISIC_4780727,0.235,0.008356007151319822,0.0,0.0,0.5453091824657726,3.0229101181030273,4.043842315673828,23.14103126525879,1.824555719341298,0.18041638583389677,0.3678252671590356,
ISIC_4781223,0.241,0.0,0.0,0.0,0.6094794465720791,2.032228946685791,5.094614505767822,21.670141220092773,1.9934319984713318,0.0005183969719902303,0.609051116928773,
ISIC_4784251,0.432,0.0,0.0,0.12,1.12902477535002,3.2376797199249268,2.8000855445861816,42.70586395263672,2.647939441020795,0.9182793761856851,0.21418417644970886,
ISIC_4787120,0.328,0.0,0.0,0.0,1.5422744999019753,4.906399726867676,4.058542728424072,38.583152770996094,2.4539667555121283,0.6752803944860797,0.8750569204581495,
ISIC_4787531,0.494,0.0,0.0,0.12,1.3049535971012802,1.7138676643371582,3.8707494735717773,50.6715202331543,3.0062408872758124,0.34060091837439366,1.010098825827384,
ISIC_4793606,0.458,0.0665603635293554,0.0,0.0,2.0418751104304182,6.948195934295654,6.470993995666504,21.3797607421875,2.02384565252007,1.1426326866520824,0.9305042680956102,
ISIC_4810485,0.169,0.0,0.15,0.0,1.0326110936635926,2.582545042037964,6.608349800109863,29.743104934692383,2.0921059228576926,0.15393409267886812,0.8903719394770591,
ISIC_4817275,0.371,0.0,0.0,0.0,0.7072561533528215,1.3016682863235474,2.4429545402526855,24.28071403503418,2.122772964640504,0.7061527914762296,0.0011262471769463598,
ISIC_4835535,0.312,0.0046317444466871345,0.0,0.0,1.5767743579088898,4.01146936416626,5.26439094543457,31.221153259277344,2.08125547140978,0.9702302141245185,0.6151212315565243,
ISIC_4836901,0.289,0.2519174471962605,0.0,0.0,1.1713304560516091,3.00935959815979,3.8817851543426514,21.75826072692871,1.714387219348339,0.24981349502032654,0.9496207175712263,
ISIC_4842587,0.445,0.001471614510578954,0.15,0.12,1.2244439848688793,2.8822548389434814,5.027882099151611,40.408782958984375,2.625659927737782,0.4740658479307568,0.7524351156155229,
ISIC_4845560,0.261,0.0,0.15,0.006057164489873178,1.9134694352757267,4.5074543952941895,5.543726921081543,55.16596603393555,2.470558816088767,0.9443546554572415,1.0795574130671057,
ISIC_4845899,0.298,0.0,0.0,0.0,1.0286385564906153,2.22682785987854,5.162789344787598,17.303361892700195,1.3303891334934206,0.30678016742740666,0.7260880835647164,
ISIC_4846741,0.268,0.0,0.0,0.0,0.5365078047639438,3.1200969219207764,2.870518445968628,38.3305778503418,2.3895329200670883,0.16568930746384838,0.37211347754316193,
ISIC_4848011,0.241,0.0,0.0,0.0,1.0387148761194718,2.992227077484131,3.7758123874664307,34.54404067993164,2.382791937399103,0.041461588446093295,0.9998411546185711,
ISIC_4851185,0.683,0.0,0.0,0.0,1.588381815300468,2.0836009979248047,4.52846097946167,10.112984657287598,1.7328535274056134,0.981728731354873,0.6427132531409331,
ISIC_4851652,0.421,0.0,0.0,0.12,1.1828316620031059,3.2301576137542725,4.610730171203613,37.91432571411133,2.598761224361041,0.639803005786775,0.5610880784814358,
ISIC_4854971,0.131,5.6655217591445064e-05,0.0,0.0,1.2011511876243348,2.2836573123931885,5.286225318908691,17.439340591430664,1.6847456228334716,0.33435548444449387,0.8676110646041877,
ISIC_4874581,0.384,0.0,0.0,0.0,0.16901297695973294,3.3149688243865967,3.4099280834198,51.204505920410156,2.7074895699430357,0.11043108320145852,0.05861880095024592,
ISIC_4886164,0.327,0.0,0.0,0.0,0.9961619537248149,2.473824977874756,3.673884868621826,55.10190200805664,2.495001090685935,-0.0,0.9961619537248149,
ISIC_4886295,0.269,0.0,0.0,0.0,1.3984723903746379,4.572840690612793,4.323197364807129,45.01250076293945,2.438300281138428,0.9326055800588984,0.6057101353110351,
ISIC_4894802,0.391,0.0,0.0,0.0,0.8848642888943373,3.5031015872955322,3.679776430130005,38.79954528808594,2.5254559592025734,0.7838986650088323,0.10493168338565624,
ISIC_4916704,0.683,0.023310682714863536,0.0,0.0,1.4006213443860098,4.232341766357422,5.656505107879639,11.048413276672363,2.3372242279856956,0.32773771959475057,1.0809223448450835,
ISIC_4918621,0.451,0.05776317405724112,0.0,0.12,1.2211745022875247,4.260133266448975,4.4745965003967285,41.700660705566406,2.7753616863922064,0.3112861280379484,0.9142453948299174,
ISIC_4919503,0.22,0.45159550883545635,0.0,0.0,0.08862045154598257,3.170334815979004,2.0753579139709473,17.34159278869629,0.9995183348329406,0.07785049533887521,0.010782947179058578,
ISIC_4923819,0.307,0.19170026084894476,0.0,0.0,1.179467848054911,4.6448974609375,5.140898704528809,33.80290985107422,1.9642781500937936,0.6661054530196606,0.5565175740447015,
ISIC_4937672,0.777,0.0018173071783633545,0.15,0.12,1.7016111645763488,4.788941860198975,8.300737380981445,37.66728973388672,3.116624274928803,0.8395074452141214,1.0876534827964228,
ISIC_4939763,0.416,0.0,0.0,0.0,1.6984569035710124,3.790273427963257,4.264265537261963,42.50925064086914,2.603950900914279,0.9398341919317847,0.7752066855174494,
ISIC_4951213,0.447,0.0,0.15,0.12,1.5591789521955615,2.8715410232543945,7.596473217010498,73.1670150756836,2.9762117857205244,0.6782842238461579,0.9807694482893614,
ISIC_4953281,0.162,0.0,0.0,0.0,0.9983247016164168,2.0128138065338135,4.259548187255859,19.35991668701172,1.8387260541003614,0.0003036908997960967,0.9980399920626145,
ISIC_4955345,0.136,0.0,0.0,0.0,0.9354169941645578,1.9433212280273438,4.796977519989014,18.44348907470703,1.5291775785139503,-0.0,0.9354169941645578,
ISIC_4961146,0.427,0.052680998677775495,0.0,0.12,1.7752004399123738,4.240634918212891,5.962688446044922,77.93058013916016,3.0214935201256714,1.0209469962453734,0.7702515176154374,
ISIC_4968641,0.562,0.00032533550223668155,0.0,0.0,0.689468436038337,3.294182777404785,4.482245922088623,27.269651412963867,2.17507885661934,0.33372485853464634,0.41089252681370136,
ISIC_4969277,0.693,0.0,0.0,0.0,1.9294865734811015,1.643975019454956,3.4548168182373047,24.677099227905273,1.8793354365575563,0.9982611604897638,0.9325234243522347,
ISIC_4974868,0.391,0.08598561516673067,0.0,0.0,1.0459010432593328,6.518173694610596,2.866419792175293,43.959190368652344,2.349131219702565,0.8685243203312847,0.17863678965097324,
ISIC_4980656,0.492,0.24409055242248182,0.0,0.0,1.874134431670405,6.6779279708862305,5.377445697784424,32.258113861083984,2.570976444806737,1.2068077567864675,0.6789262326908299,
ISIC_4981008,0.261,0.0,0.15,0.33211069208382843,2.130148684160965,6.094264507293701,9.691238403320312,91.4049072265625,2.9384131331660575,0.7563365661318813,1.4874613568021675,
ISIC_4985027,0.424,0.00510266737175037,0.0,0.0,0.4536108360959603,2.7339603900909424,3.2120516300201416,31.351974487304688,2.1687698032493357,0.354765526981319,0.09960581826412639,
ISIC_4990737,0.592,0.0,0.15,0.12,2.0923909473512494,2.910282850265503,11.6671781539917,72.16315460205078,3.3270691406885438,0.7014632897767896,1.5760836344433449,
ISIC_5010212,0.471,0.022017882050265686,0.15,0.0,1.803740056411632,6.687936782836914,5.5664896965026855,63.84494400024414,2.9334204496501672,1.065151722592782,0.8629238114789792,
ISIC_5010590,0.682,0.0,0.0073457594009441645,0.12,2.1060544437659074,3.8268494606018066,7.2419819831848145,44.80669403076172,3.1061213630116473,0.9928035847998886,1.217466825029313,
ISIC_5012399,0.385,0.0,0.15,0.0,0.8716026642235541,3.8177051544189453,4.63075590133667,47.522029876708984,2.668839929560429,0.09609609985990589,0.7764215334764937,
ISIC_5017355,0.261,0.0,0.0,0.4681661282199319,1.712916457026533,4.362288951873779,6.399921417236328,90.84056854248047,2.6834142159208745,0.9589336450982009,0.8744789055929905,
ISIC_5019119,0.486,0.0,0.15,0.12,1.9212496446184804,5.253999710083008,7.711692810058594,43.77687072753906,2.897913137308669,0.8745579973610222,1.174935546579981,
ISIC_5022731,0.252,0.0,0.0,0.007881773399014778,0.392685761897553,2.0568504333496094,3.041933298110962,53.260650634765625,2.522086064034122,-0.0,0.392685761897553,
ISIC_5023550,0.254,0.0,0.0,0.1464876448135003,1.9582801170635737,2.2416303157806396,6.020803451538086,82.25778198242188,2.6839325157347744,0.9999210234078335,0.9605448288119691,
ISIC_5032675,0.378,0.0,0.15,0.12,2.301914764087785,5.435050010681152,9.791605949401855,51.74692916870117,2.6646155324758096,0.997700456480151,1.5659907148645753,
ISIC_5038394,0.238,0.0,0.0,0.0,1.2455499642865997,2.2654683589935303,4.896504878997803,20.664228439331055,1.8557179752969288,0.7054384992888874,0.7350065103293548,
ISIC_5055083,0.238,0.0,0.0,0.0,1.6712599294697748,3.489736795425415,4.803633689880371,42.8009147644043,2.227663700617257,0.9569858574408032,0.7176483853416084,
ISIC_5061591,0.479,0.17253783551693438,0.0,0.0,1.0948279036116921,3.4376537799835205,4.129275798797607,14.91042709350586,1.1279734754099282,0.5682613422873076,0.6582130508563645,
ISIC_5063002,0.346,0.0,0.0,0.0,1.5109782310644697,4.4682464599609375,4.6878743171691895,35.179351806640625,2.24461251426546,0.8654769182650919,0.7536547283753038,
ISIC_5063454,0.349,0.0,0.0,0.0,0.8621162112408361,1.4367226362228394,3.2951037883758545,22.287155151367188,1.7758396017986657,-0.0,0.8621162112408361,
ISIC_5063476,0.628,0.0,0.0,0.12,1.700432040166246,2.5755486488342285,4.188821792602539,43.574974060058594,3.0164845610615934,0.950552294965262,0.8685014171500509,
ISIC_5068413,0.316,0.0,0.0,0.0003735873727468012,1.7951760549575186,3.6543774604797363,6.41868782043457,56.87037658691406,2.7126234303728936,0.9114605303406091,0.9696195007670715,
ISIC_5076357,0.459,0.0,0.15,0.12,0.9382623603800238,2.915560722351074,7.720214366912842,68.86495971679688,3.2513863392538624,0.15174255514985097,0.7916771900096022,
ISIC_5077664,0.642,0.021857321958230133,0.0,0.0,1.2698580565323454,2.5692622661590576,2.5010528564453125,10.392284393310547,1.4592055663007226,0.9869095396127421,0.3657969738416649,
ISIC_5078271,0.372,0.0,0.0,0.0,1.3355349748980951,2.1023600101470947,3.4972376823425293,50.276939392089844,2.670876403917967,0.3829576722723534,0.9775178592602667,
ISIC_5080908,0.207,0.0,0.0,0.0,1.2099678617770049,2.615571975708008,3.8411331176757812,37.143863677978516,1.9143759532919709,0.9748385849350426,0.23719041514109493,
ISIC_5088064,0.473,0.0029784065524944155,0.0,0.0,0.990636003136438,2.212850332260132,4.200367450714111,63.31591796875,2.718939101988358,0.006913259158587221,0.984397146331843,
ISIC_5091996,0.535,0.0,0.0,0.12,1.7182475014387506,1.6035782098770142,3.1636762619018555,49.864566802978516,2.7558176018951217,0.8042870390727945,0.9193729479867092,
ISIC_5092532,0.469,0.0,0.0,0.0,1.1119531918413934,3.0251615047454834,4.3568572998046875,27.016326904296875,2.178396217537286,0.25557713585264447,0.8574451321524736,
ISIC_5093839,0.386,0.08688563702878957,0.15,0.12,2.591730772574262,5.087040901184082,11.711954116821289,55.213531494140625,2.840293764473392,1.0071210536637256,1.6435384608467385,
ISIC_5103206,0.332,0.0,0.15,0.12,1.8382116225762124,5.450296878814697,6.344272136688232,41.517372131347656,2.790389389897782,0.8732477533716335,1.0568884438179418,
ISIC_5105824,0.69,0.0,0.15,0.12875305241020918,2.291704119458253,3.805959701538086,10.907154083251953,85.22345733642578,3.6147585217204874,0.8523126544561175,1.5368447591115517,
ISIC_5106902,0.407,0.0,0.15,0.0,2.066840535144762,3.0045669078826904,8.551054954528809,27.33401870727539,1.980217902743215,0.9170975632574078,1.407697182933188,
ISIC_5123323,0.193,0.0,0.0,0.0,1.4825232729508384,3.5387539863586426,4.402016639709473,31.647571563720703,2.3685515345374806,0.8600705963224926,0.734519372729791,
ISIC_5126567,0.468,0.0020836738029089722,0.0002179005284087814,0.12,1.4657334086615823,4.1786417961120605,6.072126388549805,42.234397888183594,2.810337438969746,0.5825080948819916,1.0017315361359524,
ISIC_5127003,0.395,0.00016063235604161716,0.15,0.12,1.583263849703524,3.6634747982025146,5.620652198791504,32.875144958496094,2.403459506285716,0.8425615305833329,0.9729332587001613,
ISIC_5129541,0.282,0.0,0.0,0.01640345117554227,1.4880343151952957,2.9775984287261963,3.0994083881378174,64.85733032226562,2.633624394280355,0.6624033767791728,0.8285339419331214,
ISIC_5133582,0.288,0.02729114559281632,0.0,0.0,0.9590377576524205,3.3187291622161865,3.3266897201538086,28.70722007751465,2.0927660284098066,0.9119540562019659,0.047337179910638044,
ISIC_5140952,0.524,0.1707971984219399,0.0,0.0,1.4865517773531691,4.902210235595703,3.67279314994812,17.06566619873047,1.8807711693914126,0.9929218677634246,0.8818270734825225,
ISIC_5144082,0.221,0.00018135038026907864,0.15,0.0,1.4058599365925262,3.3203916549682617,5.949976921081543,34.60356903076172,2.3734134063877796,0.5647087421327117,0.8654936495628973,
ISIC_5144687,0.398,0.0,0.0,0.0,1.0627264314334055,1.9711085557937622,5.264875888824463,16.47446060180664,1.3985599029320481,0.34237694244878336,0.7339136345902377,
ISIC_5153848,0.455,0.0,0.0,0.12,1.0703447127767876,3.1069116592407227,3.627211570739746,54.1682014465332,2.860509057980942,0.21867897721064783,0.8677055132967013,
ISIC_5156491,0.222,0.0,0.15,0.0,2.013664325224489,3.424412965774536,6.230136871337891,19.540632247924805,2.158874377851481,0.9925831858205403,1.0745940537730547,
ISIC_5157183,0.31,0.0,0.0,0.0,1.6563340244540297,3.0809519290924072,5.521560192108154,39.85505294799805,2.4054086371147476,0.854125584129545,0.8813226377879884,
ISIC_5157495,0.239,0.0,0.15,0.21302894306784906,0.9627264497548504,3.339353084564209,6.112918853759766,75.5225830078125,2.8135081263222244,0.17234622262300842,0.7952333546699221,
ISIC_5168763,0.489,0.0,0.15,0.12,1.1742915002626584,2.3006718158721924,7.043345928192139,71.78085327148438,2.979486934018842,0.004375711311782615,1.1702382681728913,
ISIC_5172440,0.306,0.023918018928225326,0.0,0.0,1.5157151776823725,4.1449761390686035,3.386035442352295,33.701171875,2.3287866696188724,0.6047801847465812,0.9179501197382764,
ISIC_5172576,0.424,0.011282612700519794,0.0,0.0,1.250752604093428,4.829855918884277,3.8953874111175537,42.38372802734375,2.525135903922899,0.9122472416493218,0.3448828354314285,
ISIC_5173718,0.199,0.0,0.0,0.4473992249383474,1.4917962866914616,5.775768280029297,6.371753215789795,79.13960266113281,2.4989568685695485,0.99620209745284,0.9271588026238389,
ISIC_5175946,0.196,0.0,0.0,0.5225928514206821,0.9107089412418218,1.4800702333450317,2.6947169303894043,85.22000122070312,2.667392848275577,0.20638241260771006,0.7137645099555392,
ISIC_5176486,0.16,0.0001103433056095778,0.0,0.0,0.6948136645267926,2.664945125579834,5.504517555236816,36.485599517822266,2.093886166660984,0.079371571934648,0.6178025058522546,
ISIC_5182820,0.4,0.0,0.15,0.0,1.8482469280741358,3.2125043869018555,6.0058979988098145,28.36488151550293,2.5162917359509023,0.8505325426053025,1.092323673923473,
ISIC_5182952,0.473,0.18626188648042052,0.0,0.0,1.7104014359221942,3.491450786590576,5.5879902839660645,33.391998291015625,2.206560663969677,0.7707152497760853,0.9970764125361163,
ISIC_5183234,0.418,0.0,0.0,0.12,0.9393339195409035,2.4876296520233154,5.485816955566406,71.67695617675781,3.0033740630028,0.3813699521063482,0.7221336651830085,
ISIC_5194092,0.561,0.0,0.15,0.12,1.3108419782236735,4.309834957122803,7.96229362487793,46.479618072509766,2.9694889067325,0.3098107562536829,1.0260836131696165,
ISIC_5197483,0.332,0.0,0.15,0.0,1.7581309725202123,3.2679224014282227,5.3115339279174805,41.24916458129883,2.4652400193505555,0.9599540049948914,0.9470416621330258,
ISIC_5203599,0.665,0.002256894106215079,0.0,0.0,1.9476690937817527,2.8281474113464355,5.99707555770874,13.182114601135254,2.053914836226225,0.9494651640073943,1.0586967479191536,
ISIC_5207549,0.829,0.0,0.0,0.0,0.9535178065111625,1.0804743766784668,4.7819294929504395,25.75521469116211,1.57188436538402,-0.0,0.9535178065111625,
ISIC_5218005,0.322,0.0,0.15,0.061630778704364855,1.9409598945143003,4.274653434753418,7.239959716796875,61.183494567871094,2.630160393395813,0.9403169343763512,1.0723168257220372,
ISIC_5224960,0.473,0.34864094213576746,0.0,0.0,1.92853625120766,6.283538818359375,5.4706220626831055,20.73084259033203,1.7728651895618428,1.0539586508687742,0.9680943652687148,
ISIC_5230761,0.279,0.0,0.15,0.36395614959825645,1.9032441565339044,4.881965160369873,10.231912612915039,102.22132873535156,3.2185415015553986,0.47160596729310417,1.5049211977982682,
ISIC_5233519,0.522,6.740247704103126e-05,0.0,0.12,1.8837409430580252,5.286125659942627,5.389925956726074,40.15946960449219,3.005310997469681,0.9912081676784048,0.9206921764457278,
ISIC_5239106,0.392,0.0024861566278675555,0.0,0.0,1.617209073452074,3.0046050548553467,4.415815353393555,34.791988372802734,2.301092935703565,0.893253015205473,0.7306555549386871,
ISIC_5240279,0.28,0.0,0.15,0.7275495165757041,1.7696101097502472,7.085688591003418,8.167119026184082,118.21746826171875,3.3044389265902994,0.9183716621125633,1.0263282068535367,
ISIC_5241686,0.364,0.0,0.15,0.12,1.6574036861964307,2.610825300216675,6.542766571044922,64.23407745361328,2.8983046600826436,0.6423528580748998,1.1145621979771176,
ISIC_5242239,0.607,0.017271506736562296,0.0,0.0,0.6576279163538742,2.965472459793091,3.3248188495635986,10.67476749420166,2.237218997543417,0.35833816538176333,0.30161867685715393,
ISIC_5246923,0.238,0.0,0.0,0.28837236262462324,1.6478772002097395,4.978476524353027,4.874511241912842,74.52364349365234,2.676277564605724,0.9415150179458893,0.85387584005968,
ISIC_5247560,0.855,0.04952362333756907,0.0,0.0,1.1408775018115753,4.1324005126953125,3.6580333709716797,14.851972579956055,1.4557566245067464,0.9874320786171158,0.1604103944096614,
ISIC_5250589,0.355,0.0,0.15,0.0,1.2504586898096,3.641904354095459,6.50217342376709,26.77952766418457,1.9974569485284381,0.2891357201545785,0.9972671701310709,
ISIC_5253746,0.422,0.0,0.0,0.0,1.045965846263736,3.135897636413574,4.4322733879089355,38.38066482543945,2.658305873737032,0.06553037108449655,0.9856028600980145,
ISIC_5264073,0.366,0.0,0.0,0.0,1.1729481206308678,2.4440267086029053,3.472930908203125,42.36929702758789,2.470498324393486,0.3574748573584676,0.8222690771743459,
ISIC_5267208,0.67,0.022445944521350108,0.15,0.0,1.4319124427995011,4.022945404052734,5.30684757232666,15.391590118408203,1.7554981535349417,0.8642735928115297,0.6408330478931855,
ISIC_5268446,0.463,0.0,0.0,0.12,0.4551591796745081,2.6393394470214844,4.7875776290893555,50.67082214355469,2.8144917306864965,0.06717427496678666,0.38878845165526993,
ISIC_5270147,0.319,0.0,0.0,0.12,1.085663922626636,3.474536895751953,4.986603736877441,51.52194595336914,2.7917166459799994,0.08918890981335739,0.9981252981940172,
ISIC_5272223,0.316,2.6121041641838072e-05,0.15,0.0,1.6884749257542004,2.767767906188965,4.978784084320068,34.781673431396484,2.027131655400714,0.8995953287838326,0.9102465850848971,
ISIC_5274586,0.293,0.0,0.0,0.12,1.3795371321814298,2.2996299266815186,4.578856468200684,32.18110275268555,2.4290626630155696,0.49905133717790073,0.9810895072614598,
ISIC_5277926,0.125,0.0,0.0,0.0,1.0469007712241445,2.021451234817505,6.737708568572998,19.377216339111328,1.714822952810654,0.014571506945387032,1.0335784694842438,
ISIC_5288393,0.392,0.004646875355145025,0.15,0.12,1.6252309582189934,3.849844217300415,6.308483600616455,58.87578201293945,2.997591527664912,0.7517157928749134,0.9104103152461704,
ISIC_5289026,0.358,0.029497301871038963,0.0,0.12,1.2547627644637145,3.700711250305176,4.677030563354492,34.262794494628906,2.5514486648583814,0.7770223207232343,0.49865507383449903,
ISIC_5291129,0.276,0.20322130928721857,0.0,0.0,1.049757700186822,4.705305099487305,4.280476093292236,31.350366592407227,2.292735313201663,0.6734273102767079,0.39562168134441295,
ISIC_5291409,0.334,0.0,0.15,0.0,1.6190647959357993,4.282501697540283,9.560073852539062,40.007015228271484,2.5025707020461487,0.4892526636290752,1.2175667082868573,
ISIC_5294377,0.229,0.0,0.0,0.48468525257155953,0.6203397193333314,4.357809066772461,3.3105640411376953,82.26262664794922,2.5261130928356907,0.5370698243784658,0.08643732305635826,
ISIC_5296963,0.359,0.0,0.15,0.0,1.2250457846122886,1.6852655410766602,6.809884548187256,75.15361022949219,2.8378560426267536,-0.0,1.2250457846122886,
ISIC_5298608,0.12,0.0,0.0,0.0,0.8155255345226566,2.140855073928833,5.921720504760742,17.387428283691406,1.6200582728923378,0.09321739452906037,0.7225722445211417,
ISIC_5299587,0.557,0.0,0.15,0.0,1.161647248452177,1.8316128253936768,8.172371864318848,46.987403869628906,2.63932946325744,-0.0,1.161647248452177,
ISIC_5302330,0.161,0.4880608901131898,0.0,0.0,0.41956027586827105,2.9112448692321777,2.082944393157959,15.340755462646484,1.408405142662244,0.2600930941005992,0.16101368670145824,
ISIC_5312996,0.434,0.0,0.15,0.12,1.3387465873652185,2.374138832092285,5.500039100646973,54.207279205322266,2.7479008518495327,0.618808353283225,0.720985860547726,
ISIC_5314606,0.314,0.0,0.0,0.0,1.2481815704806818,2.262178897857666,4.827591419219971,47.80936050415039,2.356230080061203,0.7708432153172772,0.5057398546946206,
ISIC_5315062,0.27,0.0009596251270874507,0.0,0.0,1.5307877816595024,3.4959795475006104,4.809143543243408,24.772300720214844,2.0368337374096637,0.5514605253186984,1.0073505051370601,
ISIC_5322852,0.284,0.0,0.0,0.5014787324420483,1.0198225761258475,4.186855316162109,4.219472885131836,105.31722259521484,2.9586291603787824,0.38096300393201593,0.667616764858985,
ISIC_5324644,0.28,0.0,0.15,0.0,1.6560851373140193,1.880076289176941,5.529197692871094,38.702396392822266,2.4221690600255315,0.9907537442308259,0.8421040469959644,
ISIC_5330187,0.631,0.003185960455302174,0.15,0.12,1.9928811773421218,3.351785182952881,7.347466468811035,60.508113861083984,3.286248030087187,0.8768788104803871,1.177573376164939,
ISIC_5336115,0.412,0.0,0.15,0.12,1.2247276098823434,3.9171152114868164,5.758795738220215,68.22862243652344,2.9813753026750915,0.1804125940097047,1.0551170633887603,
ISIC_5343231,0.214,0.0,0.0,0.0,1.5545631157830209,1.4480727910995483,3.1368041038513184,28.377338409423828,1.8992866849226786,0.9202950141210113,0.8861082455760578,
ISIC_5344574,0.404,0.0,0.0,0.0,1.0928405171876665,1.1390385627746582,3.532503366470337,19.214725494384766,1.693229570420089,0.6797610522786306,0.41774081259945306,
ISIC_5350216,0.47,0.0,0.15,0.12,1.9765974224635807,2.9827795028686523,6.576531887054443,49.47364044189453,2.965295363152009,0.9677717971794051,1.1555372220469826,
ISIC_5350988,0.48,0.0008628872206402624,0.15,0.12,1.7720067353729185,3.700464963912964,12.303865432739258,36.32747268676758,2.7707820513157944,0.18094904172022896,1.6096459903010498,
ISIC_5356775,0.309,0.0,0.0,0.0,0.41907896382969495,3.1573424339294434,4.298435211181641,39.49323272705078,2.288782659119245,0.008193845131770487,0.4109529161258868,
ISIC_5357781,0.372,0.0,0.0,0.0,0.7016508556157042,3.3710384368896484,3.0303525924682617,44.71097183227539,2.3536765562244124,0.5832909257921842,0.12103654353855114,
ISIC_5358568,0.175,0.0,0.15,0.0,1.1952919173853593,3.5772390365600586,5.807215213775635,36.101078033447266,2.3482017025079047,0.6718801745370475,0.6018619338236549,
ISIC_5359186,0.241,0.0,0.0,0.0,0.8158447484032723,2.7843332290649414,4.174136161804199,25.082422256469727,1.9463200056952248,0.053143962413553195,0.76294606347686,
ISIC_5364599,0.232,0.0,0.15,5.8153058850895555e-05,1.198739879975063,2.2238681316375732,6.300104141235352,32.04787063598633,2.2302303016311353,0.00042501072243594627,1.198348527889384,
ISIC_5367118,0.622,0.0003736957834485127,0.15,0.12,1.8083832902052919,2.5544261932373047,8.542821884155273,22.501136779785156,2.7666763777242918,0.42779242540607487,1.3858307189016577,
ISIC_5367687,0.33,0.0,0.0,0.0,0.9586622952004911,3.5698418617248535,2.674468994140625,55.7639274597168,2.499811325751727,0.856905522933231,0.10866721054653802,
ISIC_5369000,0.942,0.09657045948903677,0.015337023804686337,0.0,1.1734142788940798,3.8799195289611816,7.340335845947266,10.670259475708008,1.68248004167149,0.2797178772114639,0.9418510244297931,
ISIC_5369680,0.358,0.0003549442626587544,0.0,0.12,1.6204664949321383,4.317755699157715,4.872464179992676,43.40070724487305,2.714269668631943,0.8446952223749759,0.786602949981049,
ISIC_5372934,0.269,0.0,0.0,0.0,1.1876926930868041,3.120450019836426,2.7456071376800537,52.27928924560547,2.4591931998896492,0.946222075921044,0.24596163415976413,
ISIC_5380664,0.426,0.0,0.0,0.0,0.8467901261972152,3.1899073123931885,4.154060363769531,29.01473045349121,2.2975863925644,0.33961318675603547,0.5115299179989916,
ISIC_5383160,0.42,0.0,0.15,0.12,1.9138206343991977,3.3539416790008545,6.521818161010742,64.02096557617188,3.051303839738705,0.8394148494685569,1.0799887485690223,
ISIC_5388184,0.416,0.019559725270452688,0.15,0.0,1.9884809586114123,4.687322616577148,7.7833781242370605,8.119916915893555,2.2042480495137813,0.738422898950152,1.2577711850272875,
ISIC_5390060,0.62,0.03710737657459806,2.5431494758710215e-05,0.12,1.588170961836893,4.787460803985596,5.439583778381348,38.351966857910156,3.057129135333591,0.5915183040877631,1.0065517310900924,
ISIC_5412380,0.204,0.0,0.0,0.6847570124102024,2.137174415431379,8.780409812927246,6.768012523651123,89.44153594970703,2.7774496481228965,1.3844855332339159,1.0535692694974708,
ISIC_5412550,0.212,0.0,0.0,0.3049944895789648,1.4327817692660973,2.428802490234375,3.2908382415771484,87.90711212158203,2.309169824986216,0.9636069230789647,0.47815866816520936,
ISIC_5415749,0.474,0.0007358330578749946,0.0,0.0,1.2871832841663304,2.5165247917175293,8.843775749206543,19.768888473510742,2.1660337732378996,0.03143048397172314,1.2563052659910525,
ISIC_5415761,0.351,0.0,0.0,0.12,1.5465202205914876,3.525972604751587,4.140204906463623,37.47257995605469,2.569544028321245,0.896932930322227,0.7592827827241202,
ISIC_5420096,0.34,0.0011925831477851575,0.0,0.0,1.356649066557756,2.73246169090271,5.5328168869018555,61.5554313659668,2.476953456285252,0.5718332082295845,0.7920363633003674,
ISIC_5420979,0.297,0.0,0.0,0.0,0.27765405758729794,2.314735174179077,3.7686641216278076,57.56535339355469,2.565412817618426,0.043204898199758354,0.23846972980557535,
ISIC_5423259,0.395,0.0024952596952431674,0.15,0.0,1.0962670259350453,2.3031115531921387,5.821706295013428,56.80127716064453,2.7574529170411752,0.021526733250930623,1.0828466718171255,
ISIC_5425721,0.451,0.4384845170663228,0.0,0.0,1.6477919715708458,5.858620643615723,4.306560516357422,24.50674819946289,1.593849829797707,0.8702980593065325,0.9563767219902681,
ISIC_5425768,0.452,0.0,0.15,0.12,1.7209052179887194,4.8919782638549805,7.725493907928467,81.70816040039062,3.1860384425115074,0.9928751974326564,0.9149194856894945,
ISIC_5426249,0.245,0.4169624924097342,0.0,0.0,1.3393484759988095,4.521998882293701,5.225340366363525,26.196882247924805,2.0631373748780293,0.48914073571426137,0.8776112287188302,
ISIC_5428941,0.284,0.0,0.0,0.0,1.6399105103556844,3.688977003097534,5.100324630737305,48.23689270019531,2.44005886521873,0.9855005877131122,0.655305968665684,
ISIC_5430595,0.423,0.0,0.0,0.12,1.956830020607252,2.8807756900787354,4.138477802276611,30.866111755371094,2.607159409534915,0.9990671842164252,0.9766580516207235,
ISIC_5457826,0.166,0.01131654270779228,0.0,0.0,0.16019136339417353,2.8628125190734863,1.6632061004638672,12.659418106079102,1.0559738129332974,0.1543968534970938,0.005809116868273804,
ISIC_5461210,0.218,0.0,0.15,0.4176759410801964,1.7265251582114434,3.6136016845703125,8.271402359008789,75.15711212158203,2.5699425564571228,0.6914712318973707,1.092140253358887,
ISIC_5464206,0.585,0.15803067044291758,0.0,0.12,1.1354770386308446,3.76391863822937,5.163933277130127,33.63631057739258,2.7709364817673214,0.49453285020591575,0.6672851961363004,
ISIC_5470777,0.3,0.0,0.0,0.0,2.019133226090183,1.9018665552139282,7.587506294250488,22.849872589111328,1.5037568413337998,0.9735001989646022,1.3342253705012344,
ISIC_5475653,0.325,0.0,0.0,0.0,1.2121687993483812,2.417694568634033,3.74106502532959,62.87218475341797,2.698233675478902,0.25364891458145955,0.970219361342145,
ISIC_5475721,0.303,0.0,0.0,0.09033822934914432,1.7684061379112763,3.143247127532959,6.457861423492432,59.263973236083984,2.794109885247238,0.8458254939409975,1.0442313934696428,
ISIC_5490004,0.305,0.0025830430399546534,0.0,0.0,1.6913755392607608,4.319347381591797,3.266763210296631,45.03662872314453,2.178655687468252,0.8599692994522877,0.9228023424772764,
ISIC_5490257,0.371,0.0805131993421236,0.0,0.0,1.2239387267284643,4.10817813873291,5.652769565582275,35.950565338134766,2.267693970989427,0.46930471988033606,0.7603404612334778,
ISIC_5495413,0.336,0.0,0.15,0.12,0.9559482288588351,3.764341354370117,5.47732400894165,67.52342224121094,2.8850761247270946,0.4133948403948399,0.5437497521429188,
ISIC_5509679,0.328,0.0006273771713131788,0.0,0.0,1.6296533503677368,3.4201016426086426,8.700608253479004,29.55641746520996,2.027092332248583,0.3008049520544859,1.363548161079122,
ISIC_5510526,0.294,0.0,0.0,0.7149896677793673,1.274382129784033,4.1096601486206055,8.966277122497559,108.52315521240234,2.9960339650767733,0.08995319143939821,1.187303823719187,
ISIC_5511054,0.297,0.0,0.0,0.0,1.65341631285668,4.14823579788208,4.692646026611328,48.50505828857422,2.329620628795174,0.9789733285713192,0.8341466221262676,
ISIC_5513367,0.276,0.0,0.0,0.5562521676493344,1.5189065447462278,7.644011497497559,5.330394268035889,101.3072738647461,2.947666806337198,1.0064628587966893,0.5671390707810742,
ISIC_5517161,0.349,0.0,0.0,0.0,1.67054495894905,2.664555072784424,3.5251450538635254,38.080013275146484,2.327825928824118,0.8303136015042123,0.9136703091397774,
ISIC_5520837,0.284,0.0947309954381157,0.0,0.0,1.1867418152390012,3.248838186264038,4.190885543823242,45.07370376586914,1.9156692853996606,0.6778062137438908,0.5215232136440745,
ISIC_5529223,0.464,0.0,0.0,0.12,1.556132859343112,3.3112359046936035,2.6225359439849854,51.7752571105957,2.794823259275452,0.8648995912823267,0.8389472049613538,
ISIC_5531260,0.136,0.0,0.0,0.0,0.9855736385047027,1.6550636291503906,4.504092216491699,13.174591064453125,1.1716373890441183,-0.0,0.9855736385047027,
ISIC_5531874,0.668,0.0,0.0,0.0,0.40817349881074344,2.372248411178589,4.010502338409424,16.06431770324707,2.2627962644024096,-0.0,0.40817349881074344,
ISIC_5534730,0.512,0.3708886238078809,0.0,0.12,1.6654321207078742,5.708280563354492,4.80389404296875,54.927093505859375,2.836143396877863,1.1588481977402927,0.566372696205284,
ISIC_5538169,0.472,0.0,0.15,0.12,2.099000438518546,2.270812511444092,6.402522087097168,57.91155242919922,2.9566474045995306,0.9544374116815522,1.1767088357083608,
ISIC_5539279,0.602,0.0,0.15,0.12,2.041370463747242,2.478421211242676,9.164628982543945,41.39114761352539,2.975727555716347,0.8033633411872064,1.3276090478680158,
ISIC_5544367,0.296,0.0,0.0,0.0,1.2470841639972967,1.9400242567062378,3.579113721847534,66.2175064086914,2.649081064668124,0.49070707982760164,0.7759898757174182,
ISIC_5549257,0.202,0.27025336573461706,0.0,0.0,1.7275842021048449,4.167283058166504,3.6739490032196045,25.785232543945312,1.865031611558161,0.7656350136929087,1.0090613537658828,
ISIC_5552385,0.439,0.012865310720227662,0.15,0.0,1.5518101602651204,4.14579963684082,4.971398830413818,37.33795928955078,2.7249761824081404,0.8260467337366277,0.9676678251030507,
ISIC_5552683,0.283,0.0,0.0,0.0,1.5296244018012946,3.5629494190216064,4.198254585266113,63.30018997192383,2.606903797526942,0.7768880139188017,0.7758916436734671,
ISIC_5553268,0.375,0.0,0.15,0.12051269116294591,1.6012465957984718,2.581132650375366,9.179357528686523,95.44218444824219,3.0670453933995825,0.07693550521467299,1.5300755256321614,
ISIC_5562336,0.382,2.624603028791895e-05,0.15,0.2618303981522795,2.4405977245268633,13.096597671508789,7.79022741317749,61.35740661621094,3.1810117288954642,1.5335192025371902,1.1146380088811179,
ISIC_5565053,0.223,0.0,0.0,0.0,0.9993732875992571,2.4707400798797607,5.523863315582275,26.809701919555664,1.9543543319555574,0.015827743186712262,0.9853276992987312,
ISIC_5566320,0.445,0.014079575401286328,0.15,0.12,1.8341095719012095,5.907144069671631,8.444682121276855,44.48300552368164,2.9830040390155395,0.9464115774863681,1.1987858172504935,
ISIC_5571037,0.392,0.04247746851873175,0.15,0.12,1.7134518852141922,3.6405622959136963,8.570476531982422,55.150001525878906,3.2395316023050804,0.539723356159427,1.2891866603600604,
ISIC_5581931,0.441,0.02533955397747825,0.15,0.0,1.5341081496202484,4.922478675842285,6.996925354003906,2.894859552383423,2.386849877597693,0.6397505389881999,0.9064475227243389,
ISIC_5592362,0.448,0.0,0.0,0.12,1.069035075248708,2.510836601257324,3.5901236534118652,41.835655212402344,2.670775190347321,0.9652419510712177,0.12207741212125695,
ISIC_5594342,0.261,0.0,0.0,0.0,1.1904802341131264,4.1395583152771,3.481553316116333,46.16051483154297,2.2891942769829923,0.2096135839810801,0.9912156371501868,
ISIC_5602394,0.745,0.007659388221563002,0.0,0.12,1.4550709069709535,3.982118844985962,5.680714130401611,33.90391159057617,2.808156283953168,0.5043475170051182,1.019437098238454,
ISIC_5605645,0.469,0.24069844747348443,0.0,0.0,1.0383016264540847,3.248307228088379,5.2031426429748535,21.535621643066406,2.0610802117911446,0.19153290387273572,0.8525299996352865,
ISIC_5619717,0.266,0.0,0.0,0.0,0.6510485081431492,2.3549535274505615,4.035996913909912,42.69110107421875,2.1477530409009717,0.3270993330689891,0.3538438365277059,
ISIC_5620802,0.32,0.0,0.0,0.0,1.1254993788213488,3.0057733058929443,4.943532466888428,31.905118942260742,2.3721688099128597,0.14468714592265203,0.9859833758120837,
ISIC_5629148,0.226,0.0003594173655337663,0.15,0.39530235197679553,2.357999200042851,9.703262329101562,12.587065696716309,91.88643646240234,2.898987522867754,1.2111646840840442,1.696343978201742,
ISIC_5629312,0.376,0.00516795865633075,0.0,0.0,0.7914147305411089,3.9760303497314453,3.781068801879883,47.03046798706055,2.48635160154869,0.5506933649771688,0.3588800343601292,
ISIC_5635429,0.439,0.0025299803684031316,0.0013660277388502532,0.12,0.4944715194636962,2.567997694015503,3.978224277496338,57.31357192993164,2.5834615100469165,0.06044233133442012,0.4553118144429824,
ISIC_5635819,0.574,0.0003077708287114277,0.0,0.12,1.442861466472702,2.7355761528015137,4.728298187255859,39.531864166259766,2.525815509516157,0.8005321853053227,0.6875859199232788,
ISIC_5638751,0.533,4.2847545881305156e-05,2.040359327681198e-06,0.12,1.4061053015585125,2.795701026916504,4.348719596862793,114.51406860351562,3.150062812151756,0.9619056521173783,0.4658154390942246,
ISIC_5643047,0.33,0.0,0.0,0.0,1.289841468456642,3.896167039871216,5.111330032348633,48.30561447143555,2.6005418939449036,0.23108882894130772,1.0750007146019862,
ISIC_5644364,0.351,0.4325108484611182,0.0,0.0,1.326325385863005,4.699972629547119,3.2019736766815186,18.589962005615234,1.2948147909578311,0.8965340792207336,0.5158183413139011,
ISIC_5651049,0.248,0.0009200627807544515,0.15,0.0,1.7163422669743262,7.31101655960083,7.680065155029297,44.533897399902344,2.407144082732262,0.946419456397615,1.1385726534822262,
ISIC_5652749,0.386,0.0,0.0,0.12,0.9756086346110566,1.5686466693878174,4.191546440124512,51.94989013671875,2.7981418645816962,0.0010829771244526313,0.9745459039443851,
ISIC_5659872,0.253,0.0,0.0,0.0,0.001244025805321646,1.9310005903244019,2.146792411804199,33.02650833129883,2.3017392136373234,-0.0,0.001244025805321646,
ISIC_5660553,0.224,2.380064579085579e-05,0.0,0.0,1.3922494329972435,3.7397284507751465,3.512082815170288,48.56840896606445,2.20813742362654,0.5053914055643548,0.9834722232420343,
ISIC_5664695,0.287,0.511492113790878,0.0,0.0,1.5108683036054873,4.907079696655273,5.343786239624023,33.951873779296875,1.9871833061134236,0.6004741487113137,0.940547701784832,
ISIC_5665171,0.288,0.0,0.0,0.041944042833764954,1.3007555430147304,2.9514262676239014,4.144326210021973,51.26014709472656,2.6489205468317802,0.5760781704329865,0.7835967338534372,
ISIC_5683180,0.248,0.0036405005688282138,0.0,0.0,0.7511926169555168,2.6284024715423584,4.1333208084106445,34.99045944213867,1.808267921842619,0.5175093663632321,0.25429019509263107,
ISIC_5683310,0.195,0.0,0.0,0.0,1.4783259170968563,3.08579158782959,4.560861110687256,17.11348533630371,1.5530078088729726,0.9983144626801793,0.4842881296196939,
ISIC_5692444,0.306,0.09935112371621331,0.0,0.0,1.5759237286971723,3.929536819458008,3.3822994232177734,28.32805633544922,2.0261506793722672,0.9988414136263832,0.8706925040165387,
ISIC_5699349,0.325,0.0,0.0,0.0,0.9279452170621338,3.1911046504974365,4.787776470184326,49.534873962402344,2.592997821777476,0.14105530857386775,0.7958158125101991,
ISIC_5713218,0.309,0.0,0.0,0.1996379421096685,1.5292577887022591,5.3380231857299805,5.4055399894714355,58.26443099975586,3.0328307254822864,0.6044281333628316,0.9943888854922847,
ISIC_5714835,0.406,0.0,0.0,0.12,1.702478967464061,5.087591171264648,4.611316204071045,48.79716110229492,2.6132489318616896,0.8955456871502432,0.8563606133087787,
ISIC_5719436,0.265,0.2813481665033406,0.0,0.0,0.9125384461419547,3.1477017402648926,2.957784652709961,26.994203567504883,1.4764376839314401,0.6458845856864421,0.40674470920204114,
ISIC_5733808,0.509,0.0,0.0,0.12,0.6876222822234208,4.520631313323975,3.0017924308776855,49.986328125,2.808261356327918,0.5856997866234759,0.10476162897336937,
ISIC_5744011,0.292,0.0,0.0,0.5057340382269215,1.867676346274754,4.460702896118164,5.51330041885376,100.48162078857422,2.813004056993825,0.9352668714166316,0.9700460981362438,
ISIC_5744196,0.49,0.027420741615115016,0.0,0.12,1.49268756329709,2.914733648300171,4.011817455291748,54.97920608520508,2.868594687960086,0.4943217868151531,0.9999701053892474,
ISIC_5747907,0.672,0.022664225646083717,0.0,0.12,1.1509132053843962,3.1070423126220703,4.867537498474121,24.73209571838379,2.795248623299259,0.18210593268220984,1.0154053402145307,
ISIC_5747942,0.424,0.0,0.0,0.0,1.7165555574722946,3.004974603652954,5.3424201011657715,28.644527435302734,1.904527205899833,0.9592936707250537,0.7668204898785564,
ISIC_5753291,0.42,0.0,0.0,0.12,1.222156738557026,3.1052372455596924,4.191786289215088,58.779388427734375,2.9669841771324257,0.6005570891227958,0.6274385754957105,
ISIC_5753627,0.372,0.0,0.0,0.0,1.9580726931518992,2.899775505065918,3.33186936378479,56.84743118286133,2.733745206359781,0.9638035641382163,0.9945566456895926,
ISIC_5754710,0.518,0.2011201792286766,0.0,0.0,1.083252854135517,3.7868282794952393,2.897648811340332,14.459086418151855,1.298611613305944,0.9841397395851597,0.11087480186024243,
ISIC_5763228,0.266,0.0,0.15,0.3271835892142949,2.1539675447559072,3.0997867584228516,7.74010705947876,86.05875396728516,2.8229089895528046,0.9846478208005762,1.2737518105183754,
ISIC_5767646,0.263,0.0,0.0,0.0,0.9555610897616886,1.619168996810913,4.574589729309082,24.7221622467041,1.5426142001807697,-0.0,0.9555610897616886,
ISIC_5767870,0.276,0.0016739373034391804,0.0,0.003516959182983328,0.7746451575480623,4.6258978843688965,3.9695637226104736,58.00590515136719,2.487998026378701,0.5254188596178894,0.40855992265214564,
ISIC_5770437,0.243,0.0,0.15,0.0,0.9838487960576079,3.3107619285583496,4.900442600250244,31.675745010375977,2.539259169727464,0.3646328562671437,0.6290364304595287,
ISIC_5771732,0.359,0.0,0.0,0.0,1.1168643360315682,1.655152678489685,5.366866111755371,33.7107048034668,2.2910865389964474,0.1501132981592686,0.9670361803682193,
ISIC_5771994,0.295,0.008750808349041676,0.0,0.0,0.12261479531057787,3.555203676223755,2.9694905281066895,22.533897399902344,1.5937862653072095,0.017337855802807254,0.10548145209107732,
ISIC_5785135,0.331,0.0,0.0,0.0,0.6354256199899957,3.4058425426483154,3.8109376430511475,17.01903533935547,1.4682192893761976,0.2181325716013209,0.4369708308252651,
ISIC_5789952,0.353,0.0001828073496171519,0.0,0.0,1.938953865913386,2.2554965019226074,2.816585063934326,47.6698112487793,2.399159247447255,0.9843683882758689,0.9548279904160437,
ISIC_5791118,0.379,0.0,0.0,0.0,1.36859810979899,2.75762677192688,4.4155731201171875,57.916481018066406,2.4198573268823456,0.9615053625839095,0.4539507495754261,
ISIC_5791954,0.353,0.0,0.0,0.0,1.0539779797608415,3.291934013366699,2.7497406005859375,50.10282516479492,2.416191077083694,0.7049129993973047,0.36843846449843154,
ISIC_5795436,0.428,0.11952365101081612,0.15,0.0,1.4346765692169368,5.455907344818115,5.439614295959473,30.638362884521484,2.1740460753311677,0.7305038820995895,0.7555399744301285,
ISIC_5797062,0.418,0.019474648747709225,0.0,0.0,0.5762555064005952,3.880708694458008,4.352103233337402,38.25762176513672,2.3693558752099864,0.1965826377280411,0.382317452308243,
ISIC_5798015,0.293,0.0,0.15,0.0,1.544228513178654,2.352029323577881,5.7230024337768555,47.12748336791992,2.346148231530636,0.9367484835613648,0.6850503254713046,
ISIC_5802893,0.449,0.015863803443606113,0.0,0.0,1.3478879362179066,3.1438989639282227,5.947120666503906,56.28428268432617,2.722253665444124,0.6240384584376051,0.7949910366581363,
ISIC_5807024,0.324,0.0,0.0,0.2521678860223335,1.1712161120232911,2.5442726612091064,2.2932064533233643,82.96253967285156,3.0270609651354436,0.7194413687983143,0.5570684594762199,
ISIC_5809270,0.388,0.0009842345104773046,9.661197648856979e-05,0.12,1.3096309748097177,3.0690481662750244,4.107829570770264,14.351194381713867,2.8322068414480692,0.9726077301852136,0.36516890155671383,
ISIC_5809901,0.093,0.0,0.15,0.0,0.9246823602229568,2.290186643600464,5.886876583099365,29.379579544067383,1.9828554392656275,-0.0,0.9246823602229568,
ISIC_5810696,0.472,0.0,0.0,0.12,1.075278657255958,3.319871187210083,5.364170074462891,36.865779876708984,2.8280136439523833,0.421182627622004,0.6627351265797083,
ISIC_5815193,0.248,0.04078387928956452,0.15,0.0,1.4406653548603097,3.3938987255096436,5.211845874786377,27.792320251464844,2.0384703199520686,0.9686104239272733,0.5379500933370601,
ISIC_5820693,0.449,0.0,0.0,0.12,1.6355776650930989,2.4381182193756104,3.9632394313812256,66.43798828125,2.981379652284078,0.7888721372671131,0.8468071233160325,
ISIC_5832792,0.41,0.0,0.0,0.12,0.4728621349532446,2.355548620223999,4.768904685974121,62.49388122558594,2.9071813834955305,0.05813242717636059,0.4154006458905023,
ISIC_5850457,0.277,0.0,0.0,0.0,2.0663956888559576,1.5349788665771484,7.315080642700195,19.352285385131836,1.392923908710648,0.9742919973943924,1.1773464645937164,
ISIC_5856859,0.502,9.977426073508687e-05,0.15,0.12,1.589205146059637,3.5451056957244873,6.89162540435791,35.983062744140625,2.7865566925791723,0.5167287568915098,1.0854238116047157,
ISIC_5863516,0.291,0.0,0.0,0.022898818860689913,1.5649636655665196,4.334475040435791,4.789117336273193,56.391883850097656,2.7208808501880095,0.824917264782407,0.7820571428298541,
ISIC_5863689,0.511,0.0,0.0,0.12,0.413120959806772,2.0009398460388184,3.7931222915649414,49.789527893066406,2.7327248642328046,0.011226617372279759,0.4020038612125012,
ISIC_5864088,0.308,0.06741149832040608,0.0,0.0,1.302196791548671,3.9886038303375244,4.713327884674072,20.896499633789062,2.082998198356766,0.3073878937992073,1.0189125594849775,
ISIC_5867911,0.619,0.042483188859915776,0.18401186362772093,0.21702252258793786,2.717529848060723,4.949191093444824,13.638855934143066,70.96416473388672,3.701997919353591,0.9469885726284668,1.873476617380146,
ISIC_5874097,0.231,0.0,0.0,0.0,1.4450770387092773,2.6328117847442627,4.40973424911499,16.44944953918457,1.6624776272723203,0.710224125400024,0.7609804509320928,
ISIC_5879011,0.321,0.0,0.0,0.0,1.740059576171031,3.98492431640625,6.019909858703613,36.7994384765625,2.576033658093207,0.7630977075410323,0.9992399278125369,
ISIC_5882472,0.151,0.0,0.0,0.12,0.8450402410677184,2.5141000747680664,4.171092510223389,31.594097137451172,2.4579662545663252,0.07680050671661308,0.7715865888952633,
ISIC_5889500,0.402,0.0,0.0,0.12,1.6644524057269612,6.745588302612305,4.750845909118652,78.318603515625,3.1721020659631907,0.9990468288842849,0.6826486209810656,
ISIC_5889858,0.646,0.0018564212838700195,0.0,0.0,0.3812012589125,3.714385986328125,3.458038806915283,5.483951091766357,2.2029701837692635,0.1498817312008115,0.23283299284343056,
ISIC_5891587,0.109,0.0,0.0,0.0,1.6568667571775897,2.192044973373413,4.6714863777160645,40.71577072143555,2.0577514060240185,0.881476351720883,0.950967401696121,
ISIC_5891752,0.434,0.0012190455550551448,0.0,0.0,0.9474649429894995,2.041760206222534,2.2876369953155518,34.53123474121094,2.3747893818064525,0.051214113728947804,0.9042077108325814,
ISIC_5892763,0.312,0.0,0.0,0.0,1.533524777241718,3.154029369354248,5.089999198913574,39.35934829711914,2.0829621054795617,0.9272896568712194,0.6168548530628675,
ISIC_5893703,0.275,0.00410324920082065,0.0,0.0,1.685701839461049,4.790314674377441,6.658878326416016,32.45063018798828,1.97756872382088,0.6467081658983779,1.0441596080486097,
ISIC_5901805,0.38,0.0,0.0,0.0,0.9638820036145105,2.7705371379852295,2.577617645263672,77.1474609375,2.614680643093489,0.5277338056006877,0.47273046512873407,
ISIC_5903611,0.626,0.0019682617788165826,0.0,0.0,1.7882797194974533,4.509170055389404,6.107051372528076,13.532755851745605,2.0964926808932076,0.9258997992199907,0.8850245950326046,
ISIC_5905688,0.257,0.0011866685208362306,0.0,0.0,1.8878411468526097,3.1306161880493164,7.7653422355651855,22.81238555908203,2.13291724742719,0.9615933066595013,1.0251609975347649,
ISIC_5909403,0.361,0.0,0.0,0.0,0.17878187579178453,4.526242256164551,3.330435037612915,40.16343688964844,2.5714460854111367,0.09700232798388282,0.0842256064558363,
ISIC_5912360,0.398,0.0,0.15,0.0,1.4459936463872212,2.1840832233428955,9.386045455932617,30.71906089782715,2.3771294900839006,0.16860263856597052,1.3622670947104836,
ISIC_5916190,0.434,0.0,0.0,0.12,0.5654900885422752,1.6610337495803833,4.080307960510254,45.02579116821289,2.559220218518367,0.012101570904744455,0.555918375584013,
ISIC_5918279,0.442,0.03648256825404189,0.0,0.0,1.1706907933901998,6.081864833831787,3.6407978534698486,54.901920318603516,2.5293671448350183,0.911696934458148,0.27412736979190366,
ISIC_5923557,0.457,0.02957462693020561,0.15,0.12,1.7615760363907298,6.157588958740234,6.074267387390137,44.95573806762695,3.0556283223849134,0.8763641061207611,0.9215451153225219,
ISIC_5926017,0.479,0.0,0.15,0.12,1.7140623091176352,2.429373264312744,6.564225673675537,78.76136779785156,3.1660047986850297,0.9970325373833737,0.9508760018312149,
ISIC_5926550,0.429,0.0007259845324962105,0.0,0.12,1.2816842662628924,5.303831577301025,5.673838138580322,52.56017303466797,2.8877323970545214,0.5902360691768435,0.7221612092833559,
ISIC_5937588,0.523,0.050081098495789546,0.0,0.12,1.622778015825562,3.2414305210113525,4.266626358032227,38.238426208496094,2.4769168784021383,0.7051598640628692,0.9417293902648486,
ISIC_5951892,0.286,0.0,0.017211591746259414,0.005389488324586281,1.7459843410703642,5.96685266494751,6.046262264251709,53.20903778076172,2.631906414721245,0.979017093987384,0.9408916304388074,
ISIC_5953692,0.16,0.0,0.0,0.8544828795246312,1.4948435413528995,4.217626094818115,3.7807531356811523,113.96931457519531,1.9541781229213482,0.5836006828434441,0.9115798271172233,
ISIC_5955057,0.261,0.3436307766282748,0.0,0.0,1.5838896978222994,5.162353992462158,4.070109844207764,36.601593017578125,2.1852123820979084,0.9359186764417815,0.6648563834766281,
ISIC_5962932,0.627,0.0,0.15,0.0,1.0119484058925854,3.039260149002075,5.928329944610596,31.32204246520996,2.8435382390867905,0.16950970578483907,0.8576334479446973,
ISIC_5970162,0.513,0.0,0.15,0.0,1.5102909709797478,4.246751308441162,5.561391353607178,37.79328918457031,2.7382641476463716,0.766457019981863,0.7685710988006093,
ISIC_5971127,0.217,0.0,0.0,0.0,1.002346966985734,2.310690402984619,6.483709812164307,26.515554428100586,1.9125528215055865,0.005348528714659073,0.9971585399786885,
ISIC_5981219,0.447,0.0006888890802469668,0.0,0.12,1.7244957984346123,5.4123969078063965,4.673234462738037,44.47542953491211,2.7019077616512983,0.9999220734354566,0.7538703201757562,
ISIC_5988729,0.198,0.0,0.15,0.0,1.0597957196929912,2.361509084701538,5.678731441497803,27.45257568359375,2.120652592346812,0.085323557646027,0.9754151773374897,
ISIC_5989151,0.187,0.11878129826367763,0.0,0.0,0.006449920324186172,2.6987688541412354,2.830225944519043,12.377057075500488,1.1882919728501122,0.0007710853392878369,0.005678865539217135,
ISIC_5989969,0.247,0.0,0.15,0.0,1.6723718406941668,3.3220577239990234,6.103637218475342,28.647518157958984,2.3196025486652054,0.9485497977989858,0.8408509209978772,
ISIC_5993356,0.228,0.07105262928391835,0.0,0.0,1.5552093688436326,3.1229193210601807,2.8621737957000732,13.510687828063965,1.096584475837894,0.6752884601768645,0.998327441396368,
ISIC_5993743,0.298,0.0,0.15,0.2302368520805566,1.6637049777308335,6.126238822937012,6.85150671005249,80.85882568359375,3.0886654055324487,0.8124162755520302,0.9656078541925293,
ISIC_5994944,0.628,0.02991279712094148,0.15,0.12,1.9903243916532187,5.1645188331604,8.217109680175781,12.703669548034668,3.2073319835024057,0.6869183821890649,1.317364725805409,
ISIC_5997924,0.265,0.0,0.0,0.6281083510701585,0.25965458876763087,4.10000467300415,3.6333703994750977,93.0029296875,2.545024662887404,0.1779949081957667,0.08171012913840789,
ISIC_5998513,0.233,0.0,0.15,0.0,1.0795082457129725,3.6065776348114014,6.492243766784668,31.175045013427734,2.1607470429522966,0.27357924349582535,0.8538294004638306,
ISIC_6008220,0.436,0.0005610509504394368,0.0,0.0,1.114341964151538,1.676759123802185,5.452483177185059,31.996566772460938,2.0429815619247416,0.11747473694941049,0.9968691896238571,
ISIC_6012370,0.276,0.014611450079767496,0.0,0.0,1.6222802715696873,3.711768388748169,5.622291088104248,23.317283630371094,1.932593414475878,0.6908476192850345,0.9843909543884569,
ISIC_6013008,0.477,0.0006305859404558716,0.15,0.12,1.9516863007854814,3.7300033569335938,9.95838451385498,78.93262481689453,3.31985785818814,0.6250392624134484,1.500215340041815,
ISIC_6013412,0.809,0.0,0.15,0.1611080156013691,2.065059415500607,6.006909370422363,8.719318389892578,46.0633430480957,3.0253918204368637,0.7168811810131445,1.3754126022492354,
ISIC_6014600,0.503,0.0,0.0,0.12,1.5281498250161218,3.749464750289917,4.334101676940918,41.4816780090332,3.0550944185252007,0.6629242366022512,1.0292569401513367,
ISIC_6015221,0.4,0.005353364239768021,0.0,0.0,0.6924554735365003,2.2437551021575928,5.192905902862549,48.837608337402344,2.4363522777520665,0.0028807821159071156,0.6896177486907428,
ISIC_6023245,0.321,0.0,0.15,0.0,0.47348181854390853,2.807291030883789,5.046346187591553,44.8038444519043,2.4939672182430237,-0.0,0.47348181854390853,
ISIC_6023795,0.328,0.004724926971762414,0.0,0.0,1.6476420120743023,3.771540641784668,4.41491174697876,53.94963073730469,2.58673418641574,0.9292392022460194,0.847900220123984,
ISIC_6029052,0.435,0.3092028181292642,0.0,0.0,1.0678276691580018,3.550934076309204,2.7110257148742676,11.13924789428711,1.16782425723216,0.9033433903373624,0.2032452098912452,
ISIC_6033409,0.529,0.0,0.0,0.12,1.573810790133485,3.4008805751800537,5.562857627868652,41.91364669799805,2.850152405698069,0.8111700531329524,0.8671017199413364,
ISIC_6041385,0.281,0.0,0.0,0.0,1.415168664160912,2.503368854522705,3.991084337234497,28.66102409362793,2.153201202896196,0.9854012091401927,0.5066624531684052,
ISIC_6044114,0.502,0.001332389557396844,0.0,0.0,1.5713858113503785,3.5185420513153076,4.263143539428711,16.328113555908203,1.8004139918248745,0.9121758224820424,0.7755710110627141,
ISIC_6048752,0.35,0.0,0.15,0.15289464973257375,2.069308297964986,4.118033409118652,8.263434410095215,65.52623748779297,3.0258181088792013,0.9133762132779759,1.2252039286057852,
ISIC_6049882,0.487,0.0,0.0,0.12,1.4895466206872405,2.8792524337768555,6.148641109466553,47.87239074707031,3.063889739751499,0.5063283340123959,0.9928700094300731,
ISIC_6056121,0.388,0.015027873079199274,0.0,0.0,0.8543944269529625,4.118522644042969,3.9702024459838867,58.97017288208008,2.7254704224032857,0.30470773556602915,0.5517284330592249,
ISIC_6059858,0.352,0.0,0.0,0.12,1.5299000950590838,3.4572863578796387,3.792323350906372,42.224796295166016,2.636535470550471,0.9638644064101548,0.6154793960233391,
ISIC_6078205,0.376,0.004155794426139271,0.0,0.0,0.8663815756605511,5.049398899078369,3.1774139404296875,38.570045471191406,2.283127817758505,0.6460008279567336,0.22063741703869363,
ISIC_6080966,0.31,0.0,0.15,0.0,1.7654207586910706,2.194380044937134,6.2293596267700195,29.71656608581543,2.1762130805275617,0.7532130423521131,1.0438833236136849,
ISIC_6091412,0.5,0.0007467672837322643,0.0,0.12,1.2684789626668298,5.816878318786621,5.096877098083496,61.57857131958008,3.130578790570523,0.782184405211984,0.5061403898175454,
ISIC_6095734,0.405,0.0,0.0,0.0,1.3755827754776973,2.819286823272705,4.690516948699951,77.29996490478516,3.0198419661778804,0.8623998057770335,0.5540813989942115,
ISIC_6098021,0.406,0.0,0.15,0.12,1.4216334085091156,3.8652098178863525,5.223476409912109,53.160770416259766,2.745752220762637,0.4254765870454018,0.9978854278672411,
ISIC_6099563,0.446,0.008696885000202536,0.15,0.12,2.19232116289084,4.380386829376221,9.778504371643066,81.28094482421875,3.143620031910654,0.9123821739178585,1.5134115431422404,
ISIC_6115342,0.419,0.0,0.0,0.12,1.6351094245136242,5.136357307434082,6.008075714111328,67.72431945800781,3.1064925862610715,0.8019735588893088,1.029868467494067,
ISIC_6119036,0.596,0.0,0.0,0.12,1.0789090389591574,2.32918643951416,4.490779876708984,33.30708694458008,2.5072584696602305,0.6072597347133613,0.4740547445780902,
ISIC_6119202,0.688,0.0,0.0,0.12,1.5331634881608665,2.9155406951904297,5.524516582489014,39.603660583496094,2.9396948476118325,0.4372509096361361,1.1139437908709433,
ISIC_6119319,0.415,0.0,0.0,0.12,1.6425837339357314,5.3253278732299805,6.59032678604126,52.781070709228516,2.788555371863278,0.7714455056796847,1.0913121236351802,
ISIC_6119517,0.447,0.0,0.0,0.12,1.3103059953422869,3.498549699783325,3.940577507019043,31.17599105834961,2.4034945062064974,0.5375440735291923,0.8040234943796776,
ISIC_6128367,0.466,0.0,0.15,0.12,0.8048049476155932,3.5621542930603027,6.101900577545166,49.50776290893555,3.0200111481635106,0.04930961305103428,0.7605704180544383,
ISIC_6134081,0.24,0.0,0.15,0.522424023692507,1.8055863618958001,4.202188491821289,5.912550926208496,85.91690063476562,2.774115854664989,0.8570518792292368,0.982518310381844,
ISIC_6135643,0.232,0.0033700156143198633,0.15,0.0,1.1416976903397773,3.222245931625366,5.469789028167725,12.278716087341309,1.9959536457453095,0.2159676856273643,0.9264052891588905,
ISIC_6138020,0.304,0.0,0.15,0.0,1.449350460526608,2.6734232902526855,5.717792510986328,36.02709197998047,2.3448568001731256,0.49761839963424426,1.0371461676960387,
ISIC_6141356,0.447,0.0,0.15,0.12,1.540880569775202,6.780167579650879,6.117661476135254,46.756656646728516,2.841319398436999,0.7777173859167181,0.8082572826328855,
ISIC_6159600,0.787,2.4120578773287664e-05,2.0100482311073055e-06,0.12,0.982345893567511,2.3112680912017822,6.254763126373291,70.38445281982422,2.7384994258875412,0.2427247810441187,0.7747704128899076,
ISIC_6160419,0.493,0.0009709013082363613,0.15,0.12,1.8847513049216265,3.873084783554077,8.036186218261719,54.6229362487793,3.018459822103312,0.9457920609323531,1.0360647308299948,
ISIC_6161362,0.376,0.0,0.15,0.20635386380004803,1.96152040922758,3.98893404006958,6.204768180847168,65.82929992675781,3.2505892377638066,0.9656002693859047,1.0774728714213453,
ISIC_6163910,0.384,0.0,0.0,0.0,1.0413513806597812,1.9970537424087524,3.067993402481079,59.044315338134766,2.755961711005974,0.992130536524992,0.053353163024124295,
ISIC_6164551,0.244,0.0,0.0,0.4308677197133115,1.6813013470276057,3.688872814178467,5.751558780670166,98.67304229736328,2.7306561674918868,0.6954222158579945,1.0482805301088898,
ISIC_6165518,0.49,0.0,0.0,0.0,0.9154903097657077,2.049870729446411,2.9492454528808594,41.89016342163086,2.642445120181544,0.6314540866616943,0.3616224156070601,
ISIC_6179369,0.245,0.0029445594662985968,0.15,0.0,1.4917695701711322,3.205012559890747,7.00203275680542,28.82489585876465,2.224394947973177,0.7792683759160314,1.0064848036584153,
ISIC_6180140,0.16,0.0,0.0,0.0,0.7505907323861555,1.6230969429016113,3.9944963455200195,26.293048858642578,1.853249715146281,-0.0,0.7505907323861555,
ISIC_6186510,0.32,0.0,0.15,0.03817850359355165,2.144121067408757,3.002223491668701,7.850797176361084,69.09154510498047,2.8125481125060037,0.9888878610742302,1.4822265066729625,
ISIC_6195452,0.383,0.0,0.3960063067907367,0.3806950229213565,2.7118605505241167,5.516707420349121,24.665109634399414,80.54484558105469,3.35878020330051,0.835650034347212,2.3723419115519255,
ISIC_6195604,0.259,0.0,0.0,0.6641840757445042,0.9270257746077415,2.6487059593200684,6.667305946350098,99.55899047851562,2.701271390295984,-0.0,0.9270257746077415,
ISIC_6202682,0.371,0.0,0.0,0.0,0.6707651101402735,2.193880319595337,3.652353286743164,73.53230285644531,2.7235077951732403,0.06499785466274229,0.6061466104244685,
ISIC_6207818,0.57,0.0008348804993124018,0.15,0.12,1.9896388591193537,4.65615701675415,6.515415668487549,66.59359741210938,3.3317873043044606,0.9566853346411677,1.1004248331420552,
ISIC_6220625,0.645,0.013440529091597125,0.0,0.0,1.7647327286644947,2.780503749847412,4.02621603012085,11.207001686096191,1.3311140136452182,0.9852303628729289,0.9995647272973872,
ISIC_6225486,0.281,0.2050186404060987,0.0,0.0,1.1627916118261235,3.030076742172241,2.36687970161438,17.420103073120117,1.3673617651014434,0.9889021790563404,0.19816989466884338,
ISIC_6228536,0.289,0.4260949291205304,0.0,0.0,0.9987316576435148,4.6811394691467285,3.3492536544799805,38.0073127746582,1.8214152998913602,0.4881472742536081,0.5383129994331745,
ISIC_6228963,0.522,0.002369646834809781,0.15,0.12,1.608028432001964,3.1290853023529053,9.241479873657227,16.03154182434082,2.515429357407111,0.20054573396951314,1.4302993144655318,
ISIC_6232156,0.307,0.0005998667664339815,0.0,0.0,1.1709548253933715,2.974853038787842,2.983595848083496,60.72202682495117,2.4877521902460633,0.24119850092208162,0.937441571962836,
ISIC_6242110,0.236,0.0,0.0,0.0,1.2173094341640838,3.6285767555236816,4.051721572875977,58.10415267944336,2.294824327502627,0.8871146335000597,0.39333896902514015,
ISIC_6248008,0.518,0.12373417975536172,0.0,0.0,1.4954369178708422,3.893160343170166,4.697300910949707,18.625534057617188,2.321522523934162,0.8062094732828629,0.7063913853319188,
ISIC_6250232,0.5,0.11598126658005917,0.0,0.0,1.4781136422835093,3.2030282020568848,2.6113011837005615,11.017534255981445,1.7904656102124457,0.9962166013255969,0.4899539372019524,
ISIC_6256967,0.259,0.0,0.0,0.0,0.6093963897616714,1.9248408079147339,4.508971214294434,26.570165634155273,1.9095675741196483,0.23798331807451062,0.4429123097973862,
ISIC_6259246,0.511,0.041557445176139636,0.15,0.12,2.2702560758227133,5.098786354064941,8.615179061889648,30.425363540649414,2.6433612840733955,1.0001717407897837,1.3398495039581753,
ISIC_6278558,0.478,0.0,0.0,0.12,0.899562911293544,2.498054265975952,4.5263261795043945,45.29330062866211,2.9096940156937263,0.61320788892524,0.3014697142056017,
ISIC_6278944,0.494,0.0,0.0,0.12,0.2264380855401179,3.613269567489624,4.127475261688232,53.43152618408203,2.896005096246915,0.04071160854104008,0.18590076207633338,
ISIC_6279341,0.087,0.0,0.15,0.12,0.9597415786189569,3.5554616451263428,6.092636585235596,36.48667526245117,2.445061202811222,0.17052285214040372,0.7991620963350777,
ISIC_6284312,0.439,0.0,0.15,0.0,1.3096420692587476,3.4464306831359863,6.8773417472839355,39.56953048706055,2.5421744183864035,0.12201706767729606,1.2003771828466148,
ISIC_6285871,0.233,0.0,0.0,0.0,1.0955232122442808,2.4282724857330322,5.594160079956055,39.392127990722656,2.1561786404869774,-0.0,1.0955232122442808,
ISIC_6289619,0.468,0.0,0.0,0.00022797868399304666,1.5290626209621612,4.341273784637451,3.7684807777404785,55.23003387451172,2.809576025984623,0.994276000317173,0.5367425992988706,
ISIC_6289926,0.588,0.0,0.15,0.12,1.7731409704840582,2.6503005027770996,6.961614608764648,62.46584701538086,3.1524088948988274,0.9690701819404892,0.8071322008348284,
ISIC_6295805,0.382,0.0,0.0,0.0,0.7970981756681194,4.3246917724609375,3.311544418334961,58.313316345214844,2.8107663311581206,0.24212592526200805,0.5851044006688862,
ISIC_6296285,0.24,0.0,0.0,0.0,0.9326820041883072,1.3534018993377686,4.281105041503906,83.24471282958984,2.252120672023416,0.08238755055176109,0.8567768476153769,
ISIC_6299036,0.539,0.0,0.15,0.12,0.9161987136460448,2.728341579437256,5.7375640869140625,58.621402740478516,3.1482805851954443,0.06720816212076683,0.8498220033293861,
ISIC_6319742,0.257,0.0,3.8733089072790366e-05,0.014060111333422904,1.4707888457404468,3.461836576461792,4.171027660369873,95.2893295288086,2.39370131793036,0.5986853094072311,0.9018210957287505,
ISIC_6327728,0.301,0.0,0.0,0.0,1.5460098622089276,4.080214500427246,5.672770977020264,56.05469512939453,2.4307172715208774,0.7853363528881936,0.9306094621398302,
ISIC_6336781,0.45,0.0,0.0,0.0,1.5698218688452807,2.7633070945739746,4.168115139007568,30.951082229614258,2.3605929855479317,0.6298908849331945,0.9453661380823938,
ISIC_6343626,0.218,0.0011133649018673216,0.0,0.0,1.1207211277743487,3.1239607334136963,4.371877193450928,35.30986404418945,2.4164107913987696,0.8364399317702089,0.30328209203435674,
ISIC_6345354,0.493,0.3120724204927058,0.0,0.0,1.8041572525861196,5.831053733825684,7.338911533355713,40.00152587890625,2.4454270076881075,0.9764670963038814,1.0357438839398123,
ISIC_6348638,0.711,0.05401253059091517,0.0,0.0,1.5160057488242773,5.017343997955322,5.488405227661133,19.62788200378418,1.961936450984556,0.7950876815846029,0.9961408289619748,
ISIC_6352343,0.37,0.0,0.15,0.15912104565258572,2.2103576893666155,4.37498140335083,8.27139663696289,66.51212310791016,3.048502636490642,0.9982088477067108,1.2765029511667485,
ISIC_6352858,0.414,0.0,0.0,0.12,1.7893903983664803,3.886019229888916,3.404672861099243,55.93361282348633,2.863715854858739,0.9886671929579207,0.8007241197025865,
ISIC_6352997,0.471,0.009926934839891679,0.0,0.12,1.0758513590929981,4.061819553375244,3.4224061965942383,36.37561798095703,2.6550175831936143,0.3838596472743429,0.6921074127931929,
ISIC_6353654,0.34,0.0,0.0,0.5437873754152824,1.0842051466482745,3.1788477897644043,4.960143089294434,89.09612274169922,3.1070708844444885,0.11882354235210699,0.9852832385034211,
ISIC_6355154,0.266,0.0,0.0,0.2852055313506346,1.8004275961544314,2.9760937690734863,4.187821865081787,79.64030456542969,2.6408707878049955,0.96552789777132,0.9472634038953632,
ISIC_6365981,0.543,0.3789775622275481,0.0,0.0,2.3078417298632954,6.350689888000488,10.406462669372559,12.792767524719238,1.8254919491700252,1.0868701100938318,1.531291847057012,
ISIC_6366417,0.252,0.4600982046152104,0.15,0.0,1.9653701711699254,5.627129077911377,9.291773796081543,21.950916290283203,1.945543057922068,0.7771373305821516,1.2489190769769376,
ISIC_6367092,0.482,0.0052865293194448,0.15,0.12,1.6995294185709242,3.78487491607666,6.053034782409668,49.095088958740234,3.210067930446895,0.93707615584984,0.8292173442844022,
ISIC_6368918,0.539,0.0,0.15,0.12,0.9850168494415633,4.282561302185059,4.796834945678711,63.82356262207031,3.108727410537601,0.15358047182290435,0.8639293611276109,
ISIC_6369189,0.468,0.0,0.0,0.12,1.8519027995682862,3.1868367195129395,4.960306167602539,58.91863250732422,3.006212021733529,0.7756253456040272,1.0970389779059113,
ISIC_6374674,0.254,0.0,0.0,0.3853320645318344,1.5996472855574342,2.6543993949890137,2.5661189556121826,66.33657836914062,2.6766211638934285,0.7449677727083708,0.9536127136376215,
ISIC_6384448,0.354,0.20961493308288331,0.0,0.0,1.5547561920281856,5.638887405395508,5.07752799987793,28.30084228515625,2.238991917289818,0.8851816590484879,0.6965472550463039,
ISIC_6389005,0.442,0.7536108186000111,0.0,0.0,0.9492089015687675,5.904162406921387,3.272953748703003,16.168638229370117,1.154066297171291,0.8991033886684225,0.10986126517702102,
ISIC_6393708,0.374,0.0,0.0,0.0,1.4646335799272487,2.37072491645813,4.302174091339111,65.83131408691406,2.816546869177494,0.7595684671448709,0.765421118420092,
ISIC_6394582,0.24,0.0,0.0,0.0,-0.0,1.7455997467041016,1.6223585605621338,18.32831573486328,1.288201833505873,-0.0,-0.0,
ISIC_6396310,0.229,0.0,0.0,0.0,0.4332344655661059,2.183962106704712,3.386352062225342,34.90141296386719,1.7612509722738547,-0.0,0.4332344655661059,
ISIC_6398283,0.9,0.0004851442483074505,0.0,0.12,1.409499937083438,2.7281646728515625,5.023260116577148,7.706288814544678,2.612984897176934,0.6043115992170751,0.8250877036382013,
ISIC_6398669,0.377,3.6759975738416014e-05,0.0,0.0,1.9323993612197934,2.9701716899871826,3.224640369415283,50.48359680175781,2.47469413383947,0.9983067113578985,0.9357806285496868,
ISIC_6400148,0.305,0.0,0.0,0.004729996058336618,1.578199251405411,4.472319602966309,4.229868412017822,66.68968200683594,2.6844839853011635,0.8419071694543288,0.8021332847553646,
ISIC_6405019,0.454,0.0011694045924925945,0.0,0.12,1.6328199670135524,4.930861473083496,3.1183667182922363,55.102230072021484,2.8239657514232333,0.91468455583095,0.7809157367788584,
ISIC_6411939,0.28,0.0,0.0,0.0,0.8227526560912594,1.670690655708313,6.046926021575928,82.60138702392578,2.206446076908321,0.004572087303397382,0.8181876472957728,
ISIC_6414435,0.421,0.0,0.0,0.0,1.1250468532167708,2.274886131286621,3.9725208282470703,57.97085952758789,2.610390068890737,0.2549739770117933,0.8876824963924472,
ISIC_6420151,0.341,0.00021224944616160142,0.0,0.0,1.746346999789857,4.971683025360107,3.7046799659729004,39.459632873535156,2.351789464277649,0.9299013438599035,0.846007148689465,
ISIC_6428004,0.355,0.0,0.0,0.12,1.906226982998642,3.042536497116089,5.78262186050415,39.207366943359375,2.499902023490649,0.9992701190451181,0.9999993573736561,
ISIC_6428132,0.446,0.007431602289412963,0.0045548530160918164,0.12,2.1210658857316207,6.884183883666992,9.124444007873535,51.88161087036133,2.897136715830854,1.0252680746652392,1.2764867264532282,
ISIC_6434822,0.313,0.0,0.15,0.0,1.9074311504247636,3.7629942893981934,5.979166030883789,55.38540267944336,2.6276053128259327,0.9907288489069108,0.9886205634788433,
ISIC_6442452,0.38,0.0,0.0,0.17075808530496747,1.4362376990752403,5.026067733764648,4.396073818206787,74.45771789550781,3.1252123635856734,0.9160399956287244,0.6039586929927669,
ISIC_6450034,0.314,0.002400124012213113,0.0,0.0006409620003587994,1.445868789963111,4.058255195617676,5.349116802215576,90.09200286865234,2.763596392929861,0.7790529007208143,0.7020123202767119,
ISIC_6455558,0.256,0.0,0.0,0.06617074916741884,1.4357552949905785,3.977602005004883,3.1523334980010986,71.20664978027344,2.592309547828297,0.8262509331412511,0.7617341122664709,
ISIC_6461484,0.456,0.01884473347835863,0.0,0.0,1.4865957201958095,3.597736358642578,3.62439227104187,49.11495590209961,2.6300633904269426,0.9804485220021555,0.5099172089821307,
ISIC_6465119,0.298,0.0,0.0,0.000434959902134022,1.7712982431545694,4.596371173858643,5.001967430114746,52.360504150390625,2.5236777811424873,0.9822185773038379,1.0173213752141463,
ISIC_6466831,0.319,0.0,0.0,0.0,1.0530314458972663,2.3258092403411865,3.025702476501465,48.97409439086914,2.4312373061621035,0.9490980703781398,0.1284812317373695,
ISIC_6472700,0.46,0.0,0.0,0.12,1.4334295234391528,1.7784863710403442,4.822195053100586,72.34559631347656,3.0651981691954844,0.8011630276333761,0.8095469978698474,
ISIC_6480143,0.385,0.0,0.0,0.12,1.04626042158485,2.368532180786133,4.849658966064453,59.86992263793945,2.9192534448481124,0.4589700364436389,0.5882096067573661,
ISIC_6503533,0.439,0.0,0.0,0.0,0.20806595638736003,1.7460699081420898,3.01450252532959,13.715115547180176,1.5796697266027848,0.14255450629530056,0.06585396758188168,
ISIC_6508737,0.231,0.0,0.15,0.6134955021469234,1.8460367630055092,3.8015878200531006,6.991411209106445,100.5123291015625,2.757848565869606,0.674824509502726,1.2216266606767667,
ISIC_6522875,0.314,0.0,0.0,0.0,0.38631425248916185,2.958136558532715,3.487438917160034,55.180294036865234,2.2337339223584847,0.2841496362825978,0.12976954843694524,
ISIC_6529890,0.211,0.0,0.0,0.0,1.478472503475004,4.400387287139893,5.381887435913086,42.81039047241211,1.7996151425338591,0.5628595370160915,1.0339957502741755,
ISIC_6532815,0.334,0.0,0.0,0.0,1.0611137679609834,2.58070707321167,4.211148738861084,24.800655364990234,2.164489447855697,0.21549084738421026,0.8464291759617837,
ISIC_6534791,0.123,0.0,0.0,0.0,0.05391013505852728,1.380799412727356,3.259169578552246,25.884920120239258,1.4828490963828544,-0.0,0.05391013505852728,
ISIC_6538108,0.386,0.0,0.15,0.12,1.898865262220371,2.885498523712158,7.3163275718688965,42.78183364868164,2.9070460783041274,0.9293929893893049,1.0519690120337546,
ISIC_6539281,0.257,0.0,0.15,0.2160959869678268,2.0362144317545425,4.22767972946167,8.209372520446777,76.78470611572266,2.8447528402927786,0.7821748567444377,1.311530465900312,
ISIC_6549798,0.458,0.2852003886406654,0.0,0.0,0.7557729192420969,3.503603458404541,4.713916778564453,34.543121337890625,2.371093992383355,0.24749123508748727,0.5154744358015748,
ISIC_6550801,0.733,0.030398975817434302,0.0,0.0,1.3150441794505372,3.2982797622680664,5.513044834136963,7.108763217926025,1.5306243289113517,0.34320031925285177,0.9837694055068099,
ISIC_6551749,0.569,0.22011485707913617,0.0,0.0,1.8528906656252,5.974375247955322,6.34638786315918,30.563488006591797,2.5814964154666744,0.9561809713202585,0.9502530523566055,
ISIC_6561111,0.407,0.001438689685701638,0.15,0.12,1.99407154913339,3.0989632606506348,6.388952255249023,39.289363861083984,2.585797364685942,0.9908362020286354,1.052888113430694,
ISIC_6562871,0.286,0.03324065929694441,0.0,0.0,1.7437728928574243,3.6242849826812744,3.89994478225708,34.96255874633789,1.8248208168683357,0.9098706474961815,0.9794180423120349,
ISIC_6563965,0.271,0.00028418678176231327,0.0,0.0,1.0763461069649152,2.9846246242523193,3.2796924114227295,33.20785140991211,1.7935831718876647,0.7221518355346594,0.37221589338372046,
ISIC_6576436,0.356,0.0,0.15,0.12,2.2418927429253825,6.679393291473389,8.052163124084473,80.37954711914062,3.0427178411874602,1.1341325445166195,1.3179644820376326,
ISIC_6584815,0.512,0.0,0.15,0.12,2.0767523103285237,3.269202947616577,9.714967727661133,35.05364990234375,2.8869789221208118,0.6962300285488009,1.397568965387246,
ISIC_6590224,0.454,0.0005675934428791934,0.0,0.12,1.613040165503272,4.321150302886963,6.0517425537109375,33.18540954589844,3.0528439122338193,0.5716203985880166,1.041788704460245,
ISIC_6596655,0.408,0.0,0.15,0.0,1.5671509058852418,2.381661891937256,5.691803932189941,62.31192398071289,3.016701066128559,0.8355705503240167,0.7432009443173917,
ISIC_6596926,0.53,0.445590121469708,0.0,0.0,0.7445810918522264,5.603008270263672,2.2773149013519287,15.860832214355469,1.511007069652316,0.744361818921599,0.00022284315768252778,
ISIC_6604352,0.512,0.1929469952710291,0.0,0.0,0.9111399893381095,4.61570405960083,4.10161828994751,41.07915496826172,2.3740664652948347,0.5148692058919749,0.4228147264923132,
ISIC_6625102,0.383,0.0,0.15,0.12,1.4596049285096695,2.9122042655944824,7.694934368133545,38.076629638671875,2.641761323822699,0.6378380451114497,0.8227473428838843,
ISIC_6634524,0.317,0.0,0.15,0.0,1.2772579905132022,2.564352512359619,5.589799404144287,24.65941619873047,1.908720816681521,0.3509075315935781,1.0101942234923291,
ISIC_6635963,0.311,0.0,0.15,0.09430974278266857,1.6240475659846392,3.0107033252716064,6.192442893981934,73.9389877319336,2.8899930206439564,0.527809466619785,1.1047962157336846,
ISIC_6636694,0.313,0.0,0.15,0.18740297183410956,1.7753652644421933,5.0004658699035645,7.5680694580078125,77.93106842041016,3.003790676996383,0.6885343064590008,1.1987629742786496,
ISIC_6637633,0.353,0.0,0.0,0.0,1.9657287247933652,3.164234161376953,3.373599052429199,52.268898010253906,2.6237150410495853,0.9952642189405017,0.9982931261151349,
ISIC_6638137,0.353,0.0,0.15,0.18924907813796701,1.7164056537344923,4.064599990844727,8.575060844421387,75.70875549316406,3.131944047365199,0.5820830328050159,1.1953965171702947,
ISIC_6640040,0.293,0.07438956405396366,0.0,0.0,0.716498795947045,2.8421380519866943,1.3004330396652222,12.669806480407715,1.138768675786054,0.716498795947045,-0.0,
ISIC_6646939,0.236,0.0024406947984796155,0.0,0.0,0.9501121710386835,3.3109800815582275,4.800685405731201,34.11488723754883,1.9603904911372372,0.44174518929533835,0.5144902146688982,
ISIC_6648449,0.328,0.0006836262956854635,0.15,0.12,1.4760605883311253,4.521195411682129,6.417388916015625,65.98152160644531,2.8181703452123505,0.5623843032522579,0.9568473088018947,
ISIC_6648628,0.373,0.0,0.0,0.12,1.7649603415597719,4.033236980438232,3.6735167503356934,58.50071716308594,2.9102939363782094,0.9582568720008886,0.8407362459166852,
ISIC_6655070,0.187,0.0,0.0,0.5126340230827017,1.536045593634788,6.146606922149658,5.9043755531311035,99.71903228759766,2.427137158620274,0.9769076153513295,0.6585077775909429,
ISIC_6667219,0.368,0.0,0.15,0.12,1.4206339936960224,4.374536037445068,5.508278846740723,60.305694580078125,3.157030006696803,0.7265017472714725,0.7276682272421722,
ISIC_6667632,0.493,0.0,0.0,0.12,1.8844998226454694,1.9037275314331055,4.72946310043335,55.5839729309082,3.021998114062054,0.8893967159404305,1.0006222591119431,
ISIC_6674202,0.342,0.0,0.15,0.0,1.826557239391469,3.882235288619995,6.815525531768799,38.62772750854492,2.508601489785196,0.8811444736055842,1.1005318142705325,
ISIC_6683697,0.236,0.022434576441145354,0.0,0.0,1.9223529745394219,3.964024066925049,4.799553871154785,36.27532196044922,2.1593393265805805,0.942077148080521,0.9811679871673382,
ISIC_6691035,0.266,0.0,0.0,0.0,0.5175804869005146,2.818380117416382,4.03778076171875,47.184940338134766,2.4186321735981027,0.008664461054296376,0.5102219630320961,
ISIC_6693050,0.319,0.0,0.0,0.004097179987836497,0.6885417720918855,2.9948127269744873,3.5107779502868652,56.558631896972656,2.600931130245691,0.03660941289413203,0.653321285748492,
ISIC_6703027,0.3,0.0,0.0,0.0,0.4688141446388855,3.1033174991607666,2.971536636352539,49.30265808105469,2.555463467532678,0.008922338965086896,0.46009379304790515,
ISIC_6708112,0.61,0.0,0.15,0.12,1.9382446059626122,2.8162832260131836,7.923597812652588,53.27196502685547,3.1052818296285394,0.7862475657925494,1.2609919423017037,
ISIC_6714325,0.311,0.0,0.15,0.4956683424006611,1.173564147289215,4.3411335945129395,6.861843585968018,86.76522827148438,3.004610910400143,0.20171843279140597,0.9915080468554287,
ISIC_6721526,0.207,0.0,0.15,0.0,1.7106876359564653,3.439401388168335,4.938287734985352,38.09469985961914,2.3455697649219753,0.8012576387816738,1.0259819789949605,
ISIC_6729594,0.166,0.0,0.0,0.0,0.976639303063022,2.9206793308258057,4.033161163330078,25.893444061279297,1.9437445203398926,0.2316062344907088,0.7587874951085832,
ISIC_6730312,0.253,0.0,0.0,0.0,1.5610348924431543,3.715501070022583,4.226703643798828,52.15066909790039,2.3085783974339895,0.7339064496629557,0.9685364031093586,
ISIC_6736963,0.348,0.09434972482544354,0.0,0.0,1.4488286832738277,4.574431419372559,4.717700481414795,27.64023780822754,2.0639582633221316,1.0026440456361645,0.5008119678906723,
ISIC_6744732,0.531,0.02622678252155197,0.15,0.12,1.3888318912870519,2.156345844268799,6.607036590576172,31.77326774597168,2.6225174258866826,0.4424477401296307,0.9587452045921262,
ISIC_6747251,0.333,0.0,0.0,0.0,1.5603309718829423,3.0648603439331055,5.225475788116455,22.49993133544922,1.6597667341542663,0.8281970281598443,0.7490191430501824,
ISIC_6749742,0.585,0.0006643430706129287,0.0,0.12,1.0722039121867208,4.2660956382751465,5.438024044036865,26.1204833984375,2.5699868769399985,0.3177820772265865,0.7657502698884402,
ISIC_6765543,0.562,0.00014209389564624303,0.00011367511651699443,0.12,1.1243883209682723,3.5659964084625244,5.090386867523193,39.09220886230469,3.0071882785551547,0.543085561776046,0.5996207833600089,
ISIC_6767569,0.789,1.1890821450150085e-05,0.0,0.12,1.9919179520066255,4.495028495788574,7.016847610473633,12.684344291687012,2.96306581102724,0.9997707157512936,1.036480064556761,
ISIC_6768098,0.365,0.0,0.0,0.0,0.5454292272696892,1.6980618238449097,3.951326608657837,56.19660186767578,2.762575194965877,0.13756729058267994,0.4081533596893093,
ISIC_6771825,0.275,0.0,0.0,0.0,0.5742137943327696,2.6144638061523438,4.0902838706970215,41.1592903137207,2.2812600011710056,0.09562734106441165,0.48034992971517787,
ISIC_6773668,0.323,0.0,0.0,0.2383922383922384,1.4541296281616034,2.7454066276550293,7.338958740234375,50.758426666259766,2.9467284926266744,0.327224803527284,1.1551277660709323,
ISIC_6780966,0.421,0.0,0.0,0.142861464919977,1.5606292155287043,3.831547975540161,5.60829496383667,47.46984100341797,3.079462257186006,0.8291652543860809,0.8189691001717109,
ISIC_6784593,0.351,0.09487233974842652,0.0,0.0,1.6023792778215848,5.80449914932251,5.626106262207031,42.68526840209961,2.073237525531083,0.937676797522872,0.6953888762118865,
ISIC_6788333,0.326,0.0,0.15,0.46710349160757564,1.5998487685662781,4.959803104400635,8.375410079956055,76.05171203613281,3.1639615981523534,0.4628113673815201,1.1668362802945713,
ISIC_6790517,0.682,0.0,0.0,0.12,1.099515467636712,3.475161075592041,6.295589447021484,32.53771209716797,2.865003559963535,0.1645637088926904,0.9376329401982832,
ISIC_6793626,0.353,0.0,0.0,0.0,1.3509247987421487,1.9575490951538086,2.3083858489990234,28.466533660888672,2.347629554891635,0.4236695301741497,0.9469586270737962,
ISIC_6801081,0.319,0.0,0.0,0.0,1.5033827075485697,3.600342035293579,3.8316709995269775,49.547916412353516,2.4735572805827983,0.8728241094179241,0.6973520140767683,
ISIC_6804655,0.811,9.962244193284385e-05,0.0,0.0,0.868702304808402,2.5016775131225586,2.108198881149292,18.04117202758789,1.116992161265053,0.7962406567890071,0.07576412969889526,
ISIC_6806266,0.327,0.0,0.0,0.0,0.8706386378450633,3.6014084815979004,3.3145461082458496,38.95013427734375,2.5053959542075885,0.3951341087646199,0.4885961817986656,
ISIC_6808448,0.234,0.0,0.15,0.0,1.0873323388238738,3.0569586753845215,6.11957311630249,33.92520523071289,2.376618931906272,0.02389511076091525,1.064823537403357,
ISIC_6809586,0.45,0.25874666643144245,0.0,0.0,2.1447960779851662,5.7628960609436035,6.809941291809082,25.529624938964844,2.224033035970304,1.065455950862659,1.1497781825635875,
ISIC_6813763,0.3,0.017752292002884317,0.0,0.0,0.5554115344813314,2.2783854007720947,2.8902487754821777,16.747682571411133,1.5024725075081795,0.22665789029762284,0.33282183910162516,
ISIC_6814727,0.531,0.011261594466038133,0.15,0.12,1.7328505476407348,4.1746296882629395,6.77031135559082,43.61453628540039,2.864405547174167,0.8061379093248073,0.9643097311271445,
ISIC_6821008,0.502,0.09493132203942305,0.15,0.0,0.9836135172330303,3.4794762134552,5.694784164428711,35.6024169921875,2.483792407298316,0.13804479811621304,0.8579489351868619,
ISIC_6829536,0.361,0.0,0.0,0.0,1.8996502640242388,2.751037836074829,4.330938816070557,50.367713928222656,2.7204458630223622,0.9539351892572684,0.9650939020964833,
ISIC_6851408,0.256,0.0,0.0,0.0,1.6726188790821457,2.528562068939209,5.109156131744385,31.337831497192383,2.5730037337795304,0.7904484023088647,0.920571502520123,
ISIC_6854168,0.395,0.0,0.0,0.0,1.0348139030940022,3.0671489238739014,4.161491394042969,52.041263580322266,2.792856541626438,0.04055798220270512,1.0005686273056664,
ISIC_6867242,0.341,0.0,0.0,0.0,1.250733599783751,2.2031991481781006,4.942546844482422,69.07614135742188,2.80518610205126,0.328419206067045,0.9490822610705639,
ISIC_6871942,0.331,0.0021132224992157964,0.0,0.0,1.078486215120555,1.8188146352767944,4.410541534423828,26.031810760498047,1.9941495041863642,0.111306209385322,0.9743448575500303,
ISIC_6873786,0.325,0.0,0.0,0.13213980156044489,1.2725717018637621,5.955241680145264,4.410788536071777,65.13037109375,2.9333088506115432,0.947177770039296,0.4321934971384979,
ISIC_6876691,0.512,0.0,0.0,0.12,1.6379528021785152,2.643693208694458,5.657338619232178,28.85280418395996,2.413832224818895,0.9984186681797216,0.7845440232076593,
ISIC_6881589,0.603,0.0,0.0,0.12,0.8413193437161388,2.0358147621154785,5.540143013000488,31.450496673583984,2.4965613376014426,-0.0,0.8413193437161388,
ISIC_6885654,0.515,0.09212329203494718,0.0,0.0,1.5340875263130245,2.975015640258789,2.50508189201355,7.459228992462158,0.9676277940366005,0.7922460041217,0.8252141599262601,
ISIC_6898183,0.584,0.0,0.0,0.12,0.9447802132823457,2.5326099395751953,4.902347564697266,27.542926788330078,2.2961043740630016,0.48819288423424173,0.6333173233493904,
ISIC_6904950,0.468,0.5599344147098436,0.0,0.0,2.001780725048057,6.6367034912109375,3.7204337120056152,13.662826538085938,1.2024383284162192,1.1296381332453151,0.8830829191999895,
ISIC_6915882,0.388,0.0,0.0,0.0,0.2631001682659777,2.7892746925354004,2.780808925628662,26.924020767211914,2.3139049731834134,0.09688183701627921,0.1666704621499649,
ISIC_6941420,0.422,0.0,0.15,0.0,1.3314828151890898,2.0749571323394775,6.982530117034912,43.671573638916016,2.6714954651988703,0.15192536980103147,1.2076049800606505,
ISIC_6949373,0.468,0.0,0.0,0.12,0.7794737434728074,2.952572822570801,4.979064464569092,49.49203109741211,2.923094849346786,0.22108677546499214,0.5611220204998278,
ISIC_6952242,0.425,0.0,0.0,0.0,1.4262180696197126,2.431304693222046,3.7882237434387207,67.77925109863281,2.910605989631511,0.4558872261380871,0.9993791368404776,
ISIC_6953221,0.264,0.0,0.0,0.0,1.0623461150124855,1.9125176668167114,5.593760013580322,20.470430374145508,1.5042094623055908,0.11625843792412852,0.9721281611338947,
ISIC_6954063,0.621,0.0,0.15,0.12,2.182909315377658,5.397342681884766,7.7883076667785645,51.7978401184082,2.9700476623388914,1.0044059661415825,1.2331394591839522,
ISIC_6958882,0.195,0.0,0.0,0.0,1.2298802870654961,2.853139638900757,4.518484592437744,30.5561466217041,1.650266369481346,0.48338066304521066,0.7535405753431061,
ISIC_6981855,0.307,0.0,0.15,0.0,1.4339819305826156,2.904343366622925,5.621890544891357,41.577274322509766,2.5325653365535254,0.5647136859382668,0.9284941427793558,
ISIC_6985763,0.462,0.00011052357087842061,0.0,0.0,0.8947934383242633,2.193754196166992,4.169439315795898,70.7296371459961,2.723156209251705,0.009076628371185672,0.8865609507224544,
ISIC_6987320,0.25,0.0,0.15,0.328321307835915,1.5378676521230483,5.198638916015625,8.243069648742676,81.68316650390625,2.81946746334434,0.6255730495550919,1.093561737687883,
ISIC_6989261,0.363,0.0,0.0,0.0,1.2453818173030613,3.423888683319092,4.37744665145874,49.209938049316406,2.474706779182905,0.35506134637661313,0.8927854874340279,
ISIC_6990939,0.268,0.0,0.0,0.04540103239049718,1.5508387162014383,3.47934889793396,3.6809744834899902,78.88387298583984,2.627240302529464,0.7637920706006627,0.8085033636059346,
ISIC_6993040,0.343,0.0005504315242013451,0.15,0.0,1.7819187570035309,5.701913356781006,6.262051582336426,44.94638442993164,2.411838774671757,0.8934565329787045,0.930431089142753,
ISIC_6999149,0.268,0.007458434764593153,0.0,0.0,0.9131255770234079,2.2792322635650635,3.487908124923706,31.712873458862305,2.3444072956335162,0.03398545532187463,0.8809677610076638,
ISIC_7009636,0.43,0.00011115588223034278,0.0,0.0,1.1766984900183737,3.136732816696167,3.4558169841766357,30.741981506347656,2.157522900947487,0.8602545312287284,0.32184525405045994,
ISIC_7010626,0.197,0.0,0.0,0.0,1.6178971077594069,2.270448684692383,5.483132839202881,14.931090354919434,1.5667009779003531,0.6855915828300863,0.9323180442161613,
ISIC_7018101,0.32,0.0,0.0,0.0,1.0852396679118488,3.269967555999756,4.550211429595947,46.03225326538086,2.447442387046502,0.680177015525586,0.4127274440253833,
ISIC_7020654,0.393,0.0,0.0,0.12,1.4593937630228029,6.011703968048096,5.201101779937744,64.7564468383789,2.971165415122575,0.98519563234082,0.5339099923896684,
ISIC_7027535,0.63,0.016770122905459674,0.15,0.12,2.401090935571904,6.802105903625488,10.026297569274902,49.598995208740234,3.0701712680090316,1.023919013177168,1.5400593649563308,
ISIC_7035517,0.313,0.08277590576178674,0.0007574702720766381,0.0,2.1778335123345602,6.17927885055542,10.863703727722168,56.70348358154297,2.5425594887875147,0.9246258556116282,1.5306746614394298,
ISIC_7037056,0.322,0.25770865286298567,0.0,0.0,2.0862153364259086,8.006805419921875,5.951472282409668,14.97441291809082,1.4211935349716152,1.364508798445033,0.8605591256089269,
ISIC_7044414,0.443,0.00010951717982310237,0.0,0.0,1.36369928320104,2.8759546279907227,3.158329963684082,39.420658111572266,2.477900959158516,0.3766542663993045,1.0086781613735953,
ISIC_7045012,0.416,0.007300970873786408,0.15,0.12,2.2460097484682366,3.9796292781829834,7.759183406829834,44.04424285888672,2.813446915393193,0.9803075315176137,1.3522748560937692,
ISIC_7053064,0.233,0.0,0.0,0.1925427379189662,1.756328039393016,6.173974990844727,5.3873162269592285,80.11663055419922,2.6714327037830783,0.7673799135563886,1.1278234459559475,
ISIC_7064511,0.522,0.0010045351019563054,0.0,0.0,1.800024008914348,2.5109848976135254,6.324011325836182,4.72308874130249,2.1357558667649967,0.7082583224272647,1.098757157504115,
ISIC_7064613,0.082,0.0,0.0,0.0,0.9382211509153646,1.8121756315231323,4.133303642272949,19.851938247680664,1.1577057198820162,-0.0,0.9382211509153646,
ISIC_7078388,0.37,0.0,0.0,0.0,1.0033305211146626,2.5794880390167236,3.8463962078094482,62.44682693481445,2.768781550758619,0.841389581129969,0.16658994964467339,
ISIC_7079349,0.534,0.0,0.15,0.12,2.1587759001579583,3.970705986022949,7.089394569396973,61.90031814575195,3.3299110333948287,0.8896098657539225,1.2869628589375874,
ISIC_7081220,0.388,0.6238747412506619,0.0,0.0,1.6135970978087604,4.404354572296143,2.632202625274658,30.1392822265625,1.9594434229453934,0.977422230180444,0.6452172171319381,
ISIC_7081248,0.486,0.0,0.0,0.12,0.5892842645963847,2.4381866455078125,4.1754045486450195,53.774169921875,2.942945430004648,0.03635329404802517,0.5530712066054865,
ISIC_7083060,0.388,0.0,0.0,0.0,1.700018094481384,1.684475302696228,4.224111080169678,59.776817321777344,2.624962985304569,0.968554856250845,0.7335928094700883,
ISIC_7100755,0.438,0.0,0.0,0.0,1.2148860789880314,2.4824633598327637,7.499752044677734,39.51973342895508,2.2140541487723913,0.2152544652486936,1.0947449581304798,
ISIC_7101732,0.344,0.0008499705950426027,0.0,0.0,1.3853817747401456,6.027799606323242,4.759068489074707,44.280845642089844,2.3915612807186886,0.9258808170344451,0.5551368690397732,
ISIC_7108282,0.395,0.011406211527327658,0.0,0.0,1.6673720819863969,4.829651832580566,4.726444244384766,61.61969757080078,2.7742025098437146,0.6967312106521777,0.9918384460556297,
ISIC_7110687,0.32,0.0,0.15,0.7024871355060034,2.3187976048855616,3.9723293781280518,8.385176658630371,107.92977905273438,3.262191798605698,0.9981896820466665,1.4657153391528235,
ISIC_7115931,0.468,0.016342297471783198,0.15,0.0,1.439678479581051,5.486035346984863,5.529236316680908,49.70820617675781,2.6243194303644106,0.9700866509100713,0.5243459027333289,
ISIC_7116014,0.274,0.0,0.0,0.26520110208901265,1.6005008090670274,3.396465301513672,4.094468116760254,83.23025512695312,2.806845035303415,0.6935545713511594,0.9906939802719172,
ISIC_7116818,0.225,0.0,0.0,0.40545454545454546,0.6376215231307034,2.209054470062256,3.978060007095337,72.47528076171875,2.6014636269899665,0.0017402527410734308,0.6358835093036406,
ISIC_7126269,0.592,0.0,0.15,0.12,1.9336684225586407,4.530808925628662,7.684838771820068,72.58821105957031,3.5062588756866884,0.7603489770155438,1.1931423155893126,
ISIC_7126708,0.357,0.0,0.15,0.12,1.5953355329432202,3.1871840953826904,4.699301719665527,53.03923034667969,2.729936019942955,0.7848465451405463,0.8236604348220325,
ISIC_7127226,0.367,0.0,0.15,0.12,1.19451419801754,5.444320201873779,7.6950578689575195,69.41288757324219,3.0074446808602384,0.5488185238830605,0.8879103512487361,
ISIC_7130929,0.499,0.040434172635309754,0.0,0.12,1.922834074683868,5.524384498596191,5.783223628997803,30.926624298095703,2.6358567721300528,1.1432710086374738,0.895269098567045,
ISIC_7132780,0.604,0.2311302618495194,1.2478309189104876e-05,0.0,1.1288243921491736,6.501434326171875,3.5851216316223145,20.307964324951172,2.1052182528988634,0.7815583828353665,0.3703328661610433,
ISIC_7133618,0.324,0.10970528070308357,0.0,0.0,0.901425541161712,3.1566617488861084,2.9383296966552734,34.447021484375,2.4226181864367815,0.8443061194768497,0.06399209086089974,
ISIC_7137230,0.407,0.0,0.0,0.12,1.1748025951895067,2.806396484375,4.469552040100098,66.33414459228516,2.954143783567724,0.47992463895283893,0.7010803870153148,
ISIC_7139452,0.303,0.0,0.15,0.17998736043817148,1.5225558925568716,4.644441604614258,6.627276420593262,63.90799331665039,2.9526148927477713,0.7631030551131621,0.8652691419582637,
ISIC_7143359,0.382,0.003850796797971419,0.15,0.12,2.23243845000292,7.122185707092285,8.089179039001465,69.18464660644531,3.062981247315293,1.185554358393162,1.2272208707271017,
ISIC_7143489,0.378,0.0008409986859395532,0.0,0.12,0.6948454969959664,2.947232246398926,2.983412981033325,31.606853485107422,2.486185642105855,0.6352428499441808,0.06425982667449492,
ISIC_7145266,0.191,0.0,0.15,0.12,1.2770680633735918,2.1500821113586426,5.421945571899414,27.123220443725586,2.4765470913917857,0.33070582197328874,0.9980641651868574,
ISIC_7149626,0.307,0.0,0.15,0.37373068192925485,1.8681505558016345,3.881291389465332,6.36794376373291,82.13390350341797,3.045828423373518,0.9662622557469099,0.9853840877090219,
ISIC_7154536,0.452,0.0,0.0,0.12,1.4178032383108097,3.316460132598877,4.706676006317139,59.328704833984375,2.8800208853539306,0.8207473423917158,0.627673780584417,
ISIC_7160082,0.372,0.26632212881731016,0.0,0.0,0.7466394209734818,4.270715236663818,2.7772886753082275,33.60771560668945,2.068632571610389,0.6893574243143892,0.07107870428044036,
ISIC_7168654,0.34,0.000819242600615232,0.0,0.0,1.137014354606736,3.801311731338501,3.473403215408325,35.944236755371094,2.4916513673533878,0.27596580231940404,0.8802001907225442,
ISIC_7170025,0.367,0.0006029572735199717,0.15,0.0,1.7897424120703793,5.979511737823486,6.018096446990967,48.88893127441406,2.648489824760068,0.8961916437162959,0.9858434200299117,
ISIC_7171032,0.451,0.0,0.15,0.12,1.931538430637036,3.0519747734069824,6.596846103668213,52.0566291809082,2.904504063084015,0.7901846456753907,1.1516727398775561,
ISIC_7175690,0.446,0.00017400635123181996,0.15,0.0,1.1082815589914043,2.9145138263702393,5.403414249420166,42.71711349487305,2.550009332044324,0.5737596294248617,0.6052044507455817,
ISIC_7176466,0.343,0.0,0.0,0.12,1.1504586264297245,4.037853717803955,4.205316066741943,48.310638427734375,2.750858529065187,0.368937362097356,0.8381300103108229,
ISIC_7179756,0.399,0.0,0.0,0.0,1.0761122014452331,3.5771842002868652,3.0365700721740723,36.21426773071289,2.5848356464318143,0.9948749642439488,0.09054826301816005,
ISIC_7183212,0.44,0.09730920927300907,0.0,0.0,1.31613168405533,3.45527982711792,7.305700302124023,19.820138931274414,1.7526348485590828,0.27031538962129487,1.059330927530242,
ISIC_7183651,0.558,1.2471384019636194e-05,0.15,0.12,1.617612709970005,1.965327262878418,7.471871376037598,23.17136001586914,2.849992267690727,0.381863135229403,1.241975009552724,
ISIC_7188705,0.577,0.0,0.0,0.12,1.7511687174814858,3.4503581523895264,5.936054229736328,35.779075622558594,2.7019341070066236,0.9999789959971837,0.9562555145089456,
ISIC_7191988,0.293,0.0,0.0,0.0,1.2261589128956678,1.1425247192382812,2.646047830581665,59.78995132446289,2.3729605256277915,0.5660360298413707,0.6735157938328034,
ISIC_7196573,0.463,0.0,0.0,0.12,0.8265625924144653,2.3972859382629395,3.940072774887085,37.51102828979492,2.732797092787376,0.6268765311105097,0.2736196710724938,
ISIC_7200761,0.281,0.0,0.15,0.24472864285196724,2.194599648050266,7.577662467956543,10.533634185791016,78.31724548339844,3.006432188139755,1.0119193981177388,1.558692424407129,
ISIC_7201198,0.378,0.0,0.0,0.12,1.7050038439325643,4.384225845336914,4.035564422607422,63.92002487182617,2.998660765969777,0.7680075875405972,0.9483093837068666,
ISIC_7203426,0.171,0.0,0.15,0.0,0.96862609430376,2.6239240169525146,6.371819019317627,37.65601348876953,2.2632167668097094,0.14292571592188216,0.8310633986960783,
ISIC_7206588,0.229,9.134088417975886e-05,0.0,0.0,1.2440235535267885,3.6988959312438965,5.077893257141113,47.97855758666992,2.3248194601381136,0.4993238340332604,0.8218706265312578,
ISIC_7214986,0.267,0.0,0.15,0.29638754116493626,1.9813921738356777,4.185774326324463,6.788178443908691,83.70206451416016,2.9410675473090815,0.9454857980317453,1.0500896771730948,
ISIC_7227677,0.251,0.0,0.0,0.5435875585854282,2.14663602773465,3.6021509170532227,8.082611083984375,98.80406188964844,2.90014133126647,0.9969802909165268,1.2212012483968941,
ISIC_7230249,0.266,0.0,0.0,0.0,0.4171823311154933,3.9911282062530518,4.090579032897949,54.048484802246094,2.6716318860498864,0.17677590907777013,0.24957154990342387,
ISIC_7230569,0.593,0.05253318819659718,0.0,0.0,1.9361158822594615,4.656732082366943,5.086335182189941,17.775938034057617,2.1205190252414385,0.9976975517796274,0.956855247112057,
ISIC_7235047,0.307,0.0,0.0,0.0,1.0483647549033401,3.442868232727051,3.8046205043792725,36.45051574707031,2.1246242465773184,0.585025257057247,0.5527177578742792,
ISIC_7241668,0.255,0.0,0.0,0.0,1.2659107771924447,2.0043609142303467,4.725290298461914,20.942304611206055,1.719436907961069,0.7977926724758793,0.46997255725274745,
ISIC_7242284,0.314,0.0,0.0,0.0,1.8031593594969866,1.7594034671783447,4.637717247009277,28.067201614379883,2.222972070321873,0.8962837870372866,0.9404083390388025,
ISIC_7251830,0.359,0.0,0.0,0.0,0.5772168303091293,2.2661168575286865,5.230009078979492,27.679868698120117,2.0485593929623205,0.029174163709617524,0.548297931388978,
ISIC_7252283,0.363,0.0,0.0,0.0,0.9309363930048173,2.252978801727295,3.7533786296844482,49.013912200927734,2.6791126620514354,0.7419610729348762,0.19603584327421253,
ISIC_7260982,0.133,0.000625474399528288,0.0,0.0,0.9401584352124905,2.0247974395751953,4.25581693649292,13.482680320739746,1.2239806471691599,0.053135871698302625,0.8870876398209072,
ISIC_7261174,0.948,0.03556498629595536,0.0,0.12,1.1408021814035902,3.482485055923462,4.59305477142334,19.67814826965332,2.111922698003733,0.8376054339522249,0.5159440154396718,
ISIC_7261379,0.403,0.0,0.15,0.0,1.6704356881205926,2.9161555767059326,5.866646766662598,63.88436508178711,2.718001199981049,0.5277577594021069,1.1522444255326323,
ISIC_7267098,0.451,0.031359850018108607,0.0,0.0,0.6185990051861059,4.687790393829346,2.9773340225219727,35.529754638671875,2.5598265880002073,0.44068611017885656,0.1848825085141328,
ISIC_7280473,0.836,0.03758810922061543,0.15,0.12737246891514434,2.4650641718279456,10.019107818603516,7.149857521057129,27.98760414123535,3.338823907329264,1.4090694495334528,1.2484230638523208,
ISIC_7294776,0.398,0.0,0.15,0.12,2.098604017957596,4.504589080810547,6.4628801345825195,71.73639678955078,3.166377761277219,0.9613222438377937,1.1893418670187437,
ISIC_7302180,0.319,0.0,0.0,0.008534953527901342,0.9229167886093741,3.620643138885498,5.550692081451416,40.591468811035156,2.493143923031316,0.2273279736204478,0.6970000752480214,
ISIC_7303073,0.352,0.0,0.0,0.0,0.33867296723200846,1.601392149925232,3.458923578262329,52.04746627807617,2.592069226219466,0.04040498550689854,0.29843464077233584,
ISIC_7303630,0.299,0.0,0.0,0.032820864202817865,1.030248670684871,5.345072269439697,4.734292030334473,64.95964050292969,2.712632470829221,0.6707290629138164,0.4563804168527598,
ISIC_7304977,0.401,0.0,0.15,0.1506482683462346,1.330951094194026,2.3677351474761963,7.861384391784668,67.33987426757812,3.224556845035363,0.07989189380106067,1.2589363069052486,
ISIC_7307945,0.297,0.0,0.0,0.5671562082777036,0.9377404122015599,4.981471538543701,4.541284561157227,84.51342010498047,2.8144057826991777,0.521716543235295,0.4386497087518991,
ISIC_7308563,0.444,0.0006393989649729255,0.0,0.0,0.9387520559709794,1.7972488403320312,1.7034889459609985,13.875879287719727,1.0944900074983137,-0.0,0.9387520559709794,
ISIC_7308959,0.316,0.0,0.0,0.0,1.3162430158876444,3.1166763305664062,5.265980243682861,29.69231414794922,1.9688083104640268,0.34649565451886855,0.9848183528506596,
ISIC_7316506,0.464,0.0,0.15,0.12,1.7559616673927139,4.943504810333252,6.707774639129639,54.214332580566406,3.3428095433033977,0.6480090705679007,1.117503902673436,
ISIC_7320560,0.351,0.0,0.15,0.16291271704785923,1.930161581877441,3.555619239807129,7.351431846618652,62.766822814941406,2.9678509053628415,0.9201685422082984,1.013834722124073,
ISIC_7321960,0.537,0.012863387937756132,0.0,0.0,1.8949926653309643,4.086297512054443,3.9778082370758057,25.69066047668457,2.5432775641712166,0.9969275050557687,0.9383585818595873,
ISIC_7322599,0.556,0.0,0.037405952054585884,0.12,0.8082360469115367,1.296383261680603,3.3668789863586426,49.335689544677734,3.1422198502218666,0.39458635017428545,0.47131834783393545,
ISIC_7323448,0.38,0.0,0.0,0.12,1.9076417366879843,3.448446750640869,4.338123798370361,66.0054702758789,2.942576959195772,0.9643243281778014,0.94665009155138,
ISIC_7325772,0.655,0.02577138257279646,0.15,0.12,2.4876884180866163,6.817756652832031,10.266685485839844,18.4467716217041,3.5411672219285792,1.032841784833901,1.5018473590664043,
ISIC_7327423,0.744,0.012344880207538532,0.0,0.0,1.5806516538549906,4.344248294830322,3.4183990955352783,16.444307327270508,1.9555412000432568,0.9438834954437783,0.680692252393821,
ISIC_7334939,0.264,0.0,0.0,0.0,1.6256628692153243,2.4827888011932373,4.3039350509643555,29.080398559570312,2.1204502458933545,0.9824679253183353,0.7777114865118415,
ISIC_7340333,0.246,0.2433288610614192,0.0,0.0,1.0849399693915767,2.2748749256134033,3.7760939598083496,11.64348030090332,1.037866209847867,0.40863857661557845,0.7005287075696571,
ISIC_7345857,0.283,0.03318633537417878,0.0,0.0,0.7735469676656493,3.629730463027954,5.117831707000732,35.92466735839844,2.1717903716641374,0.21432186979636386,0.5654643081718995,
ISIC_7347156,0.285,0.0,0.0,0.0,1.4872431744677663,2.864499092102051,5.083160400390625,36.235084533691406,2.3744761174922115,0.6518846662265536,0.8840669458721648,
ISIC_7351614,0.249,0.0,0.0,0.0,1.7416343367060254,2.1876630783081055,6.024762153625488,16.32038688659668,1.441915672624991,0.9764754444163872,0.8265302732789421,
ISIC_7358998,0.154,0.0,0.15,0.0,2.0231170655289854,6.105169773101807,7.512139797210693,68.85607147216797,2.8273580133871774,0.9218973462498303,1.2684118847683838,
ISIC_7362828,0.287,0.0,0.0,0.0,0.9607085914757886,2.8856911659240723,5.292906284332275,31.69966697692871,2.5308026806154746,0.021534984526056747,0.940136108864539,
ISIC_7365059,0.262,0.005391136459007312,0.0,0.0,1.9472637559800068,3.984180212020874,4.561457633972168,37.50688552856445,2.192624485562424,0.9879693677818782,0.9684469514358672,
ISIC_7376121,0.399,0.0,0.0,0.0,0.1620526430633975,3.4289989471435547,2.7827465534210205,50.42606735229492,2.731202628199163,0.074411216784321,0.08802964287559409,
ISIC_7376567,0.331,0.0,0.0,0.0,0.3926193235438184,2.6095025539398193,3.8065178394317627,43.82527160644531,2.6581621870345944,-0.0,0.3926193235438184,
ISIC_7381816,0.703,0.16518143992388593,0.0,0.12,1.7763836913481275,6.775752544403076,3.957322120666504,18.156587600708008,2.990931084989207,0.9938912143242085,0.7919994027746696,
ISIC_7384432,0.296,0.0,0.0,0.0,0.7277555577747815,1.8007162809371948,3.8719053268432617,40.1546630859375,2.1397352433555072,-0.0,0.7277555577747815,
ISIC_7390977,0.378,0.006191322311508973,0.017928397080794606,0.12,1.3265538589670631,4.816801071166992,4.540997505187988,62.41494369506836,3.012985005499539,0.4733243029432667,0.9130691322501865,
ISIC_7391014,0.205,0.0,0.0,0.0,1.3702165450356925,3.617583751678467,4.3199968338012695,51.404518127441406,2.1764287465358314,0.8003718858307791,0.7061813745883736,
ISIC_7394862,0.452,0.0,0.0,0.12,1.474181351285643,1.6619348526000977,3.4974777698516846,33.16841125488281,2.525362053620122,0.4818588064902659,1.0042748220894198,
ISIC_7399648,0.217,0.0,0.0,0.0,1.1512477128730736,2.64190411567688,3.630579710006714,37.7962646484375,2.418902786111321,0.5231311488194259,0.647211366219479,
ISIC_7400819,0.363,0.0,0.0,0.0,0.9498554197899627,3.2173750400543213,2.6061251163482666,41.24634552001953,2.494832717754135,0.05412960545447512,0.8991064540212208,
ISIC_7402642,0.363,0.00011828253755470567,0.0,0.0,1.178882971363076,3.943372964859009,5.468051910400391,36.01047134399414,2.406883084485505,0.3320201215329337,0.8752346825186603,
ISIC_7410175,0.502,0.061031038062248966,0.006218264292310676,0.004067797972733293,1.8715116463918298,4.454092502593994,7.560669898986816,14.45824909210205,2.21236714366339,0.7801320607594626,1.2418114198436017,
ISIC_7412327,0.359,0.0019895296310877145,0.15,0.0,1.7488110166904307,3.4318594932556152,7.126598834991455,22.8070011138916,2.2274565462733618,0.8556534331155431,0.9629333819632113,
ISIC_7415285,0.509,0.017673646967208953,0.15,0.0,0.8248835137622277,2.777535915374756,5.336009502410889,21.136106491088867,2.255133656083035,0.24920864055633338,0.6336587932953258,
ISIC_7437913,0.272,0.0,0.0,0.0,1.034635309745744,1.8235950469970703,3.92256236076355,41.96356201171875,2.3230221756830223,0.04840083755159318,0.9880966565456483,
ISIC_7441957,0.486,0.0,0.0,0.12,1.2245238440243158,3.641047239303589,4.229923248291016,62.52668762207031,3.080599485394405,0.8287411869702206,0.42185359628769586,
ISIC_7443971,0.459,0.0,0.15,0.0,1.2345414636559309,2.1162567138671875,5.086235046386719,51.86752700805664,2.708469058371237,0.7518274083545559,0.5159829971622787,
ISIC_7450231,0.258,0.0040172066884063,0.0,0.0,1.4500966490531293,4.719393730163574,6.150015830993652,51.1988410949707,2.115830542087954,0.5382837859248649,0.9303739217443139,
ISIC_7453676,0.431,0.0,0.15,0.0,1.3075229057756208,1.3131701946258545,4.955432891845703,33.1685905456543,2.4320803963811928,0.5958089089302793,0.733784983481453,
ISIC_7454892,0.413,0.0012654223347042075,0.15,0.0,1.72108711102513,5.1631083488464355,6.105491638183594,35.17255401611328,2.300279423766996,0.6631085574512272,1.093243970380648,
ISIC_7457700,0.601,0.010661190426775317,0.0,0.0009612548745453155,1.758777081384226,2.8727357387542725,5.214626312255859,29.260976791381836,2.42497274656724,0.9944054511974787,0.7954290215889258,
ISIC_7462953,0.589,0.16439145303562813,0.2122872303769554,0.14926607401281786,2.9955253219164253,9.80550765991211,12.026642799377441,53.9329719543457,3.402292541031742,1.5385051299747443,1.7102058861681044,
ISIC_7472087,0.231,0.0,0.0,0.0,2.2178097780323993,3.335155725479126,8.809205055236816,35.036895751953125,2.0173202855835757,0.9651351028292067,1.4166284708904813,
ISIC_7484771,0.548,0.00026292890277264787,0.15,0.12,1.7327704366418115,4.167810916900635,8.596539497375488,48.13114929199219,3.1684807626363356,0.9989699637512023,1.0469352197242827,
ISIC_7488034,0.406,0.0,0.0,0.0,0.6427270084026009,1.906995177268982,3.257474899291992,61.4736442565918,2.7320852741345187,9.173686893635037e-05,0.6426365079482126,
ISIC_7501779,0.501,0.0,0.0,0.0,1.8493020758697027,2.9174678325653076,5.851880073547363,21.22840118408203,1.9947586891222273,0.9253904492103984,0.9802344425037535,
ISIC_7501825,0.352,0.0012669052671586483,0.15,0.0011402147404427833,1.8953145642960534,2.9052703380584717,10.03447151184082,50.16577911376953,2.658737698508369,0.40345127344597603,1.5092625542116944,
ISIC_7503950,0.33,0.000725238545007427,0.15,0.0,1.3338936241156318,2.8969621658325195,7.62128210067749,64.26947784423828,2.612609859751561,0.08683508236978599,1.2551569587247156,
ISIC_7508527,0.359,0.0,0.0005497526113249038,0.0,1.5278017856418418,2.4643044471740723,8.180292129516602,80.92889404296875,2.698584016964978,0.08305340228504426,1.4514688891880523,
ISIC_7510790,0.423,0.00017946877243359656,0.0,0.0,1.8839997535056972,2.4466803073883057,3.3956732749938965,40.80164337158203,2.2894725987981506,0.9351929620847224,0.9549778986170229,
ISIC_7528364,0.464,0.00015003563346294746,0.0,0.12,1.7674019192718315,3.0950257778167725,5.959352970123291,72.57896423339844,3.291588987892071,0.8572304022984765,0.9325201094987007,
ISIC_7531562,0.224,0.0,0.0,0.5794134150847852,1.8214976299259855,4.955145835876465,3.9899919033050537,72.78060913085938,2.7076078599818123,0.8617911251959769,0.9780017959307068,
ISIC_7540782,0.464,0.0,0.0,0.12,1.1338680178734055,2.9403512477874756,4.077432155609131,39.0743293762207,2.600965907817627,0.4884613714309707,0.6681980537455172,
ISIC_7544069,0.317,0.0,0.0,0.0033351954841453146,0.4382878127231017,2.612074613571167,2.443077802658081,59.334869384765625,2.6970179507501317,0.43608089677784917,0.002228443593521652,
ISIC_7545432,0.545,0.0,0.15,0.12,1.3289018197271782,2.9211649894714355,7.99915885925293,29.33546257019043,3.0233942488608543,0.03215993405299974,1.2977330262516678,
ISIC_7546219,0.629,0.0,0.15,0.12,2.3526642990594118,3.9523818492889404,9.414960861206055,41.18146514892578,3.081663151837615,0.9897822984912232,1.488578349578618,
ISIC_7548342,0.409,0.0,0.15,0.23945147679324894,1.8071160605422263,4.580244064331055,6.243594646453857,63.586387634277344,3.1069690240979964,0.9967355047592417,0.9744071613923105,
ISIC_7559316,0.459,0.0,0.0,0.12,1.1338869544001247,4.0032782554626465,4.718099594116211,58.18677520751953,2.9926766418490636,0.34650417591279375,0.8303762595652937,
ISIC_7560933,0.531,0.023794326241134752,0.0,0.12,1.9047196459887947,6.85964298248291,4.165971755981445,51.88362121582031,2.9801684962261827,0.9730304832508975,0.985517885298788,
ISIC_7569242,0.204,0.13852992039331705,0.0,0.0,1.2434870153584208,4.630516052246094,3.505824565887451,30.83921241760254,2.0816990369182258,0.9819156190123173,0.30018064899537455,
ISIC_7573463,0.165,0.0,0.0,0.0,0.840438394364569,1.8100398778915405,3.5645809173583984,22.142404556274414,1.9529800314584072,0.2421634465864383,0.6811654400234075,
ISIC_7577395,0.284,0.12489821407798792,0.0,0.0,1.0879195010505225,4.303086757659912,5.179516792297363,16.81342887878418,1.6518612719024253,0.6520623768988881,0.5445296351937272,
ISIC_7578283,0.287,0.06597680665491606,0.0,0.0,1.0880020737331477,4.241694927215576,3.2748656272888184,39.462398529052734,2.1823423865615563,0.9745273345864667,0.13931891460748644,
ISIC_7581139,0.26,0.0,0.0,0.0,0.4702994545152831,2.884538173675537,2.90266489982605,39.556800842285156,2.4034075896082756,0.33681834831677554,0.1349914281434018,
ISIC_7584363,0.366,0.0,0.0,0.0,0.9677658898301624,2.742457151412964,3.282785415649414,57.25836944580078,2.700972057358583,0.006073922139292988,0.9620353521513284,
ISIC_7587095,0.3,0.0,0.15,0.0,0.7016438562993619,2.3931009769439697,6.396703720092773,44.31187438964844,2.529465735004308,-0.0,0.7016438562993619,
ISIC_7592920,0.321,0.03513254366220847,0.0,0.0,1.5212629938994355,3.204087018966675,3.8658416271209717,38.66701889038086,2.0229238016219155,0.9732608835409524,0.5490432034930917,
ISIC_7603703,0.522,0.0,0.0,0.12,0.8100923298709444,3.0851573944091797,4.559389591217041,33.52299118041992,2.505239437678643,0.35049392154792935,0.47592657464782573,
ISIC_7603831,0.355,0.0,0.0,0.001607095570442834,0.6401194121183932,3.221437692642212,4.501417636871338,68.00021362304688,2.836937577689759,0.07348067378717857,0.5667372694956092,
ISIC_7615926,0.27,0.0,0.15,0.24707239486838886,2.0003274800514412,3.320344924926758,8.178824424743652,80.13023376464844,2.931097980176586,0.8053212034777437,1.261963594099349,
ISIC_7621123,0.586,0.031256674872851165,0.15,0.12,2.530134224680642,7.342678070068359,10.37120532989502,21.979745864868164,3.5319967493775364,1.0885954839240854,1.5035540968654248,
ISIC_7622188,0.392,0.0,0.15,0.10975736316652483,1.0186737849337901,1.819170355796814,8.954045295715332,82.74349975585938,3.0271583636786477,-0.0,1.0186737849337901,
ISIC_7632373,0.28,0.0,0.0,0.0,1.780718272309303,4.277902126312256,3.6462244987487793,53.89106369018555,2.245579319791291,0.9570826754857411,0.9546796265006625,
ISIC_7634311,0.401,0.0,0.0,0.0,0.8886232531399203,3.6769661903381348,4.664565563201904,45.130550384521484,2.7561526260441704,0.03972079270643612,0.8490455656063015,
ISIC_7636412,0.371,0.0023672605490883277,0.15,8.445076652266051e-05,1.165002227988105,3.074594497680664,6.2827253341674805,52.48964309692383,2.7084479113502513,0.1453248723685909,1.0516177765337198,
ISIC_7638974,0.669,0.0,0.0,0.12,1.3656214749240077,5.37379264831543,6.171112060546875,37.25052261352539,2.740879234065446,0.6080758356077324,0.9551326859924478,
ISIC_7640631,0.336,0.0,0.15,0.12,1.6176765014332957,6.786660194396973,5.662222385406494,71.98568725585938,2.9365671735758756,0.9853616227778667,0.9040494990017132,
ISIC_7647712,0.317,0.0,0.0,0.47626695413994524,1.6916534809135255,9.11731243133545,9.213464736938477,86.30359649658203,2.9916162339146455,1.107550692352659,1.052892704895752,
ISIC_7652731,0.481,0.0,0.0,0.12,1.3908409984345484,3.4022347927093506,3.2657480239868164,50.22997283935547,2.7902827568246886,0.500740183700745,0.9003279913479494,
ISIC_7656591,0.396,0.06181594746476529,0.0,0.0,1.8304013194315256,3.309304714202881,5.86210823059082,30.550853729248047,2.1844083918943955,0.9648952258741383,0.8933131307111215,
ISIC_7659537,0.556,0.0010987396873879105,0.0,0.12,1.7012130285307059,3.498378038406372,6.6313934326171875,13.758166313171387,2.507701789891787,0.7609745663299976,0.9501041776396097,
ISIC_7679270,0.367,0.0,0.0,0.0,0.46628337725141544,2.8174169063568115,3.2451632022857666,46.574886322021484,2.3886301770579865,0.07918903118333032,0.3876386797028305,
ISIC_7682533,0.432,0.0,0.0,0.12,1.2186017820744304,1.9707027673721313,2.4267990589141846,46.060585021972656,2.6758334376156507,0.9881871970911476,0.24280852353762294,
ISIC_7683745,0.363,0.0,0.0,0.0,0.2376264471095106,2.223860740661621,2.501883029937744,34.662418365478516,1.9700277101678387,0.11929286630446863,0.1183436757362716,
ISIC_7692464,0.505,0.0,0.0,0.0,0.961892608336139,2.8256287574768066,3.957188129425049,2.8325002193450928,1.7665378024422038,0.06761736739531801,0.8947138684151029,
ISIC_7693611,0.334,0.0,0.0,0.3352775681054004,1.305436650022953,4.953294277191162,7.627423286437988,92.29131317138672,2.921358596080074,0.9053592938055847,0.9466103540099653,
ISIC_7695263,0.32,0.0,0.0,0.0,1.9643900079174088,3.139716386795044,4.14894437789917,42.17670440673828,2.396821000858463,0.9794876674122273,0.9936479687264913,
ISIC_7702191,0.312,0.0,0.0,0.0034380875637926404,1.6285722804222749,4.11385440826416,2.8399906158447266,61.459564208984375,2.7074482301071243,0.9675663496426283,0.6717373648228694,
ISIC_7702697,0.335,0.011583377169910574,0.0,0.0,1.5950923748096786,4.628641605377197,4.694127082824707,29.546110153198242,2.2013628845455555,0.9029234672268689,0.6981917100178788,
ISIC_7710386,0.482,0.0,0.15,0.12,1.4127602096956482,2.3139522075653076,6.816248893737793,54.65321350097656,2.985094379789149,0.3959478221441689,1.0390789922476193,
ISIC_7714994,0.397,0.0008499928613880782,0.0,0.0,1.2395861881323433,2.968519926071167,4.096367835998535,40.31430435180664,2.490763516034669,0.6605872154161969,0.6164582941713046,
ISIC_7716941,0.477,0.11702281734276046,0.15,0.0,1.184328940355155,5.324225902557373,5.105963706970215,45.06598663330078,2.5872636287555553,0.8097051382266074,0.6826000140546107,
ISIC_7718206,0.203,0.0,0.0,0.6376964501593582,1.649682971293472,8.160775184631348,5.636876583099365,113.1317367553711,2.58929402925408,1.0357423227939184,1.0219009502009195,
ISIC_7731447,0.208,0.0,0.0,0.0,1.1097302861125964,3.0377042293548584,4.376071453094482,10.705201148986816,1.2447874148703106,0.5266342737711007,0.6025562918960969,
ISIC_7733999,0.454,0.0,0.15,0.12,1.7979498868809654,4.299393653869629,6.842110633850098,60.805450439453125,3.1520220752418298,0.7045097876619877,1.1399467525607219,
ISIC_7743124,0.422,0.0,0.15,0.0,1.6248473729033686,2.9644343852996826,4.901496410369873,61.8848762512207,2.8161486461878784,0.9994582644679502,0.6599108354907226,
ISIC_7744063,0.309,0.0,0.0,0.0,1.0383189723727893,3.2001776695251465,3.8897552490234375,40.06675338745117,2.3555320271283153,0.8464360853531682,0.19710296056402232,
ISIC_7747712,0.381,0.027622313047528043,0.0,0.0,0.7235631489671377,4.014277935028076,4.570448875427246,20.930850982666016,2.188954707168215,0.2898843858896108,0.4501773073415833,
ISIC_7747998,0.453,0.0,0.15,0.0,1.9020310074768805,3.1345770359039307,6.15095329284668,50.10165023803711,2.6826387236541547,0.8449519542210913,1.1123928619525332,
ISIC_7748311,0.634,0.0765740049664264,0.0,0.0,1.4550543695388707,5.724768161773682,4.155276775360107,30.821359634399414,2.433869737967975,0.8209163966176284,0.7122979499915454,
ISIC_7749901,0.371,9.926262053318208e-05,0.0,0.12,1.1909255963064973,3.647365093231201,4.164461612701416,45.263614654541016,2.664388242180268,0.24773103828052234,0.9634616781408678,
ISIC_7751373,0.301,0.0,0.15,0.0,1.7801479626832741,1.4792157411575317,6.610502243041992,24.31562614440918,1.8713567998808356,0.8822397256151366,0.9402975938423681,
ISIC_7761552,0.369,0.09819300466431741,0.0,0.0,1.3352351135192124,5.635857582092285,4.404016017913818,31.781660079956055,1.8857737368499878,0.784929215664554,0.7205864572826375,
ISIC_7764660,0.127,0.0,0.0,0.0,1.092691203431649,1.6234782934188843,6.421158313751221,17.505624771118164,1.6281801563989775,0.0026256937613884815,1.0900730750395338,
ISIC_7769213,0.247,0.0950234415232643,0.0,0.0,1.7814114991453076,4.504790782928467,5.360535621643066,25.072154998779297,1.9813526318847177,0.9629959908020697,0.8571584884792818,
ISIC_7776586,0.369,0.0,0.15,0.12,1.8981061175610021,6.192124366760254,7.218669891357422,57.55991744995117,2.9189158591493114,0.7452784691921771,1.2170255485705832,
ISIC_7778161,0.266,0.0,0.0,0.0,1.8333578907731967,1.970104694366455,3.1681032180786133,19.96034812927246,1.459513086385579,0.8754430660552436,0.9866983901392394,
ISIC_7779155,0.413,0.0,0.0,0.0,1.0862956432233701,3.0454654693603516,7.692809104919434,93.58616638183594,2.936418875457964,0.11708247675366992,0.9892389037386583,
ISIC_7779198,0.266,0.3519420114210116,0.0,0.0,1.7107663242104953,5.011094093322754,3.146977663040161,33.79474639892578,2.3565928821403705,0.9672959165283104,0.810451351276601,
ISIC_7781907,0.424,0.15692579987417285,0.0,0.0,1.3685265333857766,4.095057010650635,3.6041760444641113,38.390480041503906,2.074149664301708,0.4059386365695496,0.9753835062596488,
ISIC_7784876,0.286,0.0,0.15,0.21100548192353064,1.207923632374287,3.133397102355957,5.033868789672852,72.24337005615234,2.8831258625044454,0.2311592409395838,0.9849547925127888,
ISIC_7799008,0.248,0.0,0.0,0.0022107462995906665,1.1318325397653861,5.163078308105469,3.6177806854248047,66.24666595458984,2.4508758881468142,0.7039049990157016,0.5408490704409742,
ISIC_7805699,0.183,0.0,0.018958629561920237,0.0,1.086846669156789,1.92747163772583,6.5273051261901855,14.572342872619629,1.4885521541059092,0.2229398325383009,0.8897701929480692,
ISIC_7808642,0.316,0.0,0.0,0.12,1.4065219109233613,4.178813457489014,4.085855007171631,50.168792724609375,2.660481688826661,0.6442242811517375,0.789393482850155,
ISIC_7808755,0.176,0.0,0.0,0.007547169811320755,1.718592194848219,2.8607568740844727,5.174694538116455,61.1684455871582,2.087327498971689,0.9964985388846224,0.8476781113927346,
ISIC_7809510,0.34,0.12374735789235299,0.0,0.0,1.3711310498609728,3.896078586578369,6.122055530548096,22.02233123779297,1.785907641849393,0.3715871030864779,1.029123214451635,
ISIC_7812529,0.299,0.003301058136209503,0.0,0.12,1.2337447219282096,4.673742294311523,9.098694801330566,60.29316329956055,2.933908464296735,0.4478693110139418,0.907552462220157,
ISIC_7819707,0.434,0.052066241054562,0.0,0.0,1.7679763688550543,3.6116151809692383,4.604530334472656,24.740495681762695,2.1038515721145257,0.9343380683275007,0.851781406431066,
ISIC_7826735,0.38,0.0,0.0,0.0,1.1390124390945087,3.1158480644226074,3.814589023590088,72.7367935180664,2.7000800926657917,0.9625129125507579,0.18644446970777545,
ISIC_7828218,0.517,0.013984191052808612,0.0,0.12,1.416870896474343,3.8838353157043457,5.205349922180176,42.235599517822266,2.821584778765484,0.937818345254815,0.6129257642346821,
ISIC_7837335,0.231,0.7247090288118893,0.0,0.0,0.5472135407805565,4.126290321350098,3.331559896469116,27.153596878051758,1.5690983310082183,0.36204153102592074,0.1922730589117861,
ISIC_7839162,0.412,0.0,0.15,0.0,1.747343222699064,2.882946491241455,5.822930812835693,28.536577224731445,1.9789644266724482,0.790216772031124,0.9784151989873837,
ISIC_7843146,0.208,0.35119122652212276,0.0,0.0,1.4350275406147905,3.884443759918213,6.2543625831604,12.658344268798828,0.7239746283113819,0.632966906415261,0.9824628126548944,
ISIC_7851081,0.302,0.0,0.0,0.0,1.3036573909057292,3.7268497943878174,4.551192283630371,53.63601303100586,2.5759441089788355,0.8943647698737628,0.4388552420677655,
ISIC_7852467,0.365,0.0,0.0,0.0,0.4053368380021575,2.6730880737304688,4.1076579093933105,38.668914794921875,2.4725857908568747,0.09948752734020938,0.3068795212271695,
ISIC_7855982,0.251,0.0,0.0,0.0,1.479942087859745,3.2906508445739746,5.091916084289551,29.42040252685547,1.9031416805105534,0.7542825572028796,0.737778185645062,
ISIC_7870559,0.227,0.0,0.15,0.7255683478464146,2.4053707006311966,8.238709449768066,10.227492332458496,119.4608383178711,3.1003393916504107,1.239966210697082,1.5865270128264277,
ISIC_7875640,0.43,0.0,0.15,0.12,1.642838080813586,2.3669912815093994,6.369876861572266,77.85118865966797,3.0607966322974494,0.5081043888308611,1.2176813143593768,
ISIC_7876616,0.538,0.0,0.15,0.12,1.7210457070501834,1.6805425882339478,12.732401847839355,29.8994140625,2.425171553928286,-0.0,1.7210457070501834,
ISIC_7888517,0.488,0.0,0.0,0.12,1.1687300101251035,2.7488222122192383,3.2179925441741943,63.5743522644043,2.9434779259469677,0.22338515546479157,0.9454059436582671,
ISIC_7889097,0.373,0.0015632213183909326,0.0,5.09400022286251e-05,1.617795346008598,4.620569705963135,5.608094692230225,79.00167846679688,2.9798063299131523,0.75404536128646,0.9124891771651655,
ISIC_7890093,0.247,0.0,0.0,0.0998301013533306,1.4036286701852907,3.8721160888671875,4.494211673736572,64.24933624267578,2.591569969186025,0.865865580179801,0.5924735102023041,
ISIC_7890222,0.479,0.32871202801173466,0.0,0.0,1.2229860568564739,3.9739553928375244,6.153388500213623,10.181256294250488,1.5662141241992995,0.6391055502942792,0.7134949132717008,
ISIC_7898880,0.188,0.0,0.0,0.0,1.1299869356106773,2.163668155670166,2.8947229385375977,16.739112854003906,1.8369642555358354,0.8891459365653794,0.2426524027105748,
ISIC_7902497,0.211,0.0,0.0,0.06312207174657933,1.2791977746090306,3.205061197280884,5.8484625816345215,70.52098083496094,2.387704945205832,0.31144070511438016,0.9680563538414588,
ISIC_7907495,0.468,3.088434514659535e-05,0.0,0.0,1.262038923858367,4.273406982421875,4.9982171058654785,46.994075775146484,2.724817222926733,0.6260210796823845,0.6605000654433697,
ISIC_7914731,0.17,0.0,0.0,0.0,1.5641803119854205,2.4983386993408203,5.966083526611328,19.560373306274414,2.0351666403395106,0.8779727932389453,0.7147209208112616,
ISIC_7914964,0.23,0.0,0.0,0.0,0.7754725785839017,1.9688512086868286,4.647538185119629,22.016544342041016,1.8911245886803134,-0.0,0.7754725785839017,
ISIC_7917197,0.365,0.0,0.0,0.0,0.8532653075400429,1.4210076332092285,4.740045547485352,63.23434829711914,2.826013868036613,0.03801102978799426,0.8156599239078165,
ISIC_7917913,0.234,0.0,0.15,0.005253776151608969,1.7542008202100856,3.0920162200927734,6.550597190856934,53.30573654174805,2.4203273128447855,0.82025942801326,1.1564368969824992,
ISIC_7922659,0.381,0.0,0.0,0.0,1.7377192147700367,2.4973278045654297,2.637434482574463,66.07898712158203,2.68112178211108,0.8572852671750474,0.9256845319538904,
ISIC_7925908,0.178,0.0,0.0,0.0,1.0002269861940003,1.3630717992782593,3.868635654449463,36.3696403503418,2.2793139350390534,-0.0,1.0002269861940003,
ISIC_7927525,0.48,0.0,0.0,0.12,1.7567942463679986,4.133265495300293,4.533919334411621,51.66141891479492,2.9858865378514086,0.8428634691692023,0.9766975380005006,
ISIC_7931618,0.292,0.010489924930857368,0.0,0.0,1.643283217696915,3.4515717029571533,3.7980642318725586,31.111801147460938,2.2014577030945848,0.8317368293099119,0.8496648136953795,
ISIC_7934896,0.155,0.0,0.15,0.0,0.9215320615509359,2.0440855026245117,5.573868751525879,31.864551544189453,2.1977435627444284,-0.0,0.9215320615509359,
ISIC_7941055,0.316,0.01760349207485062,0.15,0.0,2.2759261233543153,7.9678449630737305,8.305072784423828,54.88801956176758,2.5383340947183073,1.314116867862578,1.1859031242514597,
ISIC_7942881,0.547,0.015502325984726843,0.0,0.0,1.9010362874423532,3.7778778076171875,8.465927124023438,11.946803092956543,2.3021161056018085,0.7835902247121784,1.1309073113767878,
ISIC_7944238,0.227,0.0,0.0,0.0,0.308370159018062,2.583622455596924,3.25858736038208,37.70595932006836,2.179431779157735,0.014081742622058553,0.2943157453833358,
ISIC_7945791,0.351,0.23044898204271985,0.0,0.0,1.4231557003560702,5.0146331787109375,4.992251873016357,48.424354553222656,2.742493389350553,0.6435976762556272,0.8016567930190979,
ISIC_7949783,0.271,0.0,0.0,0.0,0.8537308443709558,2.77358078956604,3.205167770385742,42.506553649902344,1.9397418797962167,0.7181834841752498,0.14180774636040802,
ISIC_7962171,0.754,0.0,0.0,0.0,0.968675762803379,2.1346566677093506,3.249269962310791,5.5517754554748535,1.2381445795632473,0.7958646392573846,0.1786623892719551,
ISIC_7964735,0.463,0.0,0.15,0.12,1.1329840909915994,4.134574890136719,6.6182637214660645,71.19456481933594,3.242068383572567,0.2486409752526244,0.885897431742261,
ISIC_7973098,0.235,0.0,0.0,0.07125204010258801,0.9475366385693313,4.769351482391357,4.209394454956055,76.46000671386719,2.5035296624350423,0.7958231230175398,0.15495679268505275,
ISIC_7974235,0.573,0.0,0.0,0.12,1.0064590162792435,3.2905285358428955,6.102102756500244,30.060819625854492,2.328148186064074,0.11040183881208605,0.9003960176152255,
ISIC_7974271,0.257,0.0,0.15,0.5010967584694126,1.8664647181848844,5.106509208679199,7.21351432800293,103.50826263427734,3.0660216717830746,0.7565193704881221,1.143986681087989,
ISIC_7974869,0.314,0.20986757441155715,0.0,0.0,1.2412164465984448,3.7752866744995117,2.6815412044525146,11.089869499206543,1.6470903775242374,0.6472841854282538,0.6407023588354429,
ISIC_7978498,0.442,0.021695925803246106,0.0,0.0,1.715940815154269,2.5622897148132324,5.252277851104736,23.55457878112793,2.005407873771575,0.8289598479951958,0.9095297281494562,
ISIC_7982020,0.519,0.0,0.0,0.12,0.8969764384157588,2.1597578525543213,4.282705783843994,30.780399322509766,3.1750757132402967,0.011993572641823566,0.8850961581836987,
ISIC_7982443,0.489,0.0,0.0,0.0,0.47303073657851274,1.0839176177978516,3.427436590194702,5.722997665405273,1.0308533312222405,0.0014891616755075472,0.4715570920927702,
ISIC_7984223,0.802,0.0,0.0,0.0,1.4892582786350288,2.1969897747039795,5.924264907836914,13.69593334197998,2.1631725318687764,0.45916716900354665,1.0487213535794588,
ISIC_7987042,0.531,0.3208189700198475,0.0,0.0,1.3925510927532094,3.834871292114258,3.070023775100708,10.370348930358887,1.0312713125890327,0.9145748563943911,0.5314710668379781,
ISIC_7989369,0.382,0.0,0.0,0.01681284884383187,1.4786069551486856,4.108032703399658,5.175848484039307,52.731834411621094,2.8063934173571847,0.893634440298247,0.7839988185705493,
ISIC_7993120,0.319,0.00018328865672325703,0.0,0.0,0.7065614090793886,2.4974358081817627,2.755391836166382,54.27354049682617,2.488477800746402,0.47140939828928324,0.23585999952460396,
ISIC_8001976,0.177,7.057147456890753e-05,0.0,0.0,0.6443187676423874,3.059979200363159,3.257962942123413,29.282312393188477,2.0263958849775303,0.07534260605414171,0.5709070549432025,
ISIC_8002362,0.334,0.0,0.0,0.12,1.2680644720936491,4.344439506530762,5.4152140617370605,47.44153594970703,2.416763079042025,0.33544619373667617,0.9720268631702353,
ISIC_8002875,0.502,0.0,0.15,0.0,1.9627527042597328,2.349752426147461,9.317822456359863,50.538421630859375,2.67345358065075,0.49761158934807204,1.4893004849965505,
ISIC_8008482,0.355,0.0,0.15,0.0,2.14607233991007,3.608464479446411,7.8184614181518555,35.74121856689453,2.365922447405499,0.9217292834446409,1.263397479837113,
ISIC_8015399,0.47,0.0,0.15,0.12,1.720785386047262,5.030828952789307,5.980867862701416,51.84980010986328,3.0003251807713776,0.9922991009163042,0.8687637493938648,
ISIC_8026822,0.235,0.0,0.0,0.0,1.4562868765837367,3.19734263420105,6.010953903198242,52.186344146728516,2.3653883727093223,0.45578434553934066,1.016565271168188,
ISIC_8032507,0.334,0.0,0.0,0.0,1.584221378236229,4.540116310119629,4.126822471618652,55.45625686645508,2.6903026591156474,0.8977619625181525,0.9437633587627778,
ISIC_8035687,0.285,0.0,0.0,0.0,0.6337191332454264,2.320298194885254,2.631746768951416,44.080074310302734,2.2786712194273027,0.18311655385520462,0.4518136821360748,
ISIC_8044265,0.304,0.04373754956608077,0.0,0.0,0.881091939715869,4.583778381347656,3.482717514038086,36.08940505981445,2.2963105493532847,0.6528838306753333,0.24197127311775724,
ISIC_8052769,0.234,0.00013164119546660633,0.15,0.0,1.1477576924468096,2.685850143432617,7.107173919677734,15.569350242614746,1.9296509126958477,0.12827408943716917,1.022162524229814,
ISIC_8058783,0.321,0.2495641442535603,0.0,0.0,1.6142625480131096,2.4913032054901123,5.320694446563721,14.183305740356445,1.3256573950398653,0.5972633501778442,1.0196579666136192,
ISIC_8068826,0.458,0.0,0.0,0.0,1.1962473684339368,2.5752551555633545,3.4336435794830322,49.47948455810547,2.706272663101518,0.5651485984389386,0.6383401310961416,
ISIC_8071637,0.285,0.0,0.0,0.0,1.0277671702806388,3.4756548404693604,4.8107686042785645,51.05378723144531,2.779004391402499,0.022512540943605573,1.007119142268232,
ISIC_8072870,0.35,0.0,0.15,0.17108026430364187,0.9954546474187369,3.577422857284546,6.677627086639404,75.1835708618164,3.002096406192809,0.06356866495557463,0.9333317001168249,
ISIC_8079008,0.545,0.05652160672412218,0.0,0.0,1.3158834807734414,3.5745911598205566,3.406881093978882,41.57059097290039,2.366603617136054,0.9348691752130287,0.4598844282619099,
ISIC_8079352,0.22,0.0,0.15,0.0,1.1883723345836168,2.6998817920684814,6.764497756958008,32.56584548950195,2.156571982052322,0.01580258701375848,1.1728300454934375,
ISIC_8087949,0.623,0.0352986315031687,0.15,0.00038519975111447115,1.5294462515859466,3.8121800422668457,7.133447647094727,14.162717819213867,2.429048382810609,0.3145618231205577,1.218505198371611,
ISIC_8098771,0.377,8.503883440104314e-05,0.15,0.37204490050456374,2.9779340050070218,11.285977363586426,12.996320724487305,89.53154754638672,3.521916078224373,1.5230212031525312,1.7952054697242237,
ISIC_8103152,0.238,0.0,0.0,0.0,0.020571243076004497,2.294929027557373,2.412682294845581,24.89988136291504,1.9575248534959,0.013731406241780136,0.008971668302364528,
ISIC_8121619,0.27,0.0,0.0,0.0,1.4442524472582121,2.6101088523864746,3.814687490463257,31.74072265625,1.9314408334284179,0.9197651745041646,0.5244956137405656,
ISIC_8124910,0.114,0.0,0.15,0.0,0.9387600980708241,3.2420921325683594,5.620756149291992,31.676851272583008,2.1847651824364007,0.06897085027411809,0.8739563408489419,
ISIC_8126703,0.612,0.0008174734959764976,0.0,0.12,1.2790373346987152,3.739537239074707,5.3356547355651855,43.60593032836914,2.8649037074214543,0.3810122735338436,0.9408770268720295,
ISIC_8131838,0.445,0.013960901255397425,0.0,0.0,0.631781306334917,3.8779144287109375,3.2235379219055176,32.45212936401367,2.3955286056237886,0.35367731199061825,0.2831701631587663,
ISIC_8133350,0.552,0.0,0.0,0.0,1.3389825875508161,2.731005907058716,4.134715557098389,30.336639404296875,2.781483602281337,0.9679297097677162,0.37305647952838933,
ISIC_8138363,0.303,0.0,0.0,0.0,0.9048218386293762,1.587498426437378,3.4731016159057617,27.546419143676758,1.876237332726971,0.057707176223918535,0.8490482730656359,
ISIC_8149637,0.455,0.0005290150034532924,0.0,0.0,1.306176437615131,2.9014933109283447,4.625655174255371,37.988929748535156,2.4219848776247916,0.9309548423808116,0.3904935381942482,
ISIC_8152966,0.318,0.0,0.0,0.12,0.6834551064146271,3.5123231410980225,4.086179256439209,47.26547622680664,2.7572357179827387,0.09415593449614573,0.5908218232765641,
ISIC_8157654,0.636,0.006666975251891214,0.00011866039573753446,0.12,1.9421388332335627,4.215875625610352,7.3660359382629395,26.076478958129883,2.804187343656895,0.8419164160904876,1.1092049292967638,
ISIC_8172822,0.542,0.024568434078465436,2.0072250064105748e-05,0.0,1.7633886803688033,4.324377059936523,7.156425952911377,19.0330753326416,2.616619388778539,0.8671130022910383,0.9427767986908292,
ISIC_8176952,0.529,0.0,0.0,0.12,0.314437623564379,2.619495153427124,3.93961238861084,49.82660675048828,2.8188709872635873,0.0006769204010197107,0.31376426601847335,
ISIC_8180937,0.358,0.0,0.0,0.12,1.2468553886212812,2.6106555461883545,4.727956771850586,62.661434173583984,2.9684099640142665,0.8412470782675459,0.47922811921593866,
ISIC_8181345,0.293,0.008488933638002448,0.0,0.0,1.0620894851986054,2.978685140609741,3.4673964977264404,48.75601577758789,2.3304724206666347,0.11229960383506066,0.9507288820696072,
ISIC_8186630,0.314,0.0,0.0,0.0,1.6439729846462303,3.197808265686035,5.346463203430176,29.14663314819336,2.109677263977605,0.9780940217103526,0.9195479379779884,
ISIC_8188175,0.481,0.0,0.0,0.0,1.8404030671159173,2.70737886428833,3.7711596488952637,40.36976623535156,2.5967341824651573,0.9014547030364323,0.9497549071531435,
ISIC_8191057,0.447,0.0,0.0,0.12,0.3746262979861581,3.745666265487671,4.302616119384766,44.3953857421875,2.739645917963257,0.0693495223712182,0.30871364050932304,
ISIC_8197317,0.258,0.043689409349973424,0.0,0.0,0.27206205512370896,2.51366925239563,2.4973018169403076,11.120051383972168,1.2688632782159173,0.17182976031272157,0.10072584914966465,
ISIC_8200265,0.252,0.0,0.0,0.0,0.7463177215482439,2.7307920455932617,4.683464527130127,37.864990234375,2.3035054829848383,0.27965753456583986,0.4694414894461233,
ISIC_8212790,0.362,0.0,0.0,0.0,0.4885260304259761,2.0873899459838867,4.585674285888672,52.670352935791016,2.488028235274335,0.02189021364237486,0.4669061738831088,
ISIC_8216653,0.39,0.0,0.15,0.12,1.7145028282404404,3.330200433731079,5.664535045623779,43.57176971435547,2.672681869744738,0.9879727879211389,0.7286260235087355,
ISIC_8223466,0.419,0.0,0.0,0.0,1.6088407619484553,3.1843550205230713,5.076956748962402,41.987918853759766,2.539710806344419,0.8356015851165135,0.8183121924997033,
ISIC_8225405,0.209,0.00981076542837198,0.0,0.0,1.7084374214046432,3.5911667346954346,4.928806781768799,27.01164436340332,1.7555528402946103,0.9979668735416092,0.8519350500454212,
ISIC_8233338,0.549,0.0,0.15,0.12,1.2814218966466417,3.2644503116607666,7.999293804168701,84.51365661621094,3.4538022293419965,0.14875311820457904,1.13785060549169,
ISIC_8245615,0.15,0.0,0.0,0.0,1.580743928838848,1.574463129043579,5.333524703979492,18.433853149414062,1.6570706734579348,0.9998623923062175,0.6619908518503119,
ISIC_8246244,0.408,0.0,0.0,0.0,1.3577179108789699,3.6173899173736572,3.5760462284088135,46.8502311706543,2.6262911789422505,0.9846325596628818,0.3731060825832079,
ISIC_8255784,0.427,0.0,0.0,0.12,0.8181189419662975,1.659744381904602,4.274415016174316,52.05229187011719,2.901677215600955,-0.0,0.8181189419662975,
ISIC_8256480,0.218,0.15713634738251125,0.0,0.0,1.1553973339450032,2.587249517440796,3.5177459716796875,21.11048126220703,1.3581889857739184,0.20251922562644795,0.9535318673833981,
ISIC_8258916,0.513,0.031610540238071014,0.0,0.0,1.0754084102083032,3.0061984062194824,3.3743362426757812,43.200538635253906,2.7452694026122426,0.2774044373297604,0.7980623894965128,
ISIC_8261347,0.35,0.0,0.15,0.26204844640300895,1.8515017873021884,3.9919705390930176,10.12153148651123,71.31825256347656,2.9544590495471756,0.34401438521651273,1.5087572718550706,
ISIC_8263857,0.272,0.0,0.0,0.0,1.1548929083060446,1.965940237045288,4.888734340667725,25.535173416137695,1.6135133757093323,0.4571641156325059,0.7122166497141951,
ISIC_8276999,0.261,0.01685932601880878,0.0,0.0,0.6408070902877151,4.176167011260986,3.658867359161377,30.04412269592285,2.0845034833241316,0.37081697493830357,0.2910808258727517,
ISIC_8278458,0.385,0.14303475981768823,0.15,0.0,1.320499907855827,3.4564828872680664,6.437967300415039,33.32693099975586,2.226070052146104,0.21582225733920354,1.111801262072609,
ISIC_8288855,0.35,0.0,0.0,0.0,0.6360169380102332,2.5827927589416504,3.5905508995056152,53.34861373901367,2.7427847862033143,0.4332734286388118,0.20984660501155378,
ISIC_8293683,0.515,0.08581557756716311,0.0,0.0,1.2387136186099803,4.076444625854492,5.774582386016846,10.220568656921387,2.0057019038801642,0.42008913813868415,0.8394623474150209,
ISIC_8295306,0.473,0.0,0.15,0.12,1.5366673725204625,3.995570182800293,5.97365140914917,58.992706298828125,3.1194333868329287,0.9490111454750497,0.5961180892047128,
ISIC_8298139,0.503,0.0,0.0,0.12,1.7329165815617567,2.9469642639160156,5.784966945648193,72.22091674804688,3.20272513872138,0.9614118934263718,0.8297252450403358,
ISIC_8299428,0.316,0.0,0.0,0.0,0.9105516732882053,2.6449384689331055,3.075390577316284,43.1303596496582,2.3426696307350596,0.26500654558754283,0.6496941456210455,
ISIC_8300326,0.348,0.3532838216085091,0.0,0.0,1.6953780595765278,4.230465888977051,4.589915752410889,19.342275619506836,1.3525091274121617,0.9732342014700148,0.9419457752888878,
ISIC_8306697,0.464,2.4403139870663357e-05,0.15,0.3636847385474709,2.794431549494312,6.499051094055176,15.305320739746094,74.72967529296875,3.632164902300497,1.0251429455353558,1.9926154650774939,
ISIC_8307786,0.354,0.0,0.15,0.009637965202056798,1.7623767601719167,5.636651992797852,6.82014274597168,50.88606643676758,2.7495498735580326,0.7845879158707715,1.007629421484673,
ISIC_8308321,0.234,0.0,0.0,0.0,1.5260381937227565,2.2528064250946045,3.5992777347564697,42.59016036987305,2.3775060119889155,0.5056994108374986,1.0205128799081997,
ISIC_8318126,0.232,0.0,0.021385483899333462,0.27927753644853237,1.9026747242895843,4.843546390533447,7.146456718444824,82.34913635253906,2.707205463996261,0.9861085423630824,0.9888140995033077,
ISIC_8319867,0.435,0.0009434196479555103,0.0,0.0,1.2990730041787018,3.352095603942871,8.479866027832031,73.11066436767578,2.6548669811383236,0.43505034151795036,0.946240275552301,
ISIC_8325226,0.475,0.18636281485251863,0.0,0.0,1.3316302009365355,3.0119457244873047,3.3424789905548096,21.541027069091797,1.857278313812085,0.7048111558650436,0.6710545107126664,
ISIC_8339951,0.348,0.0,0.15,0.034145683342940894,1.921525888534615,6.35559606552124,6.830626010894775,46.46095275878906,2.7633245308590357,1.1039047562920326,1.1902164311629004,
ISIC_8344146,0.212,0.0,0.0,0.013766343315056937,1.1840014076237273,3.5742123126983643,5.315155982971191,89.99256134033203,2.2423382184644085,0.22304776437168716,0.9685589756485788,
ISIC_8344285,0.548,0.0002955267480122985,0.009352491595312285,0.12,1.9453952301238278,2.515639543533325,7.842298984527588,58.03203582763672,2.6965886077641117,0.6712645551065303,1.3263932209932159,
ISIC_8345288,0.529,0.09415097328475451,0.15,0.0,0.8392401694323792,3.0500526428222656,5.969061374664307,20.015430450439453,2.159971420720273,0.07803767291370521,0.7645622560890101,
ISIC_8362681,0.419,0.0,0.0,0.12,0.2657199172304914,3.0424537658691406,3.9247395992279053,37.54560089111328,2.948705597529487,0.005615157272144134,0.26013373259695743,
ISIC_8363485,0.236,0.15811430543912422,0.0,0.0,1.2473878878010576,4.511629104614258,5.834897041320801,19.072187423706055,1.618786215660706,0.4854619198430704,0.7799912181735184,
ISIC_8366447,0.322,0.0001416142251489162,0.0,0.007363939707743643,1.6418769495397583,4.828413009643555,5.11336088180542,55.32756805419922,2.667081842678573,0.8623370858229951,0.8912374119788664,
ISIC_8372206,0.824,3.690463115861557e-05,0.0,0.0,0.8468183836302524,1.7815866470336914,3.9606330394744873,11.336126327514648,1.133528457200016,0.0530237575524983,0.7946955821437447,
ISIC_8377707,0.201,0.0,0.0,0.0,1.4168815492169249,3.0017642974853516,3.4501311779022217,64.01383972167969,2.1621103462534617,0.9947050003472291,0.5532521662691038,
ISIC_8379235,0.482,0.0,0.15,0.12,1.296368542583423,2.4422049522399902,6.88842248916626,50.74843215942383,2.9667253226669854,0.1404613709674991,1.1611426851782953,
ISIC_8380039,0.368,0.0,0.0,0.0,1.876915276658739,2.603611707687378,3.078495740890503,59.45263671875,2.6099557409305714,0.9226479978672354,0.9725596668342004,
ISIC_8380421,0.331,0.0,0.0,0.0,1.3545343324462507,2.7246737480163574,4.0687994956970215,65.88300323486328,2.559550343760691,0.9981499394286435,0.3591614929137982,
ISIC_8381252,0.317,0.0,0.0,0.0,1.6570581678163498,4.200527191162109,3.6657636165618896,61.49697494506836,2.5487913991896822,0.9960847776561959,0.7209697709591887,
ISIC_8381531,0.579,0.04516524456491579,0.0,0.12,1.0559431607352086,3.685560703277588,4.607141494750977,20.124589920043945,2.4945852988677206,0.2486791046018132,0.8124446223353948,
ISIC_8385616,0.497,0.0,0.15,0.12,1.2707639425608919,4.839904308319092,6.349951267242432,22.614843368530273,2.4195068440012193,0.3328558139122195,1.0476496166942146,
ISIC_8390111,0.182,0.0,0.0,0.0,0.6950560977090748,2.9176063537597656,3.872579336166382,36.27487564086914,2.3310852148776475,0.0027259157649534667,0.6927413269862621,
ISIC_8390159,0.293,0.0025394406881884264,0.0,0.0,0.21231768469352405,2.1056315898895264,3.754180669784546,29.464807510375977,2.3688358589068805,-0.0,0.21231768469352405,
ISIC_8405549,0.455,0.0020086142632320053,8.282945415389712e-05,0.0,1.7916983891251688,5.6041083335876465,3.8767378330230713,21.032320022583008,2.51676778761046,0.883721470318278,0.9289379624430348,
ISIC_8405809,0.292,0.0,0.15,0.29367235622290894,2.0746774388346045,6.025215148925781,6.438499927520752,67.7451171875,2.98707067729126,0.9998818792072484,1.075916120974649,
ISIC_8417873,0.551,0.002943033134783979,0.0,0.0,1.5454030637794525,3.117358922958374,5.381054878234863,26.17911720275879,2.2297763567470517,0.8470001680781882,0.8161257542246558,
ISIC_8425893,0.552,0.0,0.0,0.12,1.7915897460325596,3.1115896701812744,4.350128650665283,57.720821380615234,2.988113627815645,0.9510166165172651,0.9983593487171611,
ISIC_8425957,0.329,0.0,0.0,0.0,0.8786694888662753,2.322131633758545,5.0633697509765625,27.620004653930664,2.3399703008142234,0.3692304212497514,0.5211664319861401,
ISIC_8430738,0.094,0.0,0.0,0.0,0.9252836778085725,1.6053770780563354,6.326933860778809,24.057079315185547,1.6586738016642415,-0.0,0.9252836778085725,
ISIC_8436194,0.54,7.378054591455598e-05,0.0,0.12,1.5231334605703175,3.3367371559143066,6.0264739990234375,49.045928955078125,2.9346123441874385,0.6712830474160068,0.8623101478755189,
ISIC_8436767,0.394,0.014490993234297376,0.46861904357015316,0.2879857155003826,3.1473101641269645,15.531336784362793,19.532163619995117,73.80396270751953,3.147536220028956,1.7266336599393006,2.146835132205568,
ISIC_8437510,0.338,0.0,0.15,0.10535512291124456,1.0175979584477999,6.757205009460449,5.467028617858887,72.78323364257812,2.923793660907199,0.7221010854316502,0.5900786232602564,
ISIC_8438639,0.263,0.0,0.0,0.0,0.520897096652231,3.26073956489563,4.673043727874756,42.12258529663086,2.668147838473979,0.2193941867560414,0.3043233676640562,
ISIC_8451130,0.237,0.0,0.15,0.0,1.0081486840309364,3.1201376914978027,5.537501335144043,38.915592193603516,2.6176732858483045,0.016555839559883306,0.9926835856351279,
ISIC_8457787,0.291,0.0,0.0,0.0,0.5426677596160355,2.363842725753784,2.656677484512329,51.41587448120117,2.6358066660097683,-0.0,0.5426677596160355,
ISIC_8464434,0.344,0.0,0.15,0.0,1.507017837441446,1.8527201414108276,5.727940082550049,59.53243637084961,2.750909951512067,0.6142748962009644,0.9758454028678174,
ISIC_8465152,0.32,0.0031045151817085323,0.0,0.0,1.5982078475946315,3.1310019493103027,3.737234592437744,14.031344413757324,1.485381851237948,0.9829955934561332,0.8875511012115127,
ISIC_8469156,0.419,0.0024619713356194496,0.0,0.0,1.797166052020449,4.80310583114624,5.64127779006958,47.04354476928711,2.816313019414533,0.9644314415256234,1.0058857463295108,
ISIC_8470224,0.283,0.12873798322765392,0.0,0.0,0.9618168323698226,5.938292503356934,2.7416465282440186,27.189655303955078,1.6377041127375975,0.875436694504202,0.10771963267779916,
ISIC_8472701,0.219,0.0236372820938057,0.0,0.0,1.1628558585385655,2.6504528522491455,2.691765069961548,15.305646896362305,1.2222466771291491,0.9642039894912398,0.20456334175927396,
ISIC_8472933,0.152,0.000874141793083353,0.0,0.0,0.8405657909890625,4.113736629486084,4.6829352378845215,35.6392707824707,2.156847876963834,0.4012250254645141,0.45272269893173267,
ISIC_8476096,0.439,0.0,0.0,0.0,1.0588303719655876,2.784453868865967,3.7072856426239014,66.36271667480469,2.8936042118203193,0.7884913649018713,0.29164585670887916,
ISIC_8477203,0.393,0.0,0.0,0.12,1.382614075268628,2.355152130126953,4.718990325927734,31.433584213256836,2.5008429400472845,0.5992536511914436,0.8181381678685236,
ISIC_8482289,0.164,0.00019625961876569055,0.15,0.0,1.774366042530021,3.437990188598633,5.356618881225586,38.76960754394531,2.367916306239476,0.9993370272657205,1.0766267735996535,
ISIC_8495841,0.245,0.00012481829836253995,0.0,0.0,1.364066541744653,2.1583986282348633,4.57333517074585,22.660873413085938,1.996622258348079,0.9386548308012733,0.46522572256961675,
ISIC_8497457,0.535,0.0,0.0,0.0,0.5597870754781057,2.5682406425476074,4.503595352172852,32.65580368041992,2.223476977933661,0.02679494784020026,0.5330434076456584,
ISIC_8509219,0.713,0.0027595165018804847,0.15,0.12,1.9403651149985697,4.046652317047119,9.049843788146973,20.321908950805664,3.1990174675162297,0.5430514856065785,1.4535408213434073,
ISIC_8514630,0.24,0.7707386429515571,0.0,0.0,1.5010381158239512,4.505368232727051,3.7245473861694336,42.87920379638672,2.033966723715592,0.6059523650520433,1.009927924858976,
ISIC_8521879,0.229,0.0,0.0,0.0,1.396580234376946,4.4128313064575195,5.326369285583496,46.88386535644531,2.3014826379339066,0.3896983273677336,1.030866839361647,
ISIC_8525826,0.387,0.0,0.0,0.0,1.2562090744551184,2.9472529888153076,5.24923849105835,43.49309158325195,2.608486576948704,0.342947871169785,0.9471788256956344,
ISIC_8528760,0.392,0.04165155499138635,0.0,0.0,1.1406000910781429,3.2146925926208496,3.8121259212493896,20.9453125,1.7034120158169475,0.531945771867852,0.6353124771781373,
ISIC_8532508,0.337,0.0,0.15,0.15304372677907974,2.4874994235555277,10.750072479248047,10.348833084106445,62.64242935180664,3.095333333405887,1.5833730063945852,1.5037000051528,
ISIC_8532648,0.249,0.0,0.0,0.21361122926414292,0.945304626350516,4.375748634338379,3.7569267749786377,87.85345458984375,2.7511767652221666,0.6794671827384937,0.48414784987585496,
ISIC_8535481,0.335,0.46919233767570934,0.0,0.0,1.9747920561326393,6.33210563659668,5.426958084106445,29.782976150512695,2.365781813551315,1.0213308999187725,0.9781603846325769,
ISIC_8537801,0.354,0.09074313192929338,0.0,0.0,1.6613753165262595,3.819983959197998,6.023368835449219,21.06098747253418,1.8107298129293463,0.6632491961410413,1.0024447090944215,
ISIC_8564627,0.344,0.0,0.0,0.0,1.5786881688793502,3.362109422683716,3.543272018432617,33.22236251831055,2.3389464443911225,0.9999939163365551,0.7258680926854126,
ISIC_8568104,0.403,0.0,0.0,0.0,0.8032679283240429,2.284609317779541,4.2509565353393555,73.08033752441406,2.722990958142385,0.0026350559025918032,0.800979868114269,
ISIC_8579352,0.156,0.0,0.0,0.0,1.7769891080207278,2.683765172958374,3.5193352699279785,42.22965621948242,2.3900795909765944,0.9606798967463264,1.019600408870538,
ISIC_8582111,0.441,0.0,0.15,0.12,0.7708005044873987,2.3940207958221436,5.183503150939941,60.91340255737305,3.071076771818847,0.2510384901482341,0.5696669743783815,
ISIC_8583441,0.252,0.0,0.0,0.0,0.7279215716293929,3.928748607635498,3.491753101348877,51.55628204345703,2.565161068214848,0.6124926473079996,0.174301763490353,
ISIC_8593738,0.24,0.0,0.0,0.0,1.603913846870753,6.461951732635498,4.906868934631348,50.36847686767578,2.098557517124086,0.9501932653309515,0.7264615785544943,
ISIC_8600962,0.321,0.0,0.0,0.0,0.3242504436730871,2.7963881492614746,4.135676383972168,49.45829772949219,2.3688163099848327,0.0827008549864378,0.2661508975528788,
ISIC_8601570,0.307,0.0,0.15,0.0,1.5759254331099486,4.256826877593994,5.398584842681885,51.10513687133789,2.488172713380093,0.8185123518641724,0.9476315562865039,
ISIC_8603749,0.299,0.007622856690294223,0.0,0.0,1.8977133657669678,6.479269504547119,5.318474292755127,49.807899475097656,2.385993114056121,1.0806071715246302,0.8653903313314866,
ISIC_8609084,0.427,0.0,0.15,0.12,1.3357150438293937,2.8811182975769043,5.375269889831543,50.52256774902344,3.0153573728348135,0.24579186436476325,1.0956798970671096,
ISIC_8609756,0.172,0.0,0.0,0.0,0.06261970978712278,2.369481086730957,3.2668843269348145,34.336875915527344,1.5763398847034704,0.003450980851037869,0.05917129435500107,
ISIC_8611644,0.613,0.0,0.0,0.12,0.9065581276797078,1.6258691549301147,4.624997138977051,53.60256576538086,3.035984618210318,-0.0,0.9065581276797078,
ISIC_8612251,0.249,0.0636305756338714,0.0,0.0,0.44193179567352664,2.599205732345581,2.6987805366516113,13.050097465515137,1.1786441012410755,0.4038818702747528,0.03975473866834456,
ISIC_8615491,0.269,0.004969388566430787,0.0,0.0,0.3118686305579134,3.2548234462738037,2.361788511276245,17.91802215576172,2.0245758787084336,0.16102431174624982,0.15711398680885805,
ISIC_8615694,0.267,0.0,0.15,0.003453403040913233,1.707063845554648,5.485769271850586,5.470854759216309,54.13230514526367,2.4204498255938276,0.9188504145669976,0.9811689969981504,
ISIC_8616033,0.592,0.3512970549789892,0.0,0.0,1.7359010636352743,6.812226295471191,2.1760659217834473,16.392192840576172,1.9971004844517346,1.2265772688177112,0.5521317037372567,
ISIC_8620236,0.328,0.4112409891151383,0.0,0.0,1.8319463032019074,7.579888820648193,6.1424360275268555,36.62955093383789,2.0954726273104325,1.1924520878327733,0.9909179649985953,
ISIC_8624049,0.146,0.0,0.15,0.0,1.3669587230340654,2.029292345046997,7.649794101715088,23.636751174926758,2.1327291479428387,0.08772658822553336,1.3026336969620493,
ISIC_8625813,0.377,0.3194640846905899,0.0,0.0,1.9568524200317392,5.292564392089844,5.264100551605225,40.050148010253906,2.4400952826076545,0.9813133023824827,1.095807383651445,
ISIC_8627581,0.308,0.0,0.0,0.6198318324294741,1.472309116658799,4.874332904815674,7.070984363555908,105.68842315673828,3.0530062786577985,0.6461954570123928,0.905800325450093,
ISIC_8628639,0.399,0.3178978842321832,0.0,0.0,1.1081153548413236,4.597091197967529,3.459979772567749,22.506031036376953,1.4907862584488558,0.9947846545806214,0.12867655838918463,
ISIC_8632904,0.279,0.012568409427344067,0.0,0.0,1.3966316364545588,3.620131731033325,4.3781352043151855,16.142070770263672,1.525684166356633,0.9182067993859491,0.5419119524236949,
ISIC_8634773,0.314,0.0,0.15,0.0,1.0827203757863602,3.1348917484283447,5.331326484680176,40.4854850769043,2.414336099343288,0.1504919297512014,0.9370062367353258,
ISIC_8642522,0.329,0.0,0.15,0.0,1.9370449897891246,3.356269359588623,6.075039386749268,40.93600082397461,2.436864296030329,0.9728639489334406,1.0576777169034748,
ISIC_8645393,0.433,0.0,0.0,0.0,1.9385951609718566,1.8134398460388184,4.260061264038086,26.340930938720703,2.219060710272774,0.948190438145927,0.9907859569309017,
ISIC_8646399,0.271,0.0,0.0,0.0,1.1783799090491969,3.7322607040405273,3.8980960845947266,40.21908187866211,2.165650262368947,0.9984905412587299,0.19883157927870634,
ISIC_8659007,0.528,0.0,2.6392372096918372e-05,0.12,0.9295982786543774,3.1673662662506104,4.501019477844238,69.59012603759766,3.0336262957895443,0.3044822300635872,0.6402083954717209,
ISIC_8660210,0.347,0.0,0.15,0.1589059503039629,1.6918763654180218,4.754889011383057,4.901550769805908,73.12230682373047,3.026357076539264,0.9622170319835897,0.895867897259268,
ISIC_8661226,0.244,0.11799386041594666,0.0,0.0,1.2722304842040042,3.1703193187713623,3.0941996574401855,19.945302963256836,1.551923810898404,0.9729495817119936,0.33045659371133773,
ISIC_8662550,0.235,0.0,0.0,0.0,1.8228173944218162,6.104480743408203,5.106500148773193,50.59760665893555,2.3796105447452263,1.0247895653863957,0.980066775278863,
ISIC_8662604,0.763,0.0,0.0,0.12,0.37301741029967683,3.703009843826294,4.084222793579102,26.802335739135742,2.5407903420673668,0.12665253106082366,0.3029246906899872,
ISIC_8662803,0.438,0.0,0.0,0.12,0.8877892462839556,1.5588394403457642,3.8477401733398438,50.39841842651367,2.741006363212552,0.3050424481403472,0.5836960378123894,
ISIC_8667960,0.332,0.0,0.15,0.23685438830857383,1.8500628019963286,5.726185321807861,5.796747207641602,57.613548278808594,3.014201994083334,0.9983654636783519,1.061988011724482,
ISIC_8669067,0.493,0.006800231396762806,0.0,0.0,1.033275688884732,3.1317191123962402,3.2805306911468506,43.16767501831055,2.6015252619968114,0.09480702006044998,0.9520390202211493,
ISIC_8671119,0.125,0.0001225661522080101,0.0,0.0,1.073214934503185,2.968388795852661,3.8192076683044434,20.324621200561523,1.5427878227255398,0.8115003885548654,0.27393132554092975,
ISIC_8673290,0.543,0.02175772367899535,0.0,0.0,1.736285535033455,3.3540146350860596,3.912745475769043,4.327142238616943,1.7343764042868817,0.7436990763646604,0.9970920318286054,
ISIC_8680647,0.324,0.017463230376604407,0.0,0.0,1.6721559339513443,4.512747287750244,4.596685886383057,22.9006290435791,1.7542939506919324,0.9997335146077978,0.752160716162253,
ISIC_8684658,0.346,0.037098099884116845,0.0,0.0,2.009898029287281,3.3965888023376465,5.570685386657715,14.783050537109375,1.9747155367000726,0.9922061576960449,1.0382422760681114,
ISIC_8690116,0.669,0.00015740827278853674,0.0,0.12,1.7884007176381531,5.18258810043335,4.247810363769531,25.93413734436035,2.665038816248433,0.89927686618901,0.9318423976011784,
ISIC_8692218,0.291,0.5009724506438646,0.0,0.0,2.1927280911034375,9.343079566955566,6.061566352844238,24.298675537109375,2.119522830839215,1.4966869325339716,0.826857228616413,
ISIC_8693307,0.451,0.0,0.15,0.12,1.7254875572845707,5.517361640930176,6.469684600830078,52.98352813720703,2.8416011121431866,0.8454218050566633,1.017656506645217,
ISIC_8696381,0.3,0.0,0.0,0.0,0.47425927671563395,3.248492479324341,4.402299404144287,43.78211975097656,2.3178133374561707,-0.0,0.47425927671563395,
ISIC_8697607,0.614,0.2474135915845717,0.15,0.12,2.299099707626458,4.096522331237793,9.012709617614746,29.6817626953125,3.0504633034028297,1.000739077665829,1.3676825985718322,
ISIC_8699706,0.28,0.0,0.15,0.0,1.6065460750702938,4.942434787750244,5.866504669189453,52.74072265625,2.524711197685015,0.9297577055273021,0.9583097835023496,
ISIC_8705318,0.302,0.0,0.0,0.0,0.5461522519867277,2.1381773948669434,4.325055122375488,29.64666175842285,2.033161992578086,-0.0,0.5461522519867277,
ISIC_8708106,0.916,0.0006609163567302366,0.15,0.12,1.894752644088762,3.2558705806732178,8.58382511138916,14.257884979248047,2.8608628389261193,0.7316353566266091,1.2229327964863805,
ISIC_8708918,0.434,0.00019815754763521674,0.0,0.0,1.308608120436992,3.4435856342315674,4.763856887817383,32.16725540161133,2.232433687011521,0.9531212754278784,0.36717974063216086,
ISIC_8710108,0.437,0.005513168801065581,0.0,0.0,1.416731497044424,3.671656847000122,5.98928165435791,9.074009895324707,2.3475093939808898,0.5420055974243254,0.9165253795605036,
ISIC_8711280,0.388,0.0010830376355578355,0.0,0.0,1.6096608860570438,5.402499198913574,3.007854461669922,66.37213134765625,2.6788133111343004,0.7458464550036212,0.9619007030417593,
ISIC_8712559,0.315,0.0,0.0,0.0,0.3946133859807998,2.1847891807556152,3.538226842880249,46.67458724975586,2.227744195026152,0.08149523095696323,0.3135930617321091,
ISIC_8712921,0.298,6.991108184278121e-05,0.0,0.0,1.7789691879412861,4.432827472686768,8.761571884155273,41.68946838378906,2.038354300046007,0.40331745091980997,1.459687888993456,
ISIC_8715705,0.263,0.00026199100060912906,0.15,0.0,0.8714716241237561,3.332963705062866,5.834692478179932,36.82562255859375,2.4142019917859034,0.06872987892902527,0.8102859029025715,
ISIC_8718627,0.196,0.0,0.0,0.0,1.1146432567121198,4.020717620849609,4.662377834320068,65.19477844238281,2.0285520214973576,0.8541757597833908,0.2943969285774827,
ISIC_8730498,0.356,0.0,0.0,0.0,1.9529456525986273,2.5280003547668457,4.8448872566223145,51.40010070800781,2.8261477720847994,0.9998824051693851,0.9875504833286533,
ISIC_8731126,0.229,0.0007457321663378195,0.0,0.0,1.5028367668788474,2.8328075408935547,5.829981803894043,24.675756454467773,2.046558322710737,0.758543628776166,0.7910535659297369,
ISIC_8733176,0.191,0.0,0.0,0.0,0.6299194235504504,2.532456398010254,3.5102102756500244,33.08417892456055,2.135927857131262,0.031655307670440364,0.5982691380443785,
ISIC_8733345,0.44,0.0,0.0,0.12,0.376132390262612,4.145857810974121,3.1906659603118896,58.28760528564453,2.972328132142869,0.34926072421821985,0.027180000705864887,
ISIC_8734128,0.363,0.0,0.0,0.0,0.7881251657537907,2.942436695098877,3.2766265869140625,60.377899169921875,2.584209259815087,0.005500238071708988,0.782791684945134,
ISIC_8736820,0.24,0.0,0.0,0.03258110548448609,0.9089090913978584,3.9462015628814697,4.126505374908447,75.18758392333984,2.5083769978542096,0.3477938825016746,0.7116217976320058,
ISIC_8738186,0.337,0.0,0.0,0.0,1.1973525090345354,2.8896853923797607,3.5383787155151367,40.31108474731445,2.1917885119188174,0.9475878266385476,0.2661746767892858,
ISIC_8740695,0.259,0.00022076643404060723,0.0,0.0,0.7718084916834592,2.3894693851470947,1.8541990518569946,25.461458206176758,1.5666719278122208,0.35568474265138184,0.4513493784066349,
ISIC_8761348,0.37,0.0,0.0,0.12,1.164622222624511,3.062520980834961,3.493880271911621,48.26641082763672,2.620217555163086,0.9037861395298505,0.35033472452043374,
ISIC_8766762,0.21,0.0,0.0,0.5351499207275642,0.5050101750579576,2.970146656036377,2.9352657794952393,85.120361328125,2.439972496959944,0.5019793575990135,0.0030691523138174433,
ISIC_8769047,0.344,0.0,0.0,0.12,1.5666181609008087,3.32250714302063,4.932104587554932,40.32291793823242,2.481956694574323,0.9858869587633514,0.5971422235158357,
ISIC_8771453,0.349,0.0,0.0,0.0,1.1567909678733341,2.542351722717285,3.652886152267456,23.528200149536133,1.875103844134618,0.18795695251103067,0.9992551506100531,
ISIC_8794567,0.195,0.0,0.15,0.12,1.8906289728622179,3.3495941162109375,7.358088970184326,26.684152603149414,2.496048530365626,0.7529114268298476,1.2832062890152045,
ISIC_8806986,0.501,0.12627556380274899,0.0,0.0,2.1520748730117147,6.240148067474365,5.839635848999023,21.089664459228516,2.2680924386160934,1.1470296309892387,1.0171118101415688,
ISIC_8815430,0.404,0.0,0.15,0.0,1.045417065654476,2.2964553833007812,5.711948394775391,70.33061981201172,2.8064874516496623,0.016515127883891798,1.0290830348959217,
ISIC_8815594,0.585,0.03299290768585244,0.0,0.12,1.5991142813390993,4.036143779754639,5.771216869354248,33.1579704284668,2.604253703522552,0.6350563228093308,0.9982973269667996,
ISIC_8821742,0.655,0.006255666963463656,0.0,0.12,2.092495207037783,3.146747350692749,8.133543014526367,26.52808952331543,3.0396497352414533,0.9897411864090313,1.1361267755426032,
ISIC_8826496,0.367,0.0,0.0,0.12,1.3341083733079224,4.386157512664795,4.906556129455566,53.75798034667969,3.0338108750891895,0.49877575837970367,0.857907945435405,
ISIC_8837131,0.215,0.0,0.0,0.0,0.9905137614913339,2.512178421020508,3.207939386367798,42.72085189819336,1.7985139991240269,0.012151516950435686,0.9791951423057834,
ISIC_8838144,0.351,0.0,0.0,0.0,0.35996330827900946,3.097017288208008,2.9331986904144287,44.99309158325195,2.5283790991541046,0.0010329451621613943,0.3589372384024389,
ISIC_8842001,0.104,0.0,0.0,0.0,1.6890440919361684,2.086301565170288,5.151076793670654,24.68927001953125,1.693334772911749,0.8437343652661559,0.9751364621553085,
ISIC_8847503,0.297,0.0,0.0,0.0,0.7719095588076439,1.610782504081726,4.5318684577941895,22.326032638549805,2.2907524888329207,0.07196773140180468,0.7134234625756122,
ISIC_8851245,0.264,0.09357203624242819,0.0,0.12,1.3965413891521437,3.8051059246063232,5.565169334411621,61.6700553894043,3.0274123114914775,0.7924511110616772,0.6403549010000503,
ISIC_8857430,0.39,0.08045323518557308,0.15,0.0,1.322348075812725,3.4997026920318604,5.981689929962158,30.08726692199707,2.3374475410502735,0.4601746498258183,0.8718498167670432,
ISIC_8859274,0.37,0.0017740242815497194,0.00014348725806652142,0.040552474859666815,1.5393792067934857,2.3883681297302246,6.623190402984619,27.27798843383789,2.562573162025476,0.512318327234908,1.0658355708481828,
ISIC_8872158,0.507,0.0014840398029153663,0.15,0.0,1.5506340292792664,2.443211555480957,7.913125991821289,9.618895530700684,2.1844178615161596,0.4608903789442889,1.1019053323045696,
ISIC_8874166,0.343,0.0,0.15,0.12,1.8694803955659958,8.121703147888184,6.40685510635376,75.4203109741211,3.0144067645555137,1.0130935652539466,0.8597010710803232,
ISIC_8879477,0.083,0.0,0.0,0.0,0.9515849673968312,1.7161856889724731,5.685680866241455,15.078813552856445,1.570580777822967,-0.0,0.9515849673968312,
ISIC_8888094,0.235,0.0,0.0,0.0,1.009991977963497,2.810457944869995,4.117430210113525,24.177457809448242,1.8624661909796416,0.1624192169233925,0.8591608255493167,
ISIC_8889975,0.442,0.0,0.0,0.12,1.867417031062708,3.803992748260498,4.3698225021362305,80.51899719238281,3.1408435251420563,0.9803640265878454,0.9985264987023076,
ISIC_8897741,0.28,0.0,0.0,0.0,0.8560208730437295,2.0214548110961914,3.3417904376983643,43.87702941894531,2.240167020026184,0.13768337294201713,0.7210963029368629,
ISIC_8897775,0.309,0.0,0.0,0.0,1.0490766652234487,1.633579969406128,3.755023956298828,52.14978790283203,2.29160740652374,0.15968354755246197,0.9024670806967199,
ISIC_8898820,0.404,0.0029531634266672653,0.15,0.12,2.2940583491771034,5.397353649139404,8.803690910339355,60.74087142944336,2.946652244557685,1.0024020030667289,1.297122686948342,
ISIC_8899125,0.371,0.0,0.0,0.161544190474728,1.9144395538090393,3.96121883392334,5.451651096343994,76.04248046875,3.1385021157579613,0.9067471858117788,1.0131980960265798,
ISIC_8901133,0.205,0.0,0.0,0.0,1.0342438666206637,2.156074285507202,6.479213237762451,27.08327293395996,2.0432920987877945,0.0021625538075767422,1.0324042806210327,
ISIC_8903875,0.41,0.0,0.0,0.0,0.6299554991451789,2.192277431488037,3.469409942626953,51.947261810302734,2.7041998209271934,0.5251285150828382,0.10643087901854169,
ISIC_8905603,0.463,0.0,0.20256645279560037,0.0,1.946407994599586,3.276484489440918,10.214427947998047,37.222572326660156,2.680686848286663,0.6643292712404059,1.5151872070907277,
ISIC_8907232,0.59,0.0030195003414117444,0.0007576956104680457,0.12,1.1543136939095309,3.6039066314697266,7.469865322113037,7.007218360900879,3.004262029141659,0.1870378621371529,0.982438743292699,
ISIC_8907509,0.576,0.004675023651656624,0.15,0.12,2.0541814778818255,4.898577690124512,9.49692440032959,42.93648910522461,2.744194634034711,0.789103645322405,1.3867779015881383,
ISIC_8913309,0.218,0.0,0.15,0.0,1.6923847260439078,3.247659206390381,8.755854606628418,28.666522979736328,2.516708543078977,0.28744477984335415,1.491583352647674,
ISIC_8918247,0.379,0.0,0.0,0.0008831623520505926,2.050006172703122,4.161474227905273,7.518769264221191,43.36109924316406,2.53927529919799,0.9371220349379183,1.130285693169587,
ISIC_8919169,0.259,0.0,0.0,0.0,1.4210383627118552,3.31721830368042,2.1013588905334473,59.072669982910156,2.408571902677341,0.9581946221942572,0.4629614148340889,
ISIC_8937746,0.236,0.0,0.0,0.0065050903991835446,0.5061270099526481,1.3405191898345947,4.53643274307251,67.65203857421875,2.372725368998378,-0.0,0.5061270099526481,
ISIC_8943817,0.387,0.0017964534079984282,0.0,0.0,0.9428952516769172,3.402472734451294,3.372393846511841,36.99122619628906,2.433848634517339,0.1348000423345478,0.8103899147438836,
ISIC_8955200,0.407,0.43936100241909415,0.0,0.0,1.9324855530159588,4.588953971862793,6.373141288757324,8.516130447387695,2.272176487153773,0.8792316193438742,1.0704307443985273,
ISIC_8961478,0.233,0.03281773680259666,0.0,0.0,1.897650823687672,4.020280361175537,4.826719284057617,38.139060974121094,2.2250028909524513,0.9233439213061125,0.9750377557971686,
ISIC_8961614,0.394,0.0012657326614402456,0.0,0.12,1.9137919563528247,4.417064189910889,5.299706935882568,54.81391143798828,2.6955180010242574,0.9269519632224106,0.9979876982839387,
ISIC_8964676,0.498,0.31408529288873926,0.0,0.0,1.268624874549054,4.110702991485596,2.9338715076446533,9.776256561279297,1.4799907285980687,0.9752546637384613,0.3432010126972936,
ISIC_8969175,0.146,0.0,0.0,0.871000336813742,1.7912902641172446,5.292165279388428,3.9241232872009277,94.3592300415039,1.6425758294740906,0.9941346846987648,1.0261591331475828,
ISIC_8969855,0.311,0.0,0.0,0.0,1.0355023147873308,2.1629638671875,5.734900951385498,72.72178649902344,2.6411141595118686,0.2686306058360546,0.8433704789375913,
ISIC_8972926,0.299,0.0,0.0,0.5942427638355916,2.07178009428595,5.085893630981445,7.022539138793945,95.84088897705078,3.3346771828348536,0.9199782146230231,1.1755793402636943,
ISIC_8977962,0.241,0.0,0.0,0.0002212221139155623,0.872550925358387,3.4955976009368896,5.215238571166992,64.01805114746094,2.4209084196144386,0.26382985068418363,0.6641702730414858,
ISIC_8980141,0.382,0.0,0.15,0.3611503180713758,1.497229248485387,3.3874282836914062,11.174722671508789,114.7263412475586,3.2057585163048508,0.07740986997003121,1.4297588526175677,
ISIC_8994087,0.492,0.0,0.15,0.12,1.5190670011460337,2.6615540981292725,5.051331996917725,37.232513427734375,2.4662345254812488,0.8393810350184345,0.6839336456246017,
ISIC_9002130,0.284,0.03773415116503638,0.0,0.0,1.6049358959477296,4.316692352294922,5.097326755523682,16.188207626342773,1.9503377445755257,0.7830551408605932,0.8280205160299692,
ISIC_9006649,0.783,0.2804045940638818,0.15,0.12,2.425395920446193,8.009925842285156,20.651538848876953,17.47674560546875,2.5412060102277367,1.0030734352967334,1.9004271637602232,
ISIC_9007375,0.369,0.0,0.0,0.12,1.8317766645220197,3.4048526287078857,3.742370128631592,49.80080032348633,2.7698038948342365,0.9930099952901716,0.845345459116513,
ISIC_9007400,0.359,0.0,0.0,0.0,1.4736609506046519,2.350424289703369,5.55079460144043,29.496122360229492,2.1721426350853705,0.7990024189935161,0.6832229398489326,
ISIC_9011764,0.514,0.0,0.0,0.0,0.7435247898627788,3.4388628005981445,4.970842361450195,19.000883102416992,2.073337151866175,0.1456689822317655,0.5983328564383867,
ISIC_9014393,0.255,0.3668637119979837,0.0,0.0,1.0270795516667945,4.4712395668029785,3.727670907974243,23.284482955932617,1.899630203259777,0.44489850800618735,0.6064687557683195,
ISIC_9030826,0.282,0.0,0.0,0.0,0.027703599053685895,2.1455795764923096,2.334186553955078,35.31936264038086,2.1946844415972113,0.024438539269249503,0.0032659054040352653,
ISIC_9041525,0.454,0.005343906223064989,0.15,0.0,1.284858664396943,4.071705341339111,7.160411357879639,31.16118049621582,2.445492757109723,0.29890743647203993,1.0011632515410729,
ISIC_9053910,0.534,0.04562378089419121,0.0,0.12,1.2232452983288982,3.7459185123443604,4.993252277374268,36.9277458190918,2.8110632090163787,0.15716715250174873,1.080954848267016,
ISIC_9060583,0.094,0.0,0.0,0.0,0.8617272837819757,2.1455860137939453,5.835257530212402,25.468435287475586,1.826069534281606,0.020679475331941897,0.844781939623901,
ISIC_9069120,0.495,0.005511515633600539,0.0,0.12,1.378716374209599,3.1164751052856445,4.81353235244751,57.737369537353516,3.048024704027134,0.714895677988531,0.675620394820943,
ISIC_9071073,0.099,0.0,0.0,0.0,0.7594243789609141,2.234696388244629,4.496339797973633,32.829429626464844,2.043317334508344,0.0010480494363232027,0.7585266366322074,
ISIC_9072639,0.234,0.2696534074151595,0.0,0.0,1.410975012293914,4.934661388397217,4.069263935089111,29.98442268371582,2.500016788756625,0.4595434583868773,1.0057390621695288,
ISIC_9076331,0.28,0.0,0.0,0.0,0.6661615892857617,2.7539567947387695,4.888992786407471,44.86833953857422,2.2797752091683923,0.020566496916176163,0.6461064376903607,
ISIC_9082696,0.398,0.6488880995163042,0.0,0.0,1.5878642301303896,4.338016033172607,4.154247760772705,24.927173614501953,2.145895107103641,0.9896201741220485,0.6219177677590637,
ISIC_9094343,0.463,0.0,0.15,0.12,1.7701028174550877,3.2613375186920166,6.561126708984375,85.52893829345703,3.1362421726693905,0.9357955499152015,1.0190767138089103,
ISIC_9105247,0.429,0.0,0.0,0.12,1.5650140421062408,2.4124093055725098,5.063853740692139,50.866188049316406,3.013845335480796,0.997937191343931,0.6136453203804243,
ISIC_9111814,0.389,0.0,0.15,0.14491184294155035,1.8619984980333082,4.909273624420166,6.460134983062744,65.22393035888672,3.1328608304743337,0.9773631566216419,1.1067996639212434,
ISIC_9115886,0.297,0.0,0.0,0.005154210657577521,1.8638067340945543,4.193827152252197,5.23059606552124,53.86344528198242,2.5602691909147275,0.9839358531049256,0.9700692573318632,
ISIC_9129820,0.272,0.0,0.0,0.510001626280696,1.2033488460809323,4.596405982971191,3.912651300430298,81.7890853881836,2.900441956844376,0.9445025736038384,0.2925115460842111,
ISIC_9130035,0.33,0.0,0.0,0.12,0.8481058356977426,3.855067253112793,5.743784427642822,76.60240936279297,2.748283684930559,0.14374205785829813,0.7111107948554972,
ISIC_9140116,0.281,0.0,0.0,0.0,1.1723253512642233,1.8924427032470703,3.082662343978882,24.08259391784668,1.81958785808414,0.9697468477153659,0.20529294019552866,
ISIC_9141788,0.194,0.0,0.004856587818535024,0.8080219403496743,1.9099705416153565,8.582134246826172,8.604238510131836,112.86192321777344,2.6787495603380105,1.178007910613592,1.1703770530136999,
ISIC_9149497,0.315,0.0005941665576182409,0.15,0.0,1.9699037911232695,3.6035702228546143,6.382451057434082,40.39963150024414,2.3894992863855617,0.9417260043451994,1.1599897359679545,
ISIC_9150236,0.424,0.0,0.0,0.0,1.7831088377830115,2.3403100967407227,7.965956687927246,14.163789749145508,1.190321727293341,0.8582997956651051,1.1386218156991579,
ISIC_9153724,0.347,0.0,0.15,0.03527523502125333,0.7897285818445056,3.199740171432495,5.666142463684082,42.956661224365234,2.5176104512977906,0.12209952790992085,0.6712106646829354,
ISIC_9154716,0.332,0.0,0.0,0.021476203395639073,0.39842064893368967,1.6045339107513428,4.291016101837158,56.03642654418945,2.7858735773534815,-0.0,0.39842064893368967,
ISIC_9156154,0.322,0.0,0.0,0.0,1.7802201055001472,2.8911046981811523,5.6571807861328125,35.28753662109375,2.2516886872664514,0.9815419865850641,0.801436492147759,
ISIC_9168966,0.272,0.00288351673701246,0.0,0.0,1.3187511181018303,3.2997913360595703,7.271791458129883,31.163230895996094,1.8072710646183994,0.2879294816675864,1.1113929451323736,
ISIC_9171793,0.458,0.0,0.0,0.12,2.01268498282929,3.65657114982605,5.225742340087891,50.75811004638672,2.8847636346765615,0.9846217512096684,1.0668647941514449,
ISIC_9177435,0.393,0.0010920273970402845,0.0,0.0,1.5712233791869465,2.335282564163208,3.988313674926758,50.607418060302734,2.51569646076301,0.9869978421801736,0.6368418741855557,
ISIC_9179044,0.383,0.06557011347243498,0.0,0.0,1.2081760291520607,4.491186618804932,2.5699093341827393,30.334880828857422,2.459577050685505,0.8793681895866607,0.34476555976543233,
ISIC_9182531,0.29,0.02312470138557095,0.0,0.0,1.0208626115916206,3.6454901695251465,3.956949234008789,39.24375534057617,2.2121915358323005,0.797373685537011,0.24613265399097822,
ISIC_9183794,0.266,0.0,0.0,0.28778672695586643,1.8452945179470346,4.021856307983398,6.656827449798584,91.17899322509766,2.6565192772903012,0.9643646002116699,0.9600951481261878,
ISIC_9183913,0.464,0.0,0.0,0.0,0.9540028084560497,2.1407482624053955,5.526400566101074,44.31979751586914,2.567695185513176,0.16990515793619032,0.80769517951311,
ISIC_9201946,0.082,0.0,0.0,0.0,0.719941566163325,1.0494649410247803,5.183366298675537,7.922083377838135,1.0398671893735008,-0.0,0.719941566163325,
ISIC_9206660,0.576,0.38685943267600015,0.0,0.0,2.937843629927788,9.366924285888672,12.146553993225098,21.482437133789062,2.0754400703437543,1.4057435763571091,1.692190403270883,
ISIC_9210086,0.603,0.30652654048803835,0.2867701346111766,0.12,3.035149796834915,18.601348876953125,24.969572067260742,56.52747344970703,3.2954903944547134,2.1061571495430433,2.546675566108898,
ISIC_9214649,0.22,0.08019411293668174,0.0,0.0,1.9229270503273534,4.356393337249756,5.592788219451904,22.541900634765625,1.6338402283502327,0.9947703642445657,0.9776400444206104,
ISIC_9219356,0.384,0.0,0.0,0.12,0.8325356469873167,2.3038814067840576,2.786736011505127,42.96092987060547,2.557811961003117,0.7006209465548175,0.13751569144341755,
ISIC_9227283,0.35,0.1527294793101034,0.0,0.0,1.4101094021285487,2.6761391162872314,3.71205472946167,4.318408489227295,0.6821844407204779,0.9298419562647308,0.6759002523370703,
ISIC_9239978,0.381,0.0006576716368830475,0.15,0.0,1.884275121652793,3.0063979625701904,7.446012020111084,23.19220542907715,1.9885593376609985,0.8567826013753645,1.0828748561036297,
ISIC_9241446,0.195,0.0006061317806257553,0.0,0.0,1.1123537899122837,2.1808319091796875,4.669820308685303,33.31744384765625,1.6341715157140222,0.5816269449683606,0.5930397567217471,
ISIC_9251640,0.383,0.0,0.15,0.0,1.17043288947509,2.66731858253479,6.605573654174805,78.091796875,2.91605651067019,0.10576259662508851,1.0966965279326875,
ISIC_9254641,0.449,0.00143503217950948,0.15,0.12,2.026510003141606,4.667678356170654,10.044898986816406,73.76468658447266,3.256040576358968,0.9961270490781755,1.4399608288564356,
ISIC_9256811,0.263,0.0,0.0,0.12,1.245799925075506,3.552434206008911,4.22181510925293,35.41895294189453,2.601461209632506,0.27447976217138254,0.9715885123169062,
ISIC_9260193,0.449,0.0,0.15,0.12,1.6277421694511873,4.182817459106445,6.114888668060303,74.860107421875,3.331065319473759,0.5177284755864644,1.13213221322331,
ISIC_9262713,0.356,0.0,0.0,0.0,1.1718428917242276,2.863527536392212,3.1498427391052246,60.046363830566406,2.6799225564798332,0.7413093383803199,0.46940730656316254,
ISIC_9267602,0.29,0.0,0.7794619554306365,0.38554507127082915,0.9343422980245125,4.830101013183594,6.423953056335449,73.60411834716797,3.00408524341673,0.7356441086275591,0.6980344506876142,
ISIC_9267796,0.291,0.0,0.15,0.19279303644762033,1.6585560970583497,6.088154315948486,6.306643486022949,75.24757385253906,2.9783171945049376,0.8163941568476367,0.9905307405314996,
ISIC_9269907,0.43,0.08025102215460683,0.15,0.0,1.0439575078866983,3.269213914871216,6.779433727264404,33.42979049682617,2.381441933444685,0.25960195267713115,0.7913807946706485,
ISIC_9274936,0.254,0.21916733449526168,0.0,0.0,0.9463765007378594,4.329401016235352,4.574906349182129,14.90575122833252,1.7204632947396838,0.4991316103777637,0.47981361154360364,
ISIC_9276896,0.499,0.0003792188092529389,0.0,0.0,2.0466706024047956,3.4039108753204346,6.540396213531494,17.858142852783203,1.9029990838482342,0.9999864297496577,1.0983595727206463,
ISIC_9280399,0.403,0.12100117658240502,0.0,0.0,1.870247166503898,3.334456205368042,4.129376411437988,30.330734252929688,2.1190649055121287,0.9419154575831862,0.9295280007308151,
ISIC_9284203,0.426,0.3184386039297583,0.0,0.0,0.8600131151518196,3.7656311988830566,3.1224238872528076,13.650811195373535,1.2166410843832534,0.8432536883056196,0.01834073961817069,
ISIC_9287993,0.542,0.0,0.0,0.0,1.1139510945920483,1.8012199401855469,5.768078327178955,15.981369972229004,1.8940915382553603,0.03657222976106791,1.081035858177844,
ISIC_9312051,0.496,0.0,0.0,0.12,1.8311839085538768,3.9937055110931396,4.613224506378174,50.066410064697266,3.0182095465580607,0.8795743368061493,0.9531501267107928,
ISIC_9313458,0.189,0.0,0.15,0.0,1.3830253244908106,2.1864781379699707,6.547978401184082,34.10069274902344,2.296701372317825,0.1740307302925816,1.2448306232976938,
ISIC_9313746,0.228,0.0,0.0,0.2591093117408907,1.4566399079982233,3.4413115978240967,6.3863301277160645,84.2996597290039,2.413689866915704,0.6046851433474435,0.9165156421275873,
ISIC_9315277,0.044,0.0,0.0,0.0,0.8369345932999224,0.909807026386261,5.830787181854248,12.317075729370117,0.8262249593797932,-0.0,0.8369345932999224,
ISIC_9317486,0.28,0.0,0.0,0.13456064716946586,1.536802473902705,4.052710056304932,3.5623865127563477,64.80060577392578,2.769570511190885,0.9806720119943434,0.57594987649941,
ISIC_9324976,0.28,0.10560819332682594,0.0,0.0,1.0743425095512946,3.7025277614593506,5.613935470581055,17.373315811157227,1.4542879922345575,0.4879586518550712,0.6017483662945136,
ISIC_9330485,0.342,0.6918943070565641,0.0,0.0,1.8953636497222799,5.41029167175293,4.902095317840576,21.240474700927734,2.161504483104305,0.9771753329552587,0.9597118054501603,
ISIC_9332272,0.415,0.0060055908825607475,0.15,0.0,1.8269831384701025,5.14241361618042,10.346074104309082,44.9503059387207,2.694970438357031,0.7468510494711097,1.404731611207062,
ISIC_9335652,0.539,0.09892990321064772,0.0,0.12,1.6948085726818456,4.329635143280029,3.9198131561279297,34.74014663696289,2.6738211243717895,0.7364062034385641,0.958404373990881,
ISIC_9342357,0.508,0.0,0.0,0.12,1.9347823902032038,3.3829705715179443,5.572545528411865,38.56723403930664,2.6205880234861807,0.9556013425428748,1.018330128600886,
ISIC_9345697,0.102,0.0,0.0,0.0,1.2938642821460988,1.762998342514038,7.5664963722229,23.446544647216797,1.6405407687929665,0.002378819793815332,1.2915928838190969,
ISIC_9345892,0.393,0.1497131089774626,0.0,0.0,0.90393774446987,3.11503267288208,5.371723651885986,20.587520599365234,1.4379437760171794,0.21941387483274363,0.6992628161406074,
ISIC_9353360,0.58,0.10449856444899121,0.0,0.0,0.9618241978994557,3.5999107360839844,3.2360193729400635,12.180516242980957,1.192449499649803,0.9329808130267336,0.030452736030269198,
ISIC_9353578,0.37,0.0,0.0,0.0,1.2184572741117616,2.5413808822631836,4.6522979736328125,44.75096130371094,2.3124224524242614,0.1698447604148432,1.0660148044695699,
ISIC_9354524,0.346,0.0,0.0,0.00020243363181750607,1.134185570977189,2.1783974170684814,4.971695423126221,57.518798828125,2.792388514334841,0.5194208137002008,0.6726156354040603,
ISIC_9357335,0.466,0.0,0.0,0.0,1.3348319241564344,3.5289244651794434,5.757038116455078,61.47471618652344,2.9374319059504383,0.3556866427870786,0.9881678711318487,
ISIC_9357735,0.245,0.0,0.0,0.5862933438494691,2.058901170309939,4.77923059463501,9.901459693908691,96.96678924560547,2.9557475471305756,0.8515343824328674,1.4073525173886539,
ISIC_9361398,0.325,0.0,0.0,0.0002641789812598035,1.3816461893569891,4.4182515144348145,4.451638698577881,48.24014663696289,2.533987903160723,0.9612228240531242,0.5039139272840745,
ISIC_9362634,0.365,0.029997184058808708,0.0,0.0,1.2702541789243225,3.380188465118408,4.641082763671875,18.94839859008789,1.8413446693804556,0.43617565125110763,0.8449552845328123,
ISIC_9363532,0.429,0.0006699989877713134,0.0,0.0,1.5724785965162997,2.4783060550689697,3.1776061058044434,47.28892517089844,2.638334523989543,0.715953698847595,0.8591793436170835,
ISIC_9367522,0.272,6.44657187711798e-05,0.22347530660788006,0.3863778755955524,2.12189582115809,5.730685234069824,10.038432121276855,106.950439453125,3.097800406489066,0.7405731237432512,1.4718856908005205,
ISIC_9392092,0.257,0.0,0.0,0.7281422440220724,1.6533786443304446,4.680274963378906,5.699244022369385,112.8315200805664,2.9315445477620283,0.866405335209611,0.9884810997178255,
ISIC_9399586,0.295,0.0011371308766568353,0.0,0.0,0.458070287027548,1.973803162574768,2.392932891845703,18.268033981323242,1.4463775005410948,0.4561819638333257,0.0019077272873723947,
ISIC_9401172,0.473,0.0,0.0,0.0,0.4545337423501304,3.5561254024505615,4.04137659072876,71.17967987060547,2.8837076429688073,0.11142741955526868,0.34440773186338586,
ISIC_9415992,0.509,0.06376926417876967,0.0,0.12,1.6716947261377912,4.874505043029785,5.744546890258789,39.26860809326172,3.2777325321738524,0.9445920862583437,0.7933769252647248,
ISIC_9427744,0.355,0.0,0.15,0.37630424920610916,1.7474101210290387,5.279246807098389,6.092205047607422,71.36729431152344,3.178384033713428,0.7325170050699854,1.0232482706210275,
ISIC_9431118,0.296,0.696308321115428,0.0,0.0,1.5837230781457592,3.618683338165283,4.374892234802246,38.552223205566406,2.452255707113791,0.997822078875891,0.6002959131483159,
ISIC_9432999,0.418,0.0,0.0,0.0,1.2342111654986652,2.551532506942749,4.2506489753723145,46.056549072265625,2.660405197986294,0.863481363354043,0.4030217739355717,
ISIC_9444659,0.504,0.0019726645061293505,0.0,0.12,1.8071561143385677,3.2167813777923584,3.0255239009857178,33.84329605102539,2.7054591974529267,0.869809932619281,0.9447560410965579,
ISIC_9451191,0.511,0.014132957332294575,0.0,0.12,0.6926393592353549,3.990586280822754,2.7504732608795166,6.828090190887451,2.453890137455647,0.5884666885166707,0.10456001726132966,
ISIC_9462823,0.374,0.668902744377246,0.0,0.0,1.129333595536856,4.542407512664795,3.91129994392395,25.34811782836914,1.7617600263525373,0.9099505409439375,0.22070973015175455,
ISIC_9469079,0.424,0.002649365123591928,0.0,0.0,1.1509204949812142,2.436203956604004,5.07094144821167,54.63892364501953,2.6712438148681605,0.19403841454659915,0.9693326849737304,
ISIC_9473743,0.392,0.0,0.15,0.0,1.3149871251626981,4.329307556152344,4.833130359649658,39.72522735595703,2.554063135276331,0.3598652326967996,0.9959473775284347,
ISIC_9475776,0.318,0.0,0.0,0.0013861043043489022,1.7073078444043728,5.1887640953063965,4.416103363037109,50.42076873779297,2.5895309415591763,0.739097168343547,0.9998068998506529,
ISIC_9496437,0.288,0.0,0.0,0.0001319810772130546,1.0843177273635924,3.7258894443511963,3.982952833175659,71.99745178222656,2.6685132358822408,0.6572891914258924,0.42792783949777324,
ISIC_9499185,0.347,0.003954090188560676,0.15,0.0,1.587761181738738,4.898412227630615,6.320183277130127,40.04853820800781,2.246831777109679,0.9973002788944149,0.8679912770611411,
ISIC_9506089,0.454,0.21518321301538526,0.0,0.0,1.7828403976824516,6.016994953155518,6.313255310058594,22.67576789855957,2.2490591725042397,1.0905381024972467,0.9179716476677028,
ISIC_9506376,0.443,0.0,0.0,0.0,1.156095325131311,2.7819886207580566,5.496549606323242,32.93796920776367,2.3582969313842357,0.4795953168669389,0.7330467955210187,
ISIC_9511982,0.373,0.00037065136185418344,0.0,0.12,1.3556080383455444,3.0013303756713867,3.639382839202881,40.10575866699219,2.573762883848813,0.9933685167024098,0.40422005077558343,
ISIC_9512371,0.305,0.06702922368971494,0.0,0.0,1.1409086351973292,3.277637243270874,1.6366496086120605,14.240752220153809,1.510974227848958,0.9951605351200401,0.15058438987327338,
ISIC_9517555,0.48,0.08692183486838534,0.15,0.12,3.021818735352221,8.652030944824219,11.920019149780273,53.33842086791992,3.2996780752501036,1.3605454193040192,1.6895507011557798,
ISIC_9527402,0.425,0.0001211850381922222,0.0,0.12,0.9817064691120279,3.547682523727417,4.771570682525635,61.69869613647461,3.1041665503367826,0.1969501675519003,0.7997828825247744,
ISIC_9535018,0.141,0.0,0.0,0.0,0.283480429491523,1.1504749059677124,3.8408262729644775,14.790864944458008,1.3738256439419216,0.11267137967817024,0.17090923985957124,
ISIC_9540703,0.415,0.012045417632554225,0.15,0.12,1.9386129582653047,4.806080341339111,5.7833404541015625,60.081119537353516,2.9240900489849695,0.9968853581223046,1.0478603225029026,
ISIC_9540789,0.498,0.011001473411617627,0.0,0.0,1.8386215405123976,3.10514760017395,5.9190592765808105,13.511512756347656,1.622130401032755,0.9918239583670436,1.0408167758785394,
ISIC_9543805,0.301,0.0,0.15,0.0,1.6887314515449015,2.9206159114837646,6.64011287689209,46.78514862060547,2.4963260422006215,0.6877905637891519,1.020205316455228,
ISIC_9545174,0.22,0.0,0.0,0.0,1.716522077060332,2.7853193283081055,4.59282112121582,19.702415466308594,1.7414577044675035,0.7413689393901843,0.9755977248711034,
ISIC_9546502,0.411,0.00031126060545208094,0.0,0.12,1.5779552553153158,3.3419034481048584,5.651510238647461,36.67628860473633,2.272207525880944,0.6102610180843114,1.011465415696724,
ISIC_9547337,0.287,0.0,0.15,0.12,1.9857741728012974,3.8456692695617676,5.478372097015381,42.032920837402344,2.692566341978547,0.9997052063541942,1.0648413702114332,
ISIC_9548821,0.392,0.28212470621057034,0.11486067867003202,0.12,2.5139497302122717,6.203302383422852,10.478456497192383,26.584047317504883,2.9426753884431682,1.1656577657486678,1.3810502993233158,
ISIC_9556334,0.54,0.001701081991517259,0.15,0.0,2.0907093210848235,3.6082773208618164,9.019309997558594,16.615114212036133,2.373006371984825,0.8970337625785498,1.3923673319374386,
ISIC_9565194,0.266,0.0,0.0,0.0,0.9937926778745207,2.7179417610168457,2.3890035152435303,27.09050178527832,1.3508200282643628,0.5810100481945274,0.4323382101312277,
ISIC_9568217,0.484,0.0,0.15,0.0,1.2225410021507672,2.0258476734161377,6.840756416320801,57.22477722167969,2.958017154759984,0.22784948684903622,0.9998718449647492,
ISIC_9569749,0.352,0.0,0.15,0.12,0.7462619681680551,3.660273790359497,5.801856517791748,52.078125,2.821655149856072,0.06730076895496498,0.6805458150766444,
ISIC_9572021,0.222,0.0,0.016816357729791707,0.0,1.5730447772843803,2.9606900215148926,10.021815299987793,47.04392623901367,2.075834752904405,0.16159619195804587,1.4262347399020934,
ISIC_9572761,0.204,0.00011110455285625501,0.0,0.0,1.4113199756744987,2.6157679557800293,4.672896385192871,28.800073623657227,2.0983464217470513,0.6647023860762151,0.7719592822121673,
ISIC_9579576,0.572,0.08858314093200773,0.15,0.12,1.9974060304615726,5.522209167480469,7.740744590759277,47.915008544921875,3.1308341197914116,1.0005338703628694,1.1461040730351348,
ISIC_9585329,0.685,0.0012801292183165758,0.0,0.0,1.041388471492721,2.5970184803009033,2.792463779449463,11.282901763916016,1.1581371783083463,0.14213331524408418,0.9054334050932563,
ISIC_9593683,0.254,0.0,0.15,0.0,1.713277386656038,3.6364614963531494,5.813727855682373,28.659099578857422,2.373603338278288,0.7493561925500193,1.1561289536428156,
ISIC_9596173,0.321,0.0,0.15,0.032225226309970774,1.7402435190719072,4.971786022186279,6.145580291748047,57.82228469848633,2.801948133235961,0.8182249554332188,1.0761010136522828,
ISIC_9596388,0.117,0.004300607918379952,0.0,0.0,1.571410510916082,2.457681894302368,3.999274253845215,20.59502601623535,1.4031500031530153,0.9956493192309743,0.5907650024146625,
ISIC_9598408,0.308,4.0158993104518343e-05,0.0,0.0,2.0577503633377145,1.8076188564300537,4.787313461303711,7.703239440917969,1.5540277818359718,0.995081445563637,1.0666771002282978,
ISIC_9599992,0.4,0.002075798081459349,0.0,0.12,1.3852602621293673,4.037647247314453,5.155169486999512,36.69541549682617,2.6816189817631626,0.8328677504712065,0.6731889480261354,
ISIC_9605223,0.369,0.0709762048999708,0.0,0.0,1.70485418910684,3.401660680770874,3.382028341293335,22.041555404663086,2.1769363612736,0.968338341326935,0.8325664164193829,
ISIC_9606863,0.115,0.0,0.0,0.0,0.14988032670210386,2.0445117950439453,4.189796447753906,26.84822654724121,1.8684872492615712,0.003005876442849189,0.14688080557682234,
ISIC_9611209,0.231,0.00021721186845649246,0.0,0.27865676180546506,1.2808444246994979,4.091133117675781,4.064760208129883,92.71298217773438,2.787354102859227,0.3822818756174852,0.9372515849910793,
ISIC_9626070,0.453,0.0,0.0,0.0,1.2533377059777535,2.86143159866333,7.291820049285889,25.499696731567383,2.1698121948073683,0.23262440812405133,1.0604174597924774,
ISIC_9631113,0.195,0.0,0.15,0.0,1.1367937422774088,3.4841952323913574,4.701045989990234,51.055477142333984,2.4639276303292474,0.6909805762839093,0.4770763879854852,
ISIC_9643462,0.103,0.0,0.0,0.0,1.0265285381344365,1.868598222732544,5.908050537109375,22.55120277404785,1.6172691356071913,-0.0,1.0265285381344365,
ISIC_9648812,0.448,0.0,0.0,0.12,0.9915159468783934,3.8613367080688477,2.936800479888916,48.97287368774414,2.6847042893876747,0.9660267575343492,0.02762409834205727,
ISIC_9654132,0.184,0.0,0.0,0.0,0.5133574847695197,2.7791759967803955,4.991438388824463,29.177276611328125,2.184066568467438,0.03255936664866363,0.48182460922054415,
ISIC_9658944,0.5,0.09483693027548534,0.15,0.12,1.7244236839281184,3.2948808670043945,10.669085502624512,48.98387908935547,2.7630952951709347,0.3456272989287385,1.4054522806898078,
ISIC_9668892,0.278,0.0,0.0,0.0,0.6299199208869491,1.6245900392532349,4.007563591003418,33.209842681884766,1.6186983311059113,0.005838982721602372,0.6240983738471704,
ISIC_9676056,0.238,0.0,0.0,0.0,0.929327969312394,2.1986289024353027,4.285407066345215,39.0439453125,2.396074415042544,0.0004441475499455902,0.9289260899045289,
ISIC_9677559,0.26,0.0,0.0,0.0,1.303085824392824,2.5232205390930176,4.395174503326416,40.488250732421875,2.6132635765022774,0.3204299622198351,0.9831077112583992,
ISIC_9683086,0.408,0.0,0.0,0.0,1.506980338393019,3.327331781387329,4.02452278137207,40.144901275634766,2.349399370867692,0.7272253062546019,0.8974051698653612,
ISIC_9685758,0.374,0.0,0.0,0.12,0.8257054102311637,3.2972660064697266,3.9615249633789062,42.045166015625,2.58197809241831,0.049104219169755645,0.7786808475946341,
ISIC_9690971,0.45,0.0,0.15,0.0,0.9807897971281314,1.8302228450775146,4.585261344909668,55.924522399902344,2.721417606150933,-0.0,0.9807897971281314,
ISIC_9693456,0.304,0.0,0.0,0.0,0.6037222712374631,1.7699381113052368,4.605198860168457,25.547473907470703,1.625872385692883,0.013516346198616896,0.5904753047461122,
ISIC_9693802,0.434,0.0,0.0,0.12,1.3773920708136402,5.356592178344727,5.366679668426514,51.78998947143555,2.8733523743526717,0.6491746375472585,0.7680704716024127,
ISIC_9696015,0.619,0.0025750400109464445,0.0009295389529710597,0.12,0.5592964604865089,2.6409895420074463,4.7146711349487305,72.27967071533203,2.331446264124586,0.09210495894056017,0.4826693463553553,
ISIC_9696099,0.332,0.0,0.0,0.0,1.471944554709841,3.552435874938965,5.608291149139404,36.10973358154297,2.1790247724594494,0.47751833269441923,0.9944263631425678,
ISIC_9697273,0.298,0.0,0.0,0.11645600537338952,1.8696825223805713,4.087594985961914,6.078248500823975,72.18826293945312,2.8540734931640532,0.9566125784878505,1.0389679383404617,
ISIC_9699383,0.457,0.0,0.0,0.12,0.9743637768415052,3.2050657272338867,3.9338631629943848,56.22731018066406,2.9403271482075883,0.13061393760149653,0.8490846081987016,
ISIC_9699426,0.322,0.0,0.15,0.0,1.6880850849482862,2.855454206466675,6.769205093383789,83.63008880615234,2.8541834870765577,0.8557768332928568,1.0852877327474486,
ISIC_9701048,0.475,0.0,0.15,0.12,1.516152061196716,3.7449097633361816,6.632167816162109,55.68905258178711,3.083292281393594,0.9325938364146358,0.9172607779461558,
ISIC_9720236,0.491,0.0,0.15,0.12,2.0610535420621057,3.253131628036499,9.128844261169434,67.1313247680664,3.0841173052873727,0.7779178622322762,1.4336818682555401,
ISIC_9721056,0.558,0.0,0.15,0.12,1.525831277529767,4.659510135650635,7.111851692199707,45.81754684448242,2.7573334669940266,0.24803726933692805,1.2914578371988767,
ISIC_9725795,0.444,0.0,0.0,0.0,1.6060635509641434,1.9578408002853394,3.969467878341675,60.01011657714844,2.6977842532004144,0.9940334386397214,0.6531701249162118,
ISIC_9727219,0.559,0.0,0.0,0.12,0.9493198173810384,2.1128311157226562,4.894278526306152,62.94289016723633,3.055838413343261,0.13900875436601595,0.8187075004490548,
ISIC_9729042,0.391,0.6436020639948711,0.0,0.0,0.7423634881776363,4.079043388366699,1.718349575996399,11.479382514953613,0.8944258164588913,0.654140078607603,0.09049560212546506,
ISIC_9729661,0.468,0.0,0.15,0.12,1.053709598249334,2.4920997619628906,6.687155723571777,79.62043762207031,3.1872736474620456,-0.0,1.053709598249334,
ISIC_9737054,0.337,0.0,0.0,0.0,0.8100539243439373,2.570246458053589,5.094225883483887,22.6938533782959,2.059254007136733,0.20578052797651755,0.6118652694459676,
ISIC_9740245,0.406,0.16749653628076114,0.0,0.0,1.2196584997964042,2.583279848098755,4.863876819610596,34.03220748901367,2.243535684205903,0.522489027596865,0.7649247462784379,
ISIC_9744305,0.383,0.11775224657459715,0.15,0.12,1.854687128526903,5.806305408477783,6.189145088195801,38.943782806396484,2.7152652430025213,1.0180815978421751,0.9486335654066056,
ISIC_9755138,0.262,0.0,0.15,0.5257172733808247,1.4439505049988028,4.381518363952637,9.25865364074707,71.10063934326172,3.0377264467017513,0.23097772075482248,1.225816680111634,
ISIC_9756878,0.399,0.0,0.15,0.32110354301413774,1.5725543935224944,4.472064018249512,7.271677494049072,66.82122039794922,3.225616252860506,0.7400321072900142,0.9237244331941108,
ISIC_9766688,0.353,0.0,0.0,0.0,0.971234412708597,1.7619961500167847,3.9805469512939453,40.205657958984375,2.3065752264406814,0.0021999121663310106,0.9691875645846106,
ISIC_9779834,0.186,0.0,0.0,0.0,0.4246737519560705,1.7961512804031372,4.429218769073486,16.287113189697266,1.3028054010814378,0.0005486059078710427,0.4241294790235437,
ISIC_9780632,0.373,0.7395689533737146,0.15,0.0,2.310681388732245,5.698636054992676,10.85983657836914,22.67774772644043,2.11873587597193,0.7997816589071511,1.6101292110332377,
ISIC_9787314,0.311,0.0,0.15,0.12,0.6313333449580781,3.917355537414551,5.731831073760986,59.61264419555664,2.8475942441932856,0.20680384093779808,0.44442035390691387,
ISIC_9792283,0.353,0.0,0.15,0.13489938443702212,1.8819067903030968,6.280128002166748,6.885372638702393,68.45845794677734,3.132978230949909,0.8579842918593995,1.0393036854564934,
ISIC_9806554,0.283,0.0,0.0,0.009102123828893409,1.514577383106399,3.248932123184204,5.036043167114258,86.62896728515625,2.674998989607962,0.7799361540492113,0.8458441791687248,
ISIC_9809345,0.337,0.0,0.0,0.12,1.6418834912879294,3.7820208072662354,4.707290172576904,62.92728805541992,2.792657804372788,0.9922542845978575,0.7582863614801654,
ISIC_9816160,0.449,0.08571513724555181,0.15,0.0,1.2289090900449073,4.366526126861572,6.384785175323486,34.30561065673828,2.178432919845928,0.4936125984318421,0.8320205345949565,
ISIC_9819334,0.224,0.0,0.0,0.0,1.01794935053181,3.8152170181274414,2.968686819076538,49.01341247558594,2.5489248357115066,0.6943179821442194,0.3375186638310263,
ISIC_9820266,0.376,0.0,0.0,0.12,1.5787066225668003,4.613476753234863,5.029548645019531,59.88923263549805,2.8296470440731425,1.0679682162270727,0.6161343689324913,
ISIC_9823894,0.35,0.0,0.0,0.0,0.7660674279835966,1.375080943107605,4.765702247619629,14.698970794677734,1.5489692985615504,0.029420417761449394,0.7374043702497848,
ISIC_9825836,0.525,0.05495756313346821,0.15,0.12,2.003054257853525,6.408045291900635,8.942740440368652,35.0792350769043,2.522326861045977,0.7668049687023406,1.2622826770982036,
ISIC_9830189,0.403,0.0,0.0,0.0,1.6266471974935923,2.397941827774048,3.080341339111328,47.737205505371094,2.5691683450645395,0.9412926047073769,0.6910499826810084,
ISIC_9835307,0.22,0.0,0.15,0.0,1.871031691448292,2.176246166229248,6.980225563049316,28.360631942749023,2.2076332255937676,0.9882875216348674,1.2265683926553903,
ISIC_9848065,0.334,0.0,0.0,0.0,0.9013683430568045,2.1410160064697266,3.7887678146362305,43.81657791137695,2.3827848822127957,0.7938332537638059,0.12924446890415106,
ISIC_9853363,0.223,0.0,0.0,0.0,0.51127022638658,1.631648302078247,4.264444828033447,23.775653839111328,1.743149303821963,0.08819198296389413,0.4234207192797269,
ISIC_9859873,0.251,0.0,0.15,0.0,0.6776756931665109,2.4205849170684814,7.365909099578857,20.798620223999023,2.212350641900328,-0.0,0.6776756931665109,
ISIC_9866460,0.376,0.0,0.15,0.12,1.633378043886052,5.357695579528809,6.634367942810059,47.09708786010742,2.5363560836065124,0.9561064058154296,0.8373332890510623,
ISIC_9866896,0.37,0.22349565564442622,0.0,0.0,1.7462147375935233,4.358691215515137,4.006152153015137,26.522375106811523,1.8838971331431618,0.8540626663178001,0.9974535736931289,
ISIC_9867644,0.564,0.0,0.0,0.0,0.6272928157488579,2.2893171310424805,2.705892324447632,19.97467613220215,1.9376123846522453,0.15353872080704697,0.4751418918493131,
ISIC_9875968,0.217,0.0,0.0,0.32169817698357256,1.8254037226863409,3.1029415130615234,6.0827860832214355,70.1715087890625,2.5395892097098285,0.8411802666081654,1.0017650068439996,
ISIC_9876779,0.304,0.0014701091723118302,0.15,0.0,1.4774918312188925,3.9133658409118652,6.308163166046143,65.94117736816406,2.7136171170718524,0.6704362058950236,0.8874630806672913,
ISIC_9879802,0.286,0.09024713355340562,0.0,0.0,1.4263285592803885,3.2561535835266113,7.292481422424316,21.97796630859375,1.9813970925177828,0.39839135831625433,1.0289641724818943,
ISIC_9880572,0.269,0.0,0.0,0.0,1.0363592760845615,2.0043437480926514,4.678550720214844,52.085453033447266,2.1368057101595688,0.22561422826114227,0.8178149979807694,
ISIC_9881690,0.254,0.10076637074133091,0.0,0.0,1.061084899566409,3.0559420585632324,5.81021785736084,24.34103012084961,1.6785093702533258,0.2677500303905926,0.8017921121640768,
ISIC_9891275,0.421,0.0,0.0,0.0,0.17225727342112365,2.6658830642700195,2.5534539222717285,46.311195373535156,2.516733691763645,0.0008670070121362974,0.17139234236856174,
ISIC_9895318,0.646,0.008385185185185185,0.0,0.0,2.2932862869036508,4.8768205642700195,7.52739953994751,,2.4093579943785692,1.0265614714845186,1.28064106653197,
ISIC_9900723,0.482,0.3196342939093802,0.0,0.0,1.9465076589152637,3.80519700050354,2.697702407836914,19.765111923217773,1.555331499160854,0.9470684210767055,0.9994554920745768,
ISIC_9918495,0.415,0.17111690144510927,0.15,0.0,0.9793716083713615,3.4756920337677,5.825550556182861,19.953710556030273,2.185217620988994,0.18894343240817138,0.8046118860486502,
ISIC_9927015,0.239,0.00028076677405995773,0.0,0.0,1.3183055128294954,2.4428114891052246,4.630124568939209,21.365297317504883,1.7291419596960207,0.3041013527843145,1.0149948851613066,
ISIC_9957368,0.275,0.0002003745891625177,0.0,0.0,1.3534875833058249,3.1914727687835693,4.689404010772705,46.493621826171875,2.6112185663625214,0.9431253252172178,0.41842684270326813,
ISIC_9963174,0.366,0.0,0.0,0.0,1.6033004095512748,3.8493361473083496,5.427336692810059,53.184391021728516,2.266346130188327,0.9374351247671615,0.6769082246012934,
ISIC_9965174,0.418,0.2724728919895784,0.0,0.0,1.5845194299301497,2.6971428394317627,4.4528069496154785,11.498723030090332,1.0674886738793856,0.6571920243138261,1.0143227835444446,
ISIC_9966733,0.255,0.0,0.0,0.6801638719512195,1.5655622207725064,3.7350738048553467,8.083850860595703,96.46987915039062,2.372940508617119,0.08207888104776936,1.4898681763779824,
ISIC_9978107,0.343,0.617048277786423,0.0,0.0,0.3633492186705591,3.1674392223358154,2.5725104808807373,10.681120872497559,0.9897889884142692,0.06128182301087431,0.302422203475686,
ISIC_9997614,0.189,0.00020863578277537751,0.0,0.0,0.9002595994587045,3.3245105743408203,5.368045806884766,35.907073974609375,2.1728576185450437,0.06519261940972006,0.8396096941149407,
