image_id,B_circularity_pc,solidity_pc,turning_angle_std_pc,D_px_pc,A_value_pc,asymmetry_h,asymmetry_v,border_fractal_dimension,border_fractal_dimension_n_box_sizes,flag_fragmented,flag_multiple_substantial_components,flag_edge_adjacent,flag_very_small_contour,flag_oversized_mask,quality_flags,num_meaningful_components,primary_component_area_px,mask_h,mask_w,_mask_error
ISIC_0073863,0.29854528326769647,0.945786505059553,0.5133719041033427,342.1,0.1184378629001423,0.12005083857209875,0.11682488722818585,1.003182458697432,6,False,False,False,False,False,ok,1,68044.0,450,600,
ISIC_0080219,0.42658016073150273,0.9386969148533187,0.29089430640993447,559.6,0.19933502452477603,0.16411137005637888,0.23455867899317318,0.9603160026035816,6,False,False,False,False,False,ok,1,89802.0,450,600,
ISIC_0084117,0.2757639008916518,0.9395384672630448,0.4136883360869322,616.2,0.16078258033119597,0.1781208780093596,0.14344428265303233,0.997149250098839,6,False,False,False,False,False,ok,1,215470.0,2448,3264,
ISIC_0085644,0.1689368117320975,0.9891112145183807,0.1613018766561901,505.7,0.10925329501705133,0.052223095498707295,0.16628349453539537,0.9830992348404358,6,False,False,False,False,False,ok,1,138780.0,2448,3264,
ISIC_0095743,0.2182881079759872,0.9769629070003133,0.22994935576628311,510.4,0.12460538939597698,0.1009725074214225,0.14823827137053147,0.9865609229989789,6,False,False,False,False,False,ok,1,133183.0,450,600,
ISIC_0097262,0.3311151326497823,0.9245601265379824,0.3073065756880063,375.6,0.1548718493467548,0.15195533830752195,0.15778836038598765,0.9762395873304508,6,False,False,False,False,False,ok,1,66543.0,450,600,
ISIC_0101540,0.2545106741192177,0.9731726179007985,0.21253779081994456,946.3,0.12054561276755466,0.11966795897207783,0.12142326656303148,1.0006309785474845,7,False,False,False,False,False,ok,1,364752.0,2448,3264,
ISIC_0101767,0.3603889942627615,0.914339962669756,0.4047777249917459,409.6,0.164942074447681,0.15277347382562778,0.1771106750697342,0.9872207811872609,6,False,False,False,False,False,ok,1,71530.0,450,600,
ISIC_0103730,0.2220969131604824,0.9567025627671145,0.20090307494862164,587.0,0.17939912659572244,0.18635596082797146,0.17244229236347342,0.9947177784373548,6,False,False,False,False,False,ok,1,188107.0,2448,3264,
ISIC_0104911,0.36693286573775774,0.9300603912244139,0.3799858312753646,1341.0,0.16330768796023748,0.1466813111626919,0.17993406475778306,0.9791513162081683,7,False,False,False,False,False,ok,1,747532.0,2448,3264,
ISIC_0119243,0.21037665028414831,0.9724884889074926,0.30642350769447846,490.9,0.08904989965025761,0.06375829646664999,0.11434150283386524,0.9838963770657452,6,False,False,False,False,True,oversized_mask,1,140031.0,450,600,
ISIC_0136396,0.5080997411420745,0.8930793031798255,0.36527296961132477,2774.3,0.5768299355491598,0.16546165710597516,0.9881982139923445,0.9964714228734495,7,False,False,True,False,False,edge_adjacent(margin_24px),1,2054460.0,2448,3264,
ISIC_0156507,0.21691192285406735,0.961477517935488,0.28279907611229144,327.2,0.12475771798945301,0.14306221558377785,0.10645322039512817,0.984549005094438,5,False,False,False,False,False,ok,1,60803.0,450,600,
ISIC_0156772,0.19353640587592724,0.9789228156894499,0.21115275117363405,570.5,0.08265394282474142,0.08717273486623034,0.0781351507832525,0.9907780016458795,6,False,False,False,False,False,ok,1,162707.0,2448,3264,
ISIC_0160455,0.13061476071304579,0.9934649700792845,0.15859736983448292,391.6,0.05823714422313925,0.07197814801109292,0.04449614043518557,0.9812293187127975,6,False,False,False,False,False,ok,1,92466.0,1936,2592,
ISIC_0173213,0.15267997698796099,0.9850506999945525,0.15646288292697572,341.7,0.07325141079058312,0.0655593344001949,0.08094348718097133,0.9619343848542196,5,False,False,False,False,False,ok,1,63705.0,2448,3264,
ISIC_0174869,0.36421165278181933,0.9213443495061691,0.3331756446337545,512.9,0.18612934724395092,0.1541570743268882,0.21810162016101364,0.982589593061358,6,False,False,False,False,False,ok,1,105043.0,450,600,
ISIC_0175798,0.1910689304492844,0.9675609473399529,0.2508855526280751,1101.2,0.13788071086245496,0.11904083841334989,0.15672058331156002,0.9973486812435213,7,False,False,False,False,False,ok,1,627481.0,1936,2592,
ISIC_0178317,0.1661721811308976,0.9678767982344918,0.21660956010693963,673.9,0.12355473611512102,0.11340769103008685,0.1337017812001552,0.9826437507473125,7,False,False,False,False,False,ok,1,283316.0,2448,3264,
ISIC_0178428,0.14300449515907865,0.9850037500493427,0.22665834167692672,467.0,0.05940504283152376,0.06496333462705539,0.053846751035992124,0.977937046342224,6,False,False,False,False,False,ok,1,125344.0,2448,3264,
ISIC_0178741,0.20422399415045966,0.9730705738686835,0.19567208678220588,720.3,0.17870478263111567,0.17965169569498607,0.17775786956724526,0.9823554729297745,7,False,False,False,False,False,ok,1,252230.0,2448,3264,
ISIC_0184224,0.18851245565962926,0.970350054537101,0.2829705388040452,478.3,0.08119762304967199,0.0847081524423906,0.07768709365695337,0.9735554111549162,6,False,False,False,False,True,oversized_mask,1,138961.0,450,600,
ISIC_0186998,0.19402305046042168,0.9616988558352403,0.24470521725252328,473.0,0.11642484843394185,0.09524084473133054,0.13760885213655316,0.9705834075962811,6,False,False,False,False,False,ok,1,131947.0,2448,3264,
ISIC_0198315,0.2185906534625235,0.9734744538167986,0.15274182194570632,636.1,0.0979328486687216,0.0910099889056073,0.10485570843183589,0.9811391392182165,7,False,False,False,False,False,ok,1,197795.0,2448,3264,
ISIC_0204323,0.494059938492617,0.8344767574508275,0.47256326745916855,388.3,0.2005584470051377,0.201212313848515,0.19990458016176038,1.0103699001673152,6,False,False,False,False,False,ok,1,79235.0,450,600,
ISIC_0204994,0.2229185304443959,0.9935357482053516,0.17616705399430677,674.3,0.09355684787995572,0.11076610920278551,0.07634758655712592,0.9757199675771404,6,False,False,False,False,False,ok,1,184345.0,2448,3264,
ISIC_0211399,0.28480404941577475,0.9401373451529937,0.18130834577882665,681.0,0.24209657244369964,0.17113722013240262,0.31305592475499666,0.9936875680343447,7,False,False,False,False,False,ok,1,198015.0,2448,3264,
ISIC_0222050,0.33455129607332645,0.8978980145249686,0.3939438539143913,603.8,0.16823842702384995,0.14913012896061373,0.18734672508708616,1.0020073380913546,7,False,False,False,False,False,ok,1,197348.0,2448,3264,
ISIC_0224332,0.32877875766762166,0.8741949322300102,0.23710819098186178,1130.8,0.27289602443209365,0.20673415160387187,0.33905789726031543,0.9809853819317514,7,False,False,False,False,False,ok,1,617905.0,2448,3264,
ISIC_0232101,0.16078694180472464,0.987642006259416,0.2053360954085539,783.9,0.07690320383697435,0.08059534160332504,0.07321106607062366,1.0000705646577503,7,False,False,False,False,False,ok,1,335634.0,2848,4288,
ISIC_0234140,0.3116307797120059,0.9716272151440366,0.2675115647279816,1348.2,0.08510179722592892,0.06297943070979573,0.10722416374206212,0.9919891789971472,7,False,False,False,False,False,ok,1,699217.0,2448,3264,
ISIC_0235696,0.139259443187858,0.9888597018230735,0.23104226151140836,1033.4,0.1091481720822377,0.10143627085731688,0.11686007330715853,0.9915768991369819,7,False,False,False,False,False,ok,1,662253.0,2448,3264,
ISIC_0238872,0.24962567592665375,0.9531553997888162,0.2536182079094563,636.6,0.21511990149791604,0.21443759928385864,0.21580220371197345,0.9975895424993834,6,False,False,False,False,False,ok,1,212965.0,2448,3264,
ISIC_0249688,0.4484327376458557,0.9018220523507725,0.2751873604170854,1257.3,0.2522265711084057,0.20610276955120865,0.2983503726656027,0.9882087841533643,7,False,False,False,False,False,ok,1,474599.0,2448,3264,
ISIC_0265494,0.28104148152520547,0.9340698235090947,0.40847906893523767,1230.9,0.18042469771062386,0.16488322698648294,0.19596616843476478,0.9967606219134224,8,False,False,False,False,False,ok,1,821092.0,2448,3264,
ISIC_0274625,0.3506024406312779,0.9280280187204726,0.3185449619668673,1095.9,0.2126550879345689,0.22706810558486867,0.1982420702842691,0.9824628703291325,7,False,False,False,False,False,ok,1,525397.0,1936,2592,
ISIC_0283070,0.22915621421581178,0.960949853966302,0.32225313471310035,839.6,0.1689132618090779,0.17243932371377313,0.16538719990438266,0.9899097260269902,7,False,False,False,False,False,ok,1,360503.0,2448,3264,
ISIC_0290183,0.3505461769874283,0.904491993765056,0.44060185182992134,291.3,0.1811769207519024,0.16466436135673124,0.19768948014707355,1.0004540326509164,6,False,False,False,False,False,ok,1,51492.0,450,600,
ISIC_0295083,0.3579482244212586,0.890392522691417,0.26665179928882027,1123.5,0.2919665708617175,0.25282833540771144,0.3311048063157236,0.9901979484585351,7,False,False,False,False,False,ok,1,594923.0,2448,3264,
ISIC_0303421,0.19811402986182913,0.9836001613825698,0.19035227548411304,479.3,0.12229074966035836,0.08539978019743955,0.15918171912327717,1.0020351457339056,6,False,False,False,False,False,ok,1,111498.0,2448,3264,
ISIC_0310134,0.10734094151464435,0.9918625310241005,0.16358362519719896,333.4,0.12277970112309355,0.12287551677738373,0.12268388546880338,0.9710554339778843,6,False,False,False,False,False,ok,1,73556.0,2448,3264,
ISIC_0310855,0.22793663831951883,0.9480405405405405,0.25635102940959703,379.2,0.14017825963594654,0.14628433841363364,0.13407218085825945,1.0119830898235265,6,False,False,False,False,False,ok,1,84694.0,450,600,
ISIC_0316484,0.14562284773614265,0.9923284185315471,0.1686582755408141,754.8,0.13990789047874724,0.19808445562576238,0.08173132533173211,0.9991691893918032,7,False,False,False,False,False,ok,1,332419.0,4000,6000,
ISIC_0316826,0.12590551578038411,0.9766716568911831,0.228048408982009,992.5,0.09778305080525951,0.09911370273675868,0.09645239887376034,0.9807144765673622,7,False,False,False,False,False,ok,1,596894.0,2848,4288,
ISIC_0322660,0.14354814690601858,0.9929328777886661,0.14964606565213404,433.5,0.1175970806481616,0.14850187573392115,0.08669228556240205,0.981375885781838,6,False,False,False,False,False,ok,1,113032.0,2448,3264,
ISIC_0324472,0.4825775192246823,0.8108111965970567,0.2677467330478789,732.5,0.4149052054082061,0.30231664845968353,0.5274937623567286,0.993350081355939,6,False,False,False,False,False,ok,1,199765.0,2448,3264,
ISIC_0333091,0.2708193734648957,0.947698472453094,0.371065041327478,1833.9,0.15894412400274144,0.1613777832898815,0.15651046471560137,1.0038044840094202,8,False,False,False,False,False,ok,1,1839348.0,2848,4288,
ISIC_0337631,0.3075699137622534,0.9416280805778483,0.3123173652158941,952.6,0.11987680570823905,0.11553240090756578,0.12422121050891233,0.980375764534085,7,False,False,False,False,False,ok,1,355583.0,2848,4288,
ISIC_0344052,0.1704203746139762,0.9858973676269592,0.19358970303054213,309.3,0.16322699666957113,0.2609957858707508,0.06545820746839148,0.9827130705490985,6,False,False,False,False,False,ok,1,55946.0,2448,3264,
ISIC_0353247,0.3835767482946182,0.8585406336787753,0.2596908045271451,967.5,0.27816385014082023,0.19769153925627425,0.3586361610253662,0.9919129308411584,7,False,False,False,False,False,ok,1,449245.0,2448,3264,
ISIC_0356038,0.2457508188966694,0.966208380097269,0.24160170105834208,474.2,0.15698355079827447,0.12997605373390841,0.18399104786264053,0.9691869219478049,6,False,False,False,False,False,ok,1,103860.0,450,600,
ISIC_0360727,0.21760254579951832,0.9590242285976472,0.2629506937013763,368.4,0.16220476038913517,0.1592821360930975,0.16512738468517285,0.9838666885978339,6,False,False,False,False,False,ok,1,75713.0,450,600,
ISIC_0375034,0.26374107335407704,0.9535633718117593,0.3138339082426955,1324.5,0.16378487440727868,0.21288353582467456,0.1146862129898828,1.008931449977489,8,False,False,False,False,False,ok,1,926185.0,2448,3264,
ISIC_0376071,0.13520076092564548,0.9870316067390199,0.1399507304109485,391.7,0.10232816177230769,0.09822502385540754,0.10643129968920784,1.0154359359840877,6,False,False,False,False,False,ok,1,91715.0,2448,3264,
ISIC_0376752,0.33814908372464647,0.9107759190447515,0.4524867419268614,245.7,0.23388706128079262,0.2536348950127114,0.21413922754887382,0.9860749593342596,5,False,False,False,False,False,ok,1,31343.0,450,600,
ISIC_0376931,0.17604148351069948,0.9588905398712234,0.24921670255095926,96.4,0.16699742231469428,0.213577651064347,0.12041719356504155,0.9720671786825542,4,False,False,False,True,False,very_small_contour(lt_12445px),1,5940.0,450,600,
ISIC_0385415,0.24476559545580046,0.9435601544460428,0.3530673927000335,999.1,0.13177089043100854,0.14201436468706086,0.12152741617495622,0.9898619649279177,7,False,False,False,False,False,ok,1,595339.0,2448,3264,
ISIC_0389955,0.12478032694143104,0.9930741497318369,0.14295109193177588,312.3,0.09187913955012345,0.09786851727030998,0.0858897618299369,0.9881681846367243,6,False,False,False,False,False,ok,1,61405.0,2448,3264,
ISIC_0390452,0.4018192592382688,0.8495942272327497,0.35215015988696347,302.6,0.22149304829058197,0.30329392227246443,0.1396921743086995,0.9395105873248675,5,False,False,False,False,False,ok,1,42908.0,450,600,
ISIC_0399142,0.1973213272345845,0.9678653427557623,0.17124214282799297,539.0,0.12175851044114666,0.11556783757419953,0.1279491833080938,0.9809641617598516,6,False,False,False,False,False,ok,1,162975.0,2448,3264,
ISIC_0406149,0.2765032965920067,0.9264245873648264,0.34589549822968235,417.3,0.1412951635548224,0.12112029385563705,0.16147003325400777,0.9975068768971604,6,False,False,False,False,False,ok,1,102310.0,450,600,
ISIC_0410802,0.35300112394953254,0.9285988556177335,0.42488179088788613,419.9,0.18690049421216826,0.16189863394424486,0.21190235448009165,0.9916716029117277,6,False,False,False,False,False,ok,1,74282.0,450,600,
ISIC_0414164,0.22261521991155264,0.9640074167019652,0.2638324892431068,457.6,0.12001021412173518,0.15423847512975586,0.0857819531137145,1.001696973207882,6,False,False,False,False,False,ok,1,121229.0,450,600,
ISIC_0416055,0.4341917681665455,0.8955782509013344,0.5513628882590891,468.4,0.30819372659590966,0.3537252333440828,0.2626622198477365,1.0217602651859437,6,True,False,True,False,False,fragmented(2_meaningful_blobs);edge_adjacent(margin_5px),2,101645.0,450,600,
ISIC_0416709,0.19399834977423236,0.9808618085708892,0.1621124416766088,298.8,0.09246285760043077,0.08764485812830447,0.09728085707255707,0.954543987879909,5,False,False,False,False,False,ok,1,41913.0,2448,3264,
ISIC_0422017,0.3108621566562084,0.934553771070929,0.28004119710437003,330.8,0.19634763499150742,0.22337722339217336,0.1693180465908415,0.9746935602132406,5,True,False,False,False,False,fragmented(2_meaningful_blobs),2,46164.0,450,600,
ISIC_0429825,0.29519554400347936,0.9191223305967128,0.239681129632276,818.2,0.28247821017732566,0.2914011692849837,0.2735552510696676,0.9784852739103627,7,False,False,False,False,False,ok,1,365433.0,2448,3264,
ISIC_0429987,0.19027646767549067,0.9607255720164426,0.2273106604601911,1058.5,0.11290750322785287,0.10565716020965354,0.12015784624605219,0.9823190208187141,7,False,False,False,False,False,ok,1,650269.0,2448,3264,
ISIC_0437036,0.23211631249514852,0.9677346383417136,0.17163958056971326,686.0,0.19834838861578635,0.11138693634050456,0.28530984089106814,0.9847661213477412,6,False,False,False,False,False,ok,1,216857.0,2448,3264,
ISIC_0438584,0.17004032639323108,0.9841759274703863,0.2507524254893609,1516.9,0.04130016966303912,0.041467188936245125,0.04113315038983312,0.9932930071829824,8,False,False,False,False,False,ok,1,1539028.0,2448,3264,
ISIC_0443195,0.19023809041579232,0.973702088841967,0.20394293664436938,524.3,0.1374359854870426,0.09615074091656739,0.17872123005751783,0.9714520618692318,6,False,False,False,False,False,ok,1,153289.0,2448,3264,
ISIC_0450405,0.39898794225418766,0.8984453370517597,0.40245928894536265,502.8,0.22150879950050378,0.1886282491975989,0.25438934980340866,1.0158044271884854,6,False,False,False,False,False,ok,1,108571.0,450,600,
ISIC_0457683,0.14150998753583632,0.9816715174628663,0.1948107700205632,552.5,0.0772421215252157,0.06840205019691092,0.08608219285352048,0.9682066825153717,6,False,False,False,False,False,ok,1,196358.0,2448,3264,
ISIC_0465400,0.38667352245299247,0.9778413724804846,0.16689246625128554,678.1,0.12179884993981671,0.18168284001798907,0.061914859861644356,0.9595978961280115,6,False,False,False,False,False,ok,1,134965.0,2448,3264,
ISIC_0468002,0.21328626754988933,0.983570613592152,0.17044481681567725,613.7,0.118717864745779,0.136266360303123,0.101169369188435,0.9782922043859388,6,False,False,False,False,False,ok,1,165798.0,2448,3264,
ISIC_0469776,0.16576781138162078,0.9866933232470597,0.16708831592832188,498.2,0.11598316103495321,0.0557031802186877,0.17626314185121872,0.9681724274020601,6,False,False,False,False,False,ok,1,137568.0,2448,3264,
ISIC_0474474,0.27010684600249135,0.9592695108939369,0.3450176740016508,353.2,0.13103856244962575,0.12412860578238982,0.13794851911686168,0.9992182256727099,6,False,False,False,False,False,ok,1,62479.0,450,600,
ISIC_0481105,0.1910559091943813,0.9749172183377194,0.23983477073547438,1360.5,0.12078474539183481,0.17820543318918547,0.06336405759448416,0.9822672459909337,7,False,False,False,False,False,ok,1,984342.0,1936,2592,
ISIC_0483530,0.13261121889372307,0.9854281583455126,0.20676686089296117,455.8,0.10577220463841508,0.11498414218841646,0.0965602670884137,0.9921000034590234,6,False,False,False,False,False,ok,1,126003.0,2448,3264,
ISIC_0487104,0.21979285171834795,0.971360125474019,0.26093845554090894,300.7,0.10562638582791012,0.1290137143974498,0.08223905725837044,0.9594670052823092,5,False,False,False,False,False,ok,1,45575.0,450,600,
ISIC_0489440,0.23390769324768457,0.9701699927640342,0.2671585319375467,435.3,0.12052632651486866,0.06864698801149316,0.17240566501824417,0.9879051083948442,6,False,False,False,False,False,ok,1,93041.0,450,600,
ISIC_0489982,0.13207626289746865,0.9789303010982422,0.1986982846981005,415.2,0.09121471782088947,0.0792506967079526,0.10317873893382634,0.9592844203771912,6,False,False,False,False,False,ok,1,116481.0,2448,3264,
ISIC_0493653,0.20530746385752574,0.9826238906777665,0.21161548911598646,522.0,0.09073849754021068,0.07896707159386529,0.10250992348655608,0.9822784534159844,6,False,False,False,False,False,ok,1,125723.0,2448,3264,
ISIC_0495210,0.22563786411454534,0.970337028546743,0.2440152758403459,2220.8,0.10995136707021141,0.13478122299413486,0.08512151114628796,0.997543839871408,8,False,False,False,False,False,ok,1,2439781.0,2448,3264,
ISIC_0495887,0.19350075066539518,0.9570053200289313,0.2553618474423726,1601.7,0.12468589875293029,0.1486758527895108,0.1006959447163498,0.9916260696194672,8,False,False,False,False,False,ok,1,1401931.0,4000,6000,
ISIC_0497721,0.24198425139464652,0.9778904779122976,0.16536229996299148,605.1,0.162813342824968,0.14317196191699366,0.18245472373294236,0.9817825480661083,6,False,False,False,False,False,ok,1,157568.0,2448,3264,
ISIC_0499739,0.270805609447043,0.9614606566730639,0.22598487079412524,150.9,0.13758128772927486,0.113332000888134,0.16183057457041572,0.9637436815376834,4,False,False,False,True,False,very_small_contour(lt_12445px),1,9439.0,450,600,
ISIC_0501108,0.27988017123603093,0.9004589741892636,0.2835141588933047,606.2,0.24341800292303067,0.18106353477387238,0.30577247107218897,0.9889346084146238,7,False,False,False,False,False,ok,1,198081.0,2448,3264,
ISIC_0502582,0.5145479715316297,0.9167964212248177,0.7841368891177997,3399.1,0.18075373289064517,0.16601142848149564,0.1954960372997947,1.035363686955955,9,True,False,True,False,True,fragmented(6_meaningful_blobs);edge_adjacent(margin_24px);oversized_mask,6,5261911.0,2448,3264,
ISIC_0503442,0.20590241221518457,0.9728335482797354,0.20419144424555075,654.2,0.14536446192687658,0.1629132393128928,0.12781568454086034,0.9776462950161312,6,False,False,False,False,False,ok,1,211280.0,2448,3264,
ISIC_0508629,0.29756540928719677,0.9343115509298755,0.3491842619647754,233.7,0.14474416740054402,0.15182861721997365,0.1376597175811144,1.0173937941283304,5,False,False,False,False,False,ok,1,27692.0,450,600,
ISIC_0510774,0.3259851884392976,0.9525426671085424,0.29431529740655876,1406.5,0.13599668990044528,0.13328137919339622,0.13871200060749433,0.9792561127578453,7,False,False,False,False,False,ok,1,786321.0,2448,3264,
ISIC_0512725,0.3091953319720864,0.9247771629064923,0.26729015267412287,394.4,0.23203095334005114,0.18114900805186473,0.28291289862823754,0.9817831420751185,6,False,False,False,False,False,ok,1,72185.0,450,600,
ISIC_0520674,0.1739182855023469,0.9658380771458808,0.2509797730038028,500.7,0.08360362210181255,0.0481213778794809,0.1190858663241442,0.9770012303744471,6,False,False,False,False,False,ok,1,149882.0,2448,3264,
ISIC_0523247,0.2673614474180691,0.9821858577091416,0.1500743065780175,499.4,0.12285817638740537,0.12282042516418135,0.1228959276106294,0.9978169556722194,6,False,False,False,False,False,ok,1,93340.0,2448,3264,
ISIC_0526705,0.19963003225467735,0.9702682584671762,0.22756504939105424,923.6,0.12843926117030302,0.0985281537581677,0.15835036858243834,0.9951327014976957,7,False,False,False,False,False,ok,1,475667.0,4000,6000,
ISIC_0529633,0.31377688082277666,0.9263795191983241,0.3721048030464235,638.4,0.21346139047002294,0.16046136377636777,0.2664614171636781,0.9885611800626707,6,False,False,True,False,True,edge_adjacent(margin_5px);oversized_mask,1,191635.0,450,600,
ISIC_0533122,0.29587763771670383,0.9233527727055807,0.20926550820546838,1146.6,0.2936691933852909,0.29847608405704273,0.2888623027135391,0.9653466420275482,7,False,False,False,False,False,ok,1,708680.0,2448,3264,
ISIC_0538042,0.20895263281162668,0.9680338044308633,0.18360775702239426,428.4,0.2181737935607847,0.22666365029212487,0.20968393682944453,0.9758650912865833,6,False,False,False,False,False,ok,1,101903.0,1936,2592,
ISIC_0540953,0.4702139757381645,0.9086636655412447,0.3041082178852949,580.0,0.24309743774233894,0.24825196209103806,0.23794291339363982,0.9745654770363199,5,False,False,False,False,False,ok,1,87835.0,450,600,
ISIC_0545679,0.14554817443865742,0.987097788526833,0.1630996631447404,738.3,0.1061322703344808,0.09034488987816491,0.1219196507907967,1.0059775754705547,7,False,False,False,False,False,ok,1,296004.0,2448,3264,
ISIC_0552701,0.13989248829153067,0.9913998714995377,0.12492964496281887,502.4,0.11974288203825151,0.13304312018864028,0.10644264388786273,0.982279415238953,6,False,False,False,False,False,ok,1,158812.0,2448,3264,
ISIC_0553265,0.6423750553439531,0.8035227370576248,0.49189087691976097,462.7,0.3698159465431714,0.3892887061211133,0.3503431869652295,0.9897467004247844,6,False,False,False,False,False,ok,1,84736.0,450,600,
ISIC_0565639,0.30088560709351153,0.938517157659068,0.21075310347155368,889.0,0.1170899477906075,0.09081109567655943,0.14336879990465556,0.9800635952552353,6,False,False,False,False,False,ok,1,318808.0,2448,3264,
ISIC_0571049,0.20080887044204776,0.9821080915157453,0.19211847682440705,457.6,0.1201579726016086,0.11065857467835394,0.12965737052486326,0.9751720347585927,6,False,False,False,False,False,ok,1,117368.0,450,600,
ISIC_0573471,0.3334009985933434,0.9326189495219288,0.34748847092728286,554.8,0.15592840219374476,0.19859842323170096,0.11325838115578857,0.9924480247729368,6,False,False,False,False,False,ok,1,131928.0,450,600,
ISIC_0575130,0.2688172647172845,0.9540792018160926,0.36688579628538287,520.9,0.09571392453386163,0.10677865257775065,0.0846491964899726,0.98424434624958,6,False,False,False,False,True,oversized_mask,1,136834.0,450,600,
ISIC_0582421,0.49141400464242135,0.8146602429907724,0.32414405836751053,1159.7,0.315854813360878,0.3840142441132005,0.2476953826085555,0.9660944445930093,7,False,False,False,False,False,ok,1,516730.0,2448,3264,
ISIC_0583712,0.18305300767184185,0.9629555893029114,0.24752142523267243,398.3,0.0941919432559189,0.09129085266485948,0.09709303384697832,0.9667640948398091,6,False,False,False,False,False,ok,1,104541.0,450,600,
ISIC_0585534,0.13412734757264555,0.9820871008306316,0.1848688584594839,426.3,0.060389359309017177,0.05831860642044662,0.062460112197587736,0.979448169581563,6,False,False,False,False,False,ok,1,115364.0,2448,3264,
ISIC_0587027,0.2593779742388572,0.9999954505236676,0.3007813730258942,7006.5,0.08584005705002484,0.0026988902564637485,0.16898122384358594,1.0062452744314119,9,False,False,True,False,True,edge_adjacent(margin_40px);oversized_mask,1,21880180.0,4000,6000,
ISIC_0587266,0.15537131328731413,0.9804349002586888,0.15328203304543986,602.6,0.08054048892859855,0.10234589656382387,0.05873508129337324,0.979180719340537,7,False,False,False,False,False,ok,1,227213.0,2448,3264,
ISIC_0591484,0.13087745349726498,0.988450257298832,0.1592775900085445,692.2,0.10871230295937284,0.07315902283659181,0.14426558308215387,0.978526205783466,7,False,False,False,False,False,ok,1,284974.0,2448,3264,
ISIC_0597607,0.22584806778499966,0.9774684517151699,0.2566044417940267,539.5,0.16418838213917908,0.10067595384456607,0.2277008104337921,0.9813453771306627,6,False,False,False,False,True,oversized_mask,1,143096.0,450,600,
ISIC_0598073,0.19200556668369806,0.9625883954846928,0.2076023359215822,372.9,0.15748483732165258,0.18418069782181457,0.1307889768214906,0.9950059008236342,6,False,False,False,False,False,ok,1,88158.0,450,600,
ISIC_0598387,0.5686781689342617,0.9078679029802045,0.6691514125193225,671.6,0.21594390232313726,0.22368169057868903,0.2082061140675855,1.0514680217880634,6,True,False,True,False,True,fragmented(2_meaningful_blobs);edge_adjacent(margin_5px);oversized_mask,2,200758.0,450,600,
ISIC_0599605,0.27007836963722254,0.9299497950516492,0.2467793686736506,765.5,0.19508247742029938,0.30060139845917233,0.08956355638142643,1.00526840714932,7,False,False,False,False,False,ok,1,331034.0,2448,3264,
ISIC_0601638,0.2670049345233597,0.9403284508381362,0.21565359488914568,696.0,0.1358481320057463,0.12023210764895353,0.15146415636253907,0.9752710276340399,6,False,False,False,False,False,ok,1,216400.0,2448,3264,
ISIC_0603818,0.5692653667475509,0.8652323973564733,0.5708763757848785,403.2,0.22206389789447317,0.2087870318702203,0.23534076391872605,0.9962055666643558,6,False,False,False,False,False,ok,1,80117.0,450,600,
ISIC_0605858,0.16880776252403473,0.9897962937078371,0.11963924424069193,356.8,0.1267203986846498,0.18223822060949013,0.07120257675980945,0.9769658227584923,6,False,False,False,False,False,ok,1,67706.0,2448,3264,
ISIC_0632983,0.2342864417422218,0.9745591096539244,0.2612376059652781,433.5,0.11513339828276153,0.125024418841299,0.10524237772422407,0.993491417052681,6,False,False,False,False,False,ok,1,86414.0,2448,3264,
ISIC_0639769,0.12330962048528049,0.9895449076552681,0.22949370406467717,1769.2,0.10437878565144248,0.09785631171420872,0.11090125958867625,0.994824295458535,8,False,False,False,False,False,ok,1,1971739.0,2848,4288,
ISIC_0642767,0.30939390213666307,0.9745202970999947,0.3975930308796504,693.2,0.3217951599212357,0.19274176346645888,0.4508485563760125,1.0152968942505072,6,True,False,True,False,True,fragmented(2_meaningful_blobs);edge_adjacent(margin_5px);oversized_mask,2,199968.0,450,600,
ISIC_0645454,0.418438868733061,0.8748275298163692,0.3293324559800738,1340.3,0.3463590236154503,0.3427014718172505,0.35001657541365006,0.9790924669034675,7,False,False,False,False,False,ok,1,619392.0,1936,2592,
ISIC_0648545,0.3469067090420792,0.9618351412676905,0.4442431278678224,3710.0,0.22816964301061576,0.23481077431463238,0.22152851170659915,1.0228586015039303,9,True,False,True,False,True,fragmented(4_meaningful_blobs);edge_adjacent(margin_24px);oversized_mask,4,6217018.0,2448,3264,
ISIC_0651228,0.22066519276999574,0.957718691741027,0.263227854748472,220.2,0.12009059830879731,0.09730421797079081,0.14287697864680382,0.9582660716862118,5,False,False,False,False,False,ok,1,26747.0,450,600,
ISIC_0653308,0.25805975875755927,0.958607624004899,0.16432550782545113,701.1,0.194531161200164,0.19477419760426584,0.19428812479606217,0.9757435655053026,6,False,False,False,False,False,ok,1,201157.0,2448,3264,
ISIC_0657897,0.2366136310815231,0.9654003048866555,0.2812911916249673,531.5,0.12321320845229511,0.11881269528641936,0.12761372161817086,0.9763521148313695,6,False,False,False,False,False,ok,1,137442.0,2448,3264,
ISIC_0660782,0.15756393879889796,0.9848767665357101,0.1643724606565782,712.5,0.08901237890460989,0.061867229715083294,0.11615752809413649,0.9837044706976117,7,False,False,False,False,False,ok,1,295593.0,2848,4288,
ISIC_0666481,0.1932599906001079,0.9791353576321619,0.18220141943275112,811.3,0.11618486742325562,0.0913479020800596,0.14102183276645164,0.983856936118195,7,False,False,False,False,False,ok,1,325426.0,2448,3264,
ISIC_0669355,0.17739654719105558,0.9701133527198795,0.1725506317146612,675.2,0.14956933587374788,0.16174453493655616,0.1373941368109396,0.9721373984941174,7,False,False,False,False,False,ok,1,257555.0,2448,3264,
ISIC_0669396,0.40344393906164877,0.9172491377023083,0.49349461455527094,698.9,0.15166413982284238,0.11825760052705014,0.18507067911863462,1.0252185296992669,6,False,False,True,False,True,edge_adjacent(margin_5px);oversized_mask,1,217067.0,450,600,
ISIC_0674662,0.1256668084309004,0.9903179999139378,0.1664951346060301,232.0,0.12439613411220268,0.13934601412857062,0.10944625409583475,0.9801197620527331,5,False,False,False,False,False,ok,1,34822.0,2448,3264,
ISIC_0681019,0.11973128635473196,0.9902760572136461,0.22277515228780664,934.7,0.08361758477904763,0.0855017669605388,0.08173340259755646,1.0022044085596462,7,False,False,False,False,False,ok,1,542826.0,2448,3264,
ISIC_0684627,0.6166982442307531,0.8381800122612502,0.5950623202122228,486.1,0.24494556335069279,0.21713379377592812,0.27275733292545745,1.0338434734688073,6,False,False,False,False,False,ok,1,88861.0,450,600,
ISIC_0685898,0.2500823344537547,0.9516355256268655,0.18386827516348941,733.7,0.22845941866920866,0.19199623693167855,0.26492260040673876,0.9901434803676924,7,False,False,False,False,False,ok,1,249859.0,2448,3264,
ISIC_0697138,0.3518854959288056,0.9518190335797868,0.3028148151292382,1572.5,0.19447060004803757,0.23066873870382942,0.1582724613922457,0.9864207316058644,7,True,False,False,False,False,fragmented(2_meaningful_blobs),2,912574.0,2448,3264,
ISIC_0700335,0.5511920561960908,0.8860854593833151,0.2769155163336071,257.5,0.19806129157953561,0.13316095674640205,0.2629616264126692,0.978241632687271,4,False,False,False,False,False,ok,1,14441.0,450,600,
ISIC_0705477,0.19321041289059881,0.9636054013174645,0.19941974644297888,1001.8,0.14358243002581805,0.13093868470098957,0.15622617535064653,0.9883296576731094,7,False,False,False,False,False,ok,1,639073.0,2448,3264,
ISIC_0706692,0.20311407693650596,0.9586982973064051,0.21669655435746457,784.6,0.1201754822739371,0.13354009349371343,0.10681087105416076,0.9770085895156483,7,False,False,False,False,False,ok,1,373725.0,2448,3264,
ISIC_0709809,0.17681159255796008,0.9712325272837714,0.17798666708805816,658.0,0.15639072253897784,0.1841453570332603,0.1286360880446954,1.0062817222163016,7,False,False,False,False,False,ok,1,265470.0,2448,3264,
ISIC_0718332,0.605696463665681,0.9198686371100164,0.5812420327063503,440.5,0.2748747889396021,0.1985130111626905,0.3512365667165137,1.0436516852189441,6,True,False,False,False,False,fragmented(2_meaningful_blobs),2,70268.0,450,600,
ISIC_0734414,0.30436310344879136,0.9538650285840866,0.4229482674319122,473.3,0.14119173632692228,0.10262763143127007,0.1797558412225745,0.9644568808377565,6,False,False,False,False,False,ok,1,112568.0,450,600,
ISIC_0738067,0.4619985569899735,0.8562409924048843,0.33404048739062375,1039.6,0.2930596871746215,0.12247759085330712,0.4636417834959359,0.9748103665503648,7,False,False,False,False,False,ok,1,340166.0,1936,2592,
ISIC_0760717,0.25348422982925234,0.9814993659155204,0.18721460199778872,509.3,0.1181346108499835,0.0926571778764006,0.1436120438235664,0.9644907475796936,6,False,False,False,False,False,ok,1,101166.0,2448,3264,
ISIC_0767613,0.26944923518696895,0.9292359911507106,0.2836139390778162,241.3,0.227975401147133,0.25638136025084857,0.19956944204341742,0.9745751194319515,5,False,False,False,False,False,ok,1,30976.0,450,600,
ISIC_0768610,0.488958195429563,0.9364364038655517,0.40071996347249234,444.0,0.19186991826271244,0.21209003745512434,0.17164979907030053,1.0236398942858116,6,False,False,False,False,False,ok,1,86951.0,450,600,
ISIC_0768895,0.40463992719411535,0.9156878405119571,0.3708520448943738,509.2,0.18187381799855135,0.1756805807705617,0.188067055226541,0.974192321439314,6,False,False,False,False,False,ok,1,90598.0,450,600,
ISIC_0769255,0.3374326151802438,0.9470911346788121,0.3732370398739808,438.5,0.1278877469581467,0.11707052798565454,0.13870496593063886,0.9744745465645551,5,False,False,False,False,False,ok,1,76465.0,450,600,
ISIC_0772345,0.4117752295470303,0.9086716014219747,0.505027683648065,393.8,0.23658714100758055,0.14935511608824847,0.3238191659269126,1.0181406889221807,6,True,False,False,False,False,fragmented(2_meaningful_blobs),2,86080.0,450,600,
ISIC_0780259,0.25171800702961356,0.9832009275950467,0.14124733394436728,690.0,0.2106823630482454,0.2400777830242622,0.1812869430722286,0.9751247384934615,6,False,False,False,False,False,ok,1,217891.0,2448,3264,
ISIC_0806140,0.3522025934612485,0.9489673874674518,0.26312237327298144,1389.4,0.18661621396065625,0.14232177331812534,0.23091065460318716,0.9702444089181473,7,False,False,False,False,False,ok,1,687034.0,2448,3264,
ISIC_0809377,0.28119423116499487,0.9536799554997345,0.2531930746405699,1425.3,0.16747578962509974,0.23661827274834235,0.09833330650185712,0.9809687136416898,7,False,False,False,False,False,ok,1,949033.0,4000,6000,
ISIC_0811514,0.24250138885663053,0.965383203129946,0.2755545554157218,411.7,0.12465279301560872,0.08003003004154108,0.16927555598967636,0.9710633061041115,6,False,False,False,False,False,ok,1,76723.0,450,600,
ISIC_0812223,0.19418824087454278,0.9500761820236656,0.2512428783988767,588.8,0.12772593446092623,0.10982724097366647,0.14562462794818598,0.9838313594249728,7,False,False,False,False,False,ok,1,218116.0,2848,4288,
ISIC_0812574,0.16173253733345982,0.9979996524492672,0.1746120948411228,664.3,0.033018245361670306,0.03194435896230097,0.034092131761039646,0.9914014924869408,6,False,False,True,False,True,edge_adjacent(margin_5px);oversized_mask,1,258941.0,450,600,
ISIC_0815023,0.30203392405102014,0.9210204779825033,0.2711406582359192,322.0,0.21949317055778017,0.16093066472144069,0.27805567639411966,0.9470585522154994,5,False,False,False,False,False,ok,1,47510.0,450,600,
ISIC_0825152,0.3815611731953328,0.9521906307090613,0.3210496691362669,483.0,0.1609476360575844,0.06298876345766946,0.2589065086574993,0.9827866081071509,5,False,False,False,False,False,ok,1,72570.0,450,600,
ISIC_0829995,0.26773956132273224,0.9583960593803305,0.22232137386157047,894.0,0.15340186072011192,0.15361097900912202,0.1531927424311018,0.985836807204583,7,False,False,False,False,False,ok,1,326313.0,2448,3264,
ISIC_0839447,0.25512659973519103,0.9694225657697378,0.16914121087459216,570.6,0.18277638699284893,0.0940004095345438,0.27155236445115405,0.9659130376177211,6,False,False,False,False,False,ok,1,139621.0,2448,3264,
ISIC_0844312,0.20869852785388254,0.9459179960435752,0.27694931624475716,1217.4,0.17479681814120807,0.16229893616384072,0.1872947001185754,0.9911306571801803,7,False,False,False,False,False,ok,1,799613.0,2848,4288,
ISIC_0851414,0.3226463181953746,0.9212058199960041,0.20260534896904772,1062.2,0.22006188112462816,0.20479202287974396,0.23533173936951235,0.9998118596554418,7,False,False,False,False,False,ok,1,476195.0,2448,3264,
ISIC_0855174,0.25165680180230754,0.9932943636942613,0.31190181719604004,3945.7,0.04185390468697764,0.046338742338642436,0.03736906703531284,1.0134849699672905,9,False,False,True,False,True,edge_adjacent(margin_24px);oversized_mask,1,7613714.0,2448,3264,
ISIC_0865706,0.1663381117097673,0.9777405019777389,0.20136388380169754,962.0,0.1296001619740847,0.12548051899323753,0.13371980495493185,0.9714318674417955,7,False,False,False,False,False,ok,1,597849.0,2448,3264,
ISIC_0866872,0.2832447518968798,0.9390393069656001,0.3231393391764413,470.2,0.1848670717188357,0.17199325407911137,0.19774088935856005,0.9869472061136295,6,False,False,False,False,False,ok,1,131162.0,450,600,
ISIC_0866932,0.23796117957363017,0.9489888719069333,0.3684238061977913,342.8,0.10264109258066556,0.10618693508718058,0.09909525007415054,0.9983670026763981,6,False,False,False,False,False,ok,1,75617.0,450,600,
ISIC_0893723,0.44542890840898475,0.8837643889413249,0.41782893668505555,523.2,0.2571669845457408,0.21243829455455387,0.30189567453692767,0.9837361592726562,6,False,False,False,False,False,ok,1,93792.0,450,600,
ISIC_0894381,0.18879248201166676,0.9680378147100056,0.19650742067244092,782.6,0.14928790059042718,0.18265196985953713,0.11592383132131723,0.9927197704311121,7,False,False,False,False,False,ok,1,372512.0,1936,2592,
ISIC_0901635,0.29189119539641284,0.9564251097367948,0.21397447266897396,1152.5,0.13134142365336698,0.1332342221383509,0.12944862516838307,0.9835560010567856,7,False,False,False,False,False,ok,1,587443.0,2448,3264,
ISIC_0904712,0.19055847066795162,0.9644928744834232,0.17975157691886925,750.0,0.12781296439367967,0.135626649825899,0.11999927896146034,0.9782672931533531,7,False,False,False,False,False,ok,1,313200.0,2848,4288,
ISIC_0907266,0.4423137734580833,0.8786293205443744,0.5773150839521929,367.4,0.22204696461246032,0.22261178862776143,0.2214821405971592,0.9984282525941544,6,False,False,False,False,False,ok,1,69991.0,450,600,
ISIC_0908291,0.22688156839412688,0.9638190769627552,0.20499422665659414,838.1,0.10103592834470432,0.10613779208159824,0.0959340646078104,0.9868174438582296,7,False,False,False,False,False,ok,1,314882.0,2448,3264,
ISIC_0909402,0.24974293766596278,0.9783623305027564,0.19879513908363475,1541.3,0.13072142613521381,0.16638743712692028,0.09505541514350735,0.9913283737137236,7,False,False,False,False,False,ok,1,980542.0,2448,3264,
ISIC_0914968,0.2118520942289701,0.994570021467357,0.2531694522083247,138.2,0.217818026002067,0.23756300687732168,0.19807304512681234,0.9720671786825551,4,False,False,False,True,False,very_small_contour(lt_12445px),1,8043.0,1936,2592,
ISIC_0916205,0.2733468096721331,0.9847694113701158,0.1485710226071897,606.9,0.14606331708891357,0.17612602014157375,0.11600061403625339,0.9694476681429004,6,False,False,False,False,False,ok,1,147498.0,2448,3264,
ISIC_0934708,0.3679201383056552,0.9076324425691514,0.34083347004969367,470.4,0.20678655128051637,0.20944516984010286,0.20412793272092988,1.00204047176007,6,False,False,False,False,False,ok,1,97388.0,450,600,
ISIC_0939958,0.2594603680474111,0.9658969104818041,0.2340662881438904,751.3,0.13244530287090156,0.14969662565467046,0.11519398008713266,0.9941130793461034,6,False,False,False,False,False,ok,1,250969.0,2448,3264,
ISIC_0945202,0.2167802338274103,0.9588225916718701,0.33538972653795607,1986.8,0.11252373935700483,0.1109092778036036,0.11413820091040605,0.9799702079691559,8,False,False,False,False,False,ok,1,2462610.0,2448,3264,
ISIC_0950510,0.44262411492362297,0.8964908507625858,0.39826789935987666,391.9,0.18711764773931872,0.18060959793953357,0.19362569753910386,0.9838708611991326,5,False,False,False,False,False,ok,1,50487.0,450,600,
ISIC_0951274,0.2708705910248792,0.9160603757194049,0.2748207174179903,125.6,0.18874547284849152,0.14621522545328713,0.23127572024369591,0.968869881400013,4,False,False,False,True,False,very_small_contour(lt_12445px),1,8597.0,450,600,
ISIC_0956407,0.1853658080722821,0.9869503627284044,0.14346866574902142,458.7,0.0957787381879589,0.0666926894638683,0.1248647869120495,0.9864604087822666,6,False,False,False,False,False,ok,1,104003.0,1936,2592,
ISIC_0961235,0.1311729301265815,0.9917589544048688,0.1797321090439956,206.2,0.06466461269255497,0.043708609308776514,0.08562061607633342,0.9867005707493492,5,False,False,False,False,False,ok,1,25112.0,1936,2592,
ISIC_0962121,0.23593742660065653,0.9537484537382109,0.2531959330756224,1012.9,0.24244119860868257,0.2323569700690269,0.25252542714833826,0.97902277189539,7,False,False,False,False,False,ok,1,606545.0,2448,3264,
ISIC_0977979,0.1525816057455328,0.9885315576581393,0.18710062083915066,903.6,0.06949895188573202,0.0901441757272482,0.04885372804421584,0.9853945395573178,7,False,False,False,False,False,ok,1,458754.0,2448,3264,
ISIC_0984817,0.26325112617032476,0.9971894805275451,0.39243091896664867,4049.8,0.02396764591989542,0.027948534307222106,0.019986757532568733,1.019690279244386,9,False,False,True,False,True,edge_adjacent(margin_24px);oversized_mask,1,7873623.0,2448,3264,
ISIC_0986600,0.3831416692130213,0.9164683600372684,0.26544115162924287,903.7,0.2679182883613897,0.3209291886451551,0.21490738807762433,0.9896620815888958,7,False,False,False,False,False,ok,1,301073.0,1936,2592,
ISIC_0987523,0.15239063237564,0.9811038933588851,0.2335203032889722,958.4,0.07917011150975245,0.08165516938200257,0.07668505363750233,0.9841720957475775,7,False,False,False,False,False,ok,1,523412.0,2448,3264,
ISIC_0990298,0.3499198823057227,0.9104731552052837,0.3272268657200369,1601.7,0.18107216742197524,0.19839338352583802,0.16375095131811246,0.9884246599392056,8,False,False,False,False,False,ok,1,1107608.0,2448,3264,
ISIC_0995838,0.13378659415481797,0.9871268704274899,0.17637374869949177,176.7,0.0629596198025214,0.06027912505887956,0.06564011454616325,0.982444807982313,5,False,False,False,False,False,ok,1,19599.0,1936,2592,
ISIC_0998962,0.16187470570750484,0.9866702311609886,0.4111529799757921,1466.6,0.07713632321244218,0.0720101671899206,0.08226247923496377,0.9892115331004652,8,False,False,False,False,False,ok,1,1212112.0,2448,3264,
ISIC_1003059,0.16315110318746484,0.97899672040279,0.19468524375224108,441.5,0.14031938270031885,0.10077035558417935,0.17986840981645835,0.9747918043653903,6,False,False,False,False,False,ok,1,106509.0,2448,3264,
ISIC_1006756,0.41348243749283053,0.9476361107143523,0.5784710697780436,387.3,0.15333211127651442,0.14192799633523623,0.1647362262177926,1.0294240911758052,6,False,False,False,False,False,ok,1,76851.0,450,600,
ISIC_1007406,0.23952009589771783,0.9579973715910719,0.18024391051072153,1047.6,0.1663307302961326,0.1470584961746778,0.1856029644175874,0.9931115415018353,7,False,False,False,False,False,ok,1,499445.0,2448,3264,
ISIC_1009291,0.25930488176009847,0.9752973303865295,0.2832767154747154,710.9,0.11705217696033104,0.11061825534631153,0.12348609857435056,1.0166635938427009,6,True,False,True,False,True,fragmented(3_meaningful_blobs);edge_adjacent(margin_5px);oversized_mask,3,246337.0,450,600,
ISIC_1009475,0.1298742511514276,0.9927863918212009,0.12774358633852603,472.3,0.07246485952604986,0.05622540932255771,0.08870430972954202,0.9785411799120323,6,False,False,False,False,True,oversized_mask,1,137824.0,450,600,
ISIC_1010358,0.31899159533623056,0.9254461985290673,0.31439941463351495,309.9,0.18882504103416942,0.20095629033332685,0.17669379173501198,0.9705787879046072,5,False,False,False,False,False,ok,1,39871.0,450,600,
ISIC_1019322,0.26952772962682203,0.9553424657534246,0.20492476031487916,752.7,0.13625305745198146,0.10410993444652838,0.16839618045743454,0.9841435428278543,7,False,False,False,False,False,ok,1,225750.0,2448,3264,
ISIC_1025100,0.2023241300139187,0.966535387196756,0.23018408540336052,197.1,0.10879264120327437,0.10887787295588658,0.10870740945066215,0.9708616504610024,5,False,False,False,False,False,ok,1,20981.0,450,600,
ISIC_1028374,0.3460648050759003,0.8972902840490766,0.20479600745453985,472.9,0.21237567194313933,0.32473159880718894,0.10001974507908973,0.9830914937128536,6,False,False,False,False,False,ok,1,87705.0,2448,3264,
ISIC_1030252,0.3074627068775022,0.9158253312826931,0.34314888231911167,620.2,0.14748542848705676,0.12152174500543955,0.17344911196867396,0.9810816401737746,6,True,False,False,False,False,fragmented(2_meaningful_blobs),2,208671.0,1936,2592,
ISIC_1037315,0.3419530420730521,0.9139827767488217,0.21779445427695063,755.6,0.2592179905612762,0.25989291993263586,0.25854306118991655,0.9833462573685076,6,False,False,False,False,False,ok,1,217758.0,2448,3264,
ISIC_1040820,0.3309740684898962,0.9310133783876974,0.24027840156121524,543.9,0.20916734764301115,0.1925630147309494,0.2257716805550729,0.9939006072178392,6,False,False,False,False,False,ok,1,108632.0,2448,3264,
ISIC_1064824,0.23397908120923805,0.9536285783377667,0.34721378990426494,536.3,0.10030277341563842,0.09429613551939908,0.10630941131187777,0.987375741077092,6,True,False,True,False,True,fragmented(2_meaningful_blobs);edge_adjacent(margin_5px);oversized_mask,2,172273.0,450,600,
ISIC_1068686,0.25278749919677046,0.9588144214424078,0.2827464479101544,1296.7,0.10721689907815435,0.11091448485042177,0.10351931330588693,0.9854158031819478,7,False,False,False,False,False,ok,1,729157.0,2448,3264,
ISIC_1071362,0.14947693063941603,0.9843807753998908,0.16580630344004454,495.5,0.06900991549720131,0.040544173797920746,0.09747565719648188,0.9736993282143142,6,False,False,False,False,False,ok,1,145763.0,2448,3264,
ISIC_1074795,0.26954885745089685,0.9312293157034017,0.31143742030732297,457.5,0.22497631136300628,0.175106505127541,0.27484611759847155,1.0013134472682175,6,False,False,False,False,False,ok,1,120775.0,450,600,
ISIC_1078763,0.25576161038132716,0.9606038223617395,0.3307968637609507,311.3,0.11837033102136679,0.08980246375301038,0.1469381982897232,0.9887424070829843,6,False,False,False,False,False,ok,1,52418.0,450,600,
ISIC_1085285,0.19578781417907587,0.9662855493639412,0.2258650060462902,449.0,0.16477772850706096,0.16003499504382757,0.16952046197029436,0.987290855027555,6,False,False,False,False,False,ok,1,109360.0,2448,3264,
ISIC_1085658,0.19949331631571976,0.9534572923726536,0.2767257470877006,700.1,0.16650149062882152,0.21370159726845583,0.11930138398918722,1.002840266879672,7,False,False,False,False,False,ok,1,275944.0,2448,3264,
ISIC_1086280,0.3648101277986382,0.9318596249784965,0.27614148863603855,398.1,0.22328648484425206,0.25316089181782386,0.19341207787068027,0.9723004197830093,5,False,False,False,False,False,ok,1,54635.0,2448,3264,
ISIC_1089173,0.17380502627393446,0.9870159803318992,0.14646100158691974,541.2,0.10255123094427965,0.09712908231226758,0.10797337957629172,0.9780752291786744,6,False,False,False,False,False,ok,1,148403.0,2448,3264,
ISIC_1089722,0.2457509804786433,0.9502911513520833,0.24000091309388355,869.0,0.1358127129384024,0.13270775147448366,0.13891767440232117,1.0121326732813305,7,False,False,False,False,False,ok,1,429212.0,2448,3264,
ISIC_1092675,0.19880499494465775,0.960285902371718,0.17449395270223297,664.6,0.13238694283237556,0.10043148819594372,0.1643423974688074,0.9761491856499708,7,False,False,False,False,False,ok,1,236407.0,1936,2592,
ISIC_1103955,0.1304857353851202,0.9854185946712959,0.2014639420980831,1666.6,0.11346235790958598,0.07570110084707271,0.15122361497209924,1.001523999907292,8,False,False,False,False,False,ok,1,1776918.0,2448,3264,
ISIC_1109667,0.12642519481398873,0.9902301606329418,0.19033604796379874,198.8,0.1284436871206373,0.09685505928681049,0.16003231495446413,0.9761313771322904,5,False,False,False,False,False,ok,1,25051.0,2448,3264,
ISIC_1116303,0.4694873176742115,0.8613863335449798,0.44954308105291574,446.3,0.31935232433065464,0.34220884902783566,0.2964957996334736,1.0215044175359989,6,True,False,False,False,False,fragmented(2_meaningful_blobs),2,88121.0,450,600,
ISIC_1116483,0.21002441601601152,0.9989889497038401,0.2242498094517778,3864.4,0.034013655709727475,0.025150173729756253,0.0428771376896987,1.0102444147154153,9,False,False,True,False,True,edge_adjacent(margin_24px);oversized_mask,1,7618023.0,2448,3264,
ISIC_1121645,0.3008622395886039,0.9621232727668372,0.3084909422482538,423.1,0.10195065967905809,0.10973991508612335,0.09416140427199282,0.9793061776883876,6,False,False,False,False,False,ok,1,71220.0,450,600,
ISIC_1121888,0.23795899219680416,0.9625375207639179,0.3689365443030622,421.0,0.08500292276827526,0.0970059422674493,0.07299990326910122,0.9899456218208919,6,False,False,False,False,False,ok,1,99644.0,450,600,
ISIC_1124434,0.21289116416345033,0.9500303550042629,0.19638761853123193,719.0,0.1794693832477971,0.1430048309834817,0.21593393551211248,0.9871706762453716,7,False,False,False,False,False,ok,1,287283.0,2448,3264,
ISIC_1126401,0.21805951004357393,0.9578075110232629,0.2509488558125782,222.3,0.09196975666837814,0.06790965593952136,0.11602985739723493,1.0056366761024533,5,False,False,False,False,False,ok,1,25477.0,450,600,
ISIC_1132496,0.2905759087633303,0.9435383480339835,0.2588301677450197,616.3,0.26068100854064646,0.21475301487938225,0.3066090022019107,1.0052402737015729,6,False,False,False,False,False,ok,1,186869.0,1936,2592,
ISIC_1157032,0.3656817599748521,0.9031678749543012,0.4029341752818152,1779.8,0.229054067748872,0.13748337255765786,0.3206247629400861,1.005408942348799,8,False,False,False,False,False,ok,1,1311593.0,2848,4288,
ISIC_1176099,0.21705088506308357,0.9535701802848027,0.19938236020337824,624.2,0.18873194602567928,0.27468018542171846,0.10278370662964009,0.9733817843850296,6,False,False,False,False,False,ok,1,212226.0,2448,3264,
ISIC_1177153,0.11854940014067927,0.987415951136172,0.18341257643197906,1066.8,0.09069030121794758,0.09161177882023441,0.08976882361566074,0.9878526755383106,7,False,False,False,False,False,ok,1,674645.0,2848,4288,
ISIC_1177505,0.21101944762980895,0.9987486656809005,0.2290166171676856,3942.7,0.011130579163109777,0.004799310521001021,0.017461847805218533,1.014119387808197,9,False,False,True,False,True,edge_adjacent(margin_24px);oversized_mask,1,7938324.0,2448,3264,
ISIC_1182214,0.2517027596559239,0.9650002104111434,0.26123074942449853,516.6,0.11656195969820282,0.08081060379757532,0.15231331559883032,0.9837674191581036,6,False,False,False,False,False,ok,1,115255.0,450,600,
ISIC_1201025,0.2833715516605916,0.9495468615479656,0.30249423882175214,408.5,0.08711531600866335,0.07886535313666909,0.0953652788806576,0.9640685345180269,5,False,False,False,False,False,ok,1,72737.0,450,600,
ISIC_1204130,0.26559469437170624,0.9769814845338168,0.14005650691883537,739.8,0.18730157164052136,0.15441870477739061,0.2201844385036521,0.9788288735976729,6,False,False,False,False,False,ok,1,223094.0,2448,3264,
ISIC_1205053,0.180009661220626,0.973210350350996,0.33309423453423376,384.5,0.0828464818869713,0.0864996637621206,0.07919330001182201,1.0112270526458982,6,False,False,False,False,False,ok,1,91051.0,2448,3264,
ISIC_1206880,0.19399771975306423,0.952778000481039,0.2331121713590385,176.3,0.11494279710650801,0.14023699128592293,0.08964860292709309,0.9422088492740737,5,False,False,False,False,False,ok,1,18050.0,450,600,
ISIC_1210011,0.34985305047402837,0.9324153086399878,0.5398164850993008,2360.0,0.16649872994797965,0.21160432600813972,0.12139313388781958,1.0117317726343695,8,True,False,False,False,False,fragmented(2_meaningful_blobs),2,2899158.0,2448,3264,
ISIC_1214159,0.35116845671615915,0.897317416236881,0.31381383252004325,890.9,0.20852345256679045,0.2378647098479787,0.1791821952856022,1.00177300289987,7,False,False,False,False,False,ok,1,312037.0,2448,3264,
ISIC_1216542,0.13362793498781123,0.9889272302851924,0.1524910100567149,498.9,0.06552146260929081,0.06420856906104233,0.0668343561575393,0.9708282822082571,6,False,False,False,False,False,ok,1,146797.0,2448,3264,
ISIC_1217200,0.1393954307668237,0.9944384328470992,0.14280586841134224,398.3,0.06840570536692642,0.06527128158249207,0.07154012915136077,0.991924873934214,6,False,False,False,False,False,ok,1,82728.0,2448,3264,
ISIC_1221689,0.2116844522740181,0.9572428076275097,0.2939543151826712,376.4,0.14694226436541236,0.13247720935007612,0.1614073193807486,1.0096673193116728,6,False,False,False,False,False,ok,1,89722.0,450,600,
ISIC_1233104,0.14628385438529923,0.9877658941354509,0.2274265423074857,311.4,0.09129884806025212,0.10766689341645341,0.07493080270405084,0.9866010985785866,6,False,False,False,False,False,ok,1,58495.0,2848,4288,
ISIC_1236175,0.3261106685067583,0.9003346494795647,0.25023691657234187,913.3,0.23849639778745618,0.25521565236351695,0.2217771432113954,0.9847477835630271,7,False,False,False,False,False,ok,1,403523.0,2448,3264,
ISIC_1240189,0.1575748828481216,0.9911790537627516,0.19351631375667747,1053.5,0.0863397350889008,0.08613433639227752,0.08654513378552409,0.9907049231444862,7,False,False,False,False,False,ok,1,650797.0,2448,3264,
ISIC_1241018,0.25710458247681656,0.9493650777382624,0.2770174477279214,426.9,0.12625452863331882,0.1690861330097263,0.08342292425691133,0.9722372350603946,6,False,False,False,False,False,ok,1,93159.0,450,600,
ISIC_1241817,0.2030386183089654,0.9648461794493842,0.2738963614034748,996.9,0.1365851180742923,0.1809644134114864,0.09220582273709821,0.9847125480698103,7,False,False,False,False,False,ok,1,508558.0,2448,3264,
ISIC_1247763,0.41757503295840814,0.8926351197263398,0.38023728178147537,1010.3,0.2537914622963174,0.28808719680843875,0.21949572778419602,1.011790955953221,7,False,False,False,False,False,ok,1,392719.0,1936,2592,
ISIC_1253099,0.24259114552300665,0.9557470894706375,0.25144811592256844,755.2,0.12913613202274316,0.10242409200252522,0.1558481720429611,1.00008678254606,7,False,False,False,False,False,ok,1,298150.0,2448,3264,
ISIC_1254469,0.16031263031728593,0.9742706352778034,0.18506662150509254,590.0,0.09610209779787748,0.10562545891835651,0.08657873667739846,0.9935042661388939,6,False,False,False,False,False,ok,1,227041.0,2448,3264,
ISIC_1254526,0.14710579011590097,0.9940542854294812,0.1410548244408019,557.1,0.0801405361431567,0.08232775618791999,0.0779533160983934,0.9835358783673195,6,False,False,False,False,False,ok,1,170203.0,2448,3264,
ISIC_1255336,0.15392636292151252,0.9767539859644239,0.25439486905341857,2018.9,0.07679199423980859,0.09780631312386179,0.055777675355755396,0.9975387226125112,8,False,False,False,False,False,ok,1,2465532.0,2848,4288,
ISIC_1264034,0.6071179766213436,0.7730231769121483,0.40348323075215975,523.6,0.4889143688576625,0.4387690948374813,0.5390596428778437,1.0304349217203137,6,False,False,False,False,False,ok,1,91888.0,450,600,
ISIC_1270091,0.18702134665195957,0.9872359869224406,0.1785025343513028,1100.1,0.07383497233616465,0.08483096031275572,0.06283898435957358,0.9755940279162892,7,False,False,False,False,False,ok,1,627885.0,4000,6000,
ISIC_1274198,0.23683583561418242,0.9407031440467711,0.20287554306129404,852.2,0.20261315920031525,0.15232359618217217,0.25290272221845833,0.9838063544585031,7,False,False,False,False,False,ok,1,394670.0,2448,3264,
ISIC_1279356,0.183152783796511,0.9750798471807636,0.20877619339504128,449.8,0.14220582683614713,0.10028687142169845,0.1841247822505958,0.9809763646064756,6,False,False,False,False,False,ok,1,112586.0,2448,3264,
ISIC_1280046,0.2745408662789568,0.9564033583393613,0.3128157696344943,341.7,0.1386250415294762,0.13877115319552336,0.13847892986342902,0.9894783443906229,5,False,False,False,False,False,ok,1,59282.0,450,600,
ISIC_1283766,0.5349147834045896,0.8267938056001943,0.4605782324648689,547.5,0.28718626605579023,0.18703126160998151,0.38734127050159894,1.0178298693898498,6,False,False,False,False,False,ok,1,97668.0,450,600,
ISIC_1291833,0.2611967550226246,0.9491006744941294,0.29128947067775746,258.0,0.12212880244953056,0.13935171162861704,0.10490589327044408,0.9402698990819084,5,False,False,False,False,False,ok,1,30699.0,450,600,
ISIC_1300891,0.1557900351463538,0.9853116680436977,0.1816644806928598,140.8,0.0924575576886979,0.0912906611497647,0.0936244542276311,0.9711971534926733,4,False,False,False,True,False,very_small_contour(lt_12445px),1,10909.0,1936,2592,
ISIC_1326092,0.4744446158386302,0.9155201613131616,0.43492615050614003,514.0,0.31937122684131847,0.2052898391094854,0.43345261457315154,0.9654835487513362,5,False,False,False,False,False,ok,1,81425.0,450,600,
ISIC_1330850,0.14905848847051062,0.9842913076289972,0.1578360546176694,556.4,0.15960936238512646,0.15103570724427384,0.16818301752597908,0.9743534038742492,6,False,False,False,False,False,ok,1,187862.0,2448,3264,
ISIC_1332092,0.19126600793376103,0.9736620150893793,0.1898729329178001,1060.4,0.15604366709287776,0.15773501911046417,0.15435231507529135,0.9721625578207452,7,False,False,False,False,False,ok,1,613149.0,2448,3264,
ISIC_1338061,0.22755662837145496,0.9983151854370133,0.25955389220779457,3971.4,0.0174807185120191,0.021625360213281763,0.013336076810756436,1.0162992486499487,9,True,False,True,False,True,fragmented(2_meaningful_blobs);edge_adjacent(margin_24px);oversized_mask,2,7927465.0,2448,3264,
ISIC_1357166,0.19798523088046582,0.9816935624552608,0.19596581040934496,1809.4,0.13997462408883277,0.1331308763577258,0.14681837181993973,0.9877355009314062,8,False,False,False,False,False,ok,1,1715745.0,4000,6000,
ISIC_1358080,0.1714101147852357,0.9761138672710846,0.23251368327531166,403.1,0.13032986429250343,0.07471133316326295,0.1859483954217439,0.9523532112680133,6,False,False,False,False,False,ok,1,92881.0,2448,3264,
ISIC_1359589,0.1426429302297585,0.9794706219420813,0.22883588215843143,378.6,0.10432591416472098,0.13085851721080344,0.07779331111863852,0.9677616663214026,6,False,False,False,False,False,ok,1,89378.0,2448,3264,
ISIC_1367005,0.25563876193812374,0.9727631045524602,0.23934699520925246,1968.7,0.13400229125102292,0.13990773825628977,0.12809684424575607,0.9946306609202962,8,False,False,False,False,False,ok,1,1636419.0,4000,6000,
ISIC_1372928,0.21849739265460477,0.9998691861566662,0.24229334151731943,3921.2,0.007254495355023982,0.010214639382985835,0.004294351327062129,1.0096468980941904,9,False,False,True,False,True,edge_adjacent(margin_24px);oversized_mask,1,7591628.0,2448,3264,
ISIC_1380829,0.29239004134461455,0.9563192033908251,0.18461395295464383,701.2,0.18423576559167865,0.2783200091582131,0.0901515220251442,0.9950683590367613,6,False,False,False,False,False,ok,1,212709.0,2448,3264,
ISIC_1404148,0.2744943434882925,0.9507117183749205,0.27661327360452287,409.9,0.1402480658418545,0.13884122338827543,0.1416549082954336,0.9974260326238449,6,False,False,False,False,False,ok,1,73758.0,1936,2592,
ISIC_1406759,0.19546187005548143,0.9778376893801392,0.2048240999753513,409.7,0.14777753573636854,0.08520482770155169,0.21035024377118539,0.9899910281678366,6,False,False,False,False,False,ok,1,87728.0,2448,3264,
ISIC_1408695,0.43485038863543746,0.8443353897924846,0.37260520709433936,381.6,0.3351323520233306,0.2798571954880591,0.39040750855860207,0.9956837636974503,6,False,False,False,False,False,ok,1,60701.0,450,600,
ISIC_1411589,0.1719184028275882,0.9740994766785315,0.23737436082548585,558.9,0.14186805488339616,0.1412429378574862,0.1424931719093061,0.9648457765102731,6,False,False,False,False,False,ok,1,182272.0,2448,3264,
ISIC_1421963,0.20946064011692778,0.9855460024220212,0.15169089022819945,530.4,0.1283064795634422,0.11069095443935728,0.14592200468752714,0.9703347771862327,6,False,False,False,False,False,ok,1,139393.0,2448,3264,
ISIC_1426969,0.23876740607387592,0.9683875658271818,0.24946919024226025,1073.0,0.1463671148982173,0.10779491486194737,0.18493931493448723,0.9939543519130478,7,False,False,False,False,False,ok,1,504757.0,2448,3264,
ISIC_1429504,0.386226465508552,0.9194683754860425,0.4444718206470592,1684.2,0.18081804406192942,0.171881741978552,0.18975434614530684,1.008084116178038,8,False,False,False,False,False,ok,1,1071998.0,2448,3264,
ISIC_1429763,0.19685050814600102,0.973781629199036,0.22818470231835206,378.4,0.19484382818837676,0.23422471426316338,0.15546294211359013,0.9776135527898995,6,False,False,False,False,False,ok,1,81885.0,714,1019,
ISIC_1430481,0.25536658445914207,0.9516062679980553,0.3022514526839261,269.3,0.1453782215260751,0.19169914082370776,0.09905730222844245,1.0151926364561719,5,False,False,False,False,False,ok,1,38512.0,450,600,
ISIC_1436572,0.2833389643649846,0.9376761705006225,0.3064183408912798,1513.0,0.18273055558545653,0.227077170042848,0.13838394112806507,1.00077433528583,8,False,False,False,False,False,ok,1,1162896.0,2448,3264,
ISIC_1437062,0.17053076200267625,0.9738665143403386,0.19012232258508888,514.0,0.1425275447324197,0.14057302524093795,0.14448206422390142,0.9793724259799664,6,False,False,False,False,False,ok,1,167732.0,2448,3264,
ISIC_1441039,0.27985568260828186,0.9473077178999978,0.3376116367855179,353.0,0.17158131441918562,0.16569998863917734,0.1774626401991939,0.9943026592680111,6,False,False,False,False,False,ok,1,64523.0,450,600,
ISIC_1442601,0.2838051285580838,0.9459401304314855,0.30652612586537087,1070.5,0.23332916941696846,0.22385690544306214,0.2428014333908748,0.9845491057238509,7,False,False,False,False,False,ok,1,500243.0,2448,3264,
ISIC_1450057,0.22471001045333516,0.999727674678142,0.2585312493228477,4065.0,0.010162548155120577,0.013420537433732282,0.006904558876508871,1.014385236168549,9,False,False,True,False,True,edge_adjacent(margin_24px);oversized_mask,1,7940692.0,2448,3264,
ISIC_1452059,0.17723356082072173,0.9748922007450499,0.15393517674088106,1980.8,0.11028103181872734,0.12898025785559997,0.09158180578185471,0.9832135209739943,8,False,False,False,False,False,ok,1,2278899.0,4000,6000,
ISIC_1460132,0.27537437938082876,0.942216780324838,0.3807866754672937,315.7,0.12395187971358451,0.13044589243754878,0.11745786698962024,1.0038330508583462,6,False,False,False,False,False,ok,1,58532.0,450,600,
ISIC_1460169,0.24197682216741967,0.9442002951177263,0.21207507985136723,465.2,0.22881220955035753,0.1445996582228446,0.31302476087787046,0.9884658534229835,6,False,False,False,False,False,ok,1,118346.0,1936,2592,
ISIC_1460249,0.31028222566417063,0.9412508382290968,0.3385349470893858,975.7,0.14483923968654983,0.12171390141678007,0.16796457795631958,1.0074493837542404,7,False,False,False,False,False,ok,1,435686.0,2448,3264,
ISIC_1464862,0.1623360017092662,0.9806685493082878,0.2519804182857855,316.9,0.1145702529568311,0.0652660368121385,0.1638744691015237,0.9853061304506742,6,False,False,False,False,False,ok,1,62244.0,2848,4288,
ISIC_1468332,0.29706782158503964,0.943389766475408,0.36404303513441505,286.8,0.10585961482334605,0.09237612987808486,0.11934309976860724,0.9891659728393043,5,False,False,False,False,False,ok,1,40311.0,450,600,
ISIC_1472934,0.17735915065282737,0.9768229450508384,0.2303698778095136,313.4,0.14478493010630117,0.20280038705670778,0.08676947315589456,0.9970342566348774,6,False,False,False,False,False,ok,1,63156.0,450,600,
ISIC_1473683,0.2406113549951162,0.9362509219907976,0.30071201087980104,209.9,0.13918946961727302,0.13270043659023278,0.14567850264431326,1.0142413900984852,5,False,False,False,False,False,ok,1,26946.0,450,600,
ISIC_1479765,0.17109795347353418,0.9867509918456381,0.1749711948574401,341.5,0.11322982599413234,0.09119302195988743,0.13526663002837724,1.0027792384121645,6,False,False,False,False,False,ok,1,67826.0,450,600,
ISIC_1484659,0.1766448022184337,0.9734571334845179,0.20088650368436628,353.7,0.16419526783993,0.10963729430472724,0.21875324137513275,0.9701083888077026,6,False,False,False,False,False,ok,1,68690.0,1936,2592,
ISIC_1490894,0.35821920313804867,0.8820932843437436,0.29807012332144694,267.4,0.2905202081271997,0.3368105173064492,0.24422989894795022,0.9511616360922375,5,False,False,False,False,False,ok,1,34920.0,450,600,
ISIC_1491798,0.5701148582051188,0.8222163917742981,0.42042760116560324,548.3,0.28931672509341844,0.28689367091275686,0.29173977927408,0.9971353729547002,6,False,False,True,False,False,edge_adjacent(margin_5px),1,104168.0,450,600,
ISIC_1493992,0.12716430391729427,0.9931755316736952,0.16833652763196516,197.4,0.09888833282692883,0.0986435439947354,0.09913312165912225,0.952948570347759,5,False,False,False,False,False,ok,1,22153.0,2448,3264,
ISIC_1496469,0.21230522586911926,0.964513618054152,0.21596443008054547,679.8,0.09323964012288749,0.0850912200720374,0.10138806017373758,0.9961051759489307,7,False,False,False,False,False,ok,1,241836.0,2448,3264,
ISIC_1500934,0.16705394596094347,0.9768076713191596,0.14682941939655336,792.6,0.12917311782543112,0.12572924729957524,0.132616988351287,0.9843062263725421,7,False,False,False,False,False,ok,1,360793.0,2848,4288,
ISIC_1502836,0.37766805336656106,0.8733655660640709,0.2949835014090741,304.8,0.30431589308834683,0.2837526615546918,0.32487912462200186,0.9746531086935831,5,False,False,False,False,False,ok,1,39509.0,450,600,
ISIC_1510512,0.3069098097985914,0.9276810459465842,0.3774298229054936,267.8,0.13246396170829972,0.14467854683605696,0.12024937658054247,0.9834317862124698,5,False,False,False,False,False,ok,1,37673.0,450,600,
ISIC_1510540,0.19591187462144655,0.9916078751366177,0.1644405214646333,845.8,0.08849338904517057,0.07968051890067773,0.0973062591896634,0.9878737536249759,7,False,False,False,False,False,ok,1,333946.0,2448,3264,
ISIC_1513850,0.2730131979422077,0.9623124053691485,0.23738533408927576,392.1,0.12552171218269398,0.13115299671540925,0.1198904276499787,0.9511515346660917,5,False,False,False,False,False,ok,1,61769.0,450,600,
ISIC_1529132,0.4439034481570795,0.8862770974205616,0.3335974318601746,444.9,0.28151527365997986,0.23367261406737305,0.32935793325258667,0.986069411491629,5,False,False,False,False,False,ok,1,73754.0,450,600,
ISIC_1536126,0.18064353090843888,0.9675465366678557,0.3101075291965015,354.3,0.08896817126989132,0.08574694133197713,0.0921894012078055,1.017670441088984,6,False,False,False,False,False,ok,1,73703.0,1936,2592,
ISIC_1536397,0.30108257546024164,0.9244498234784263,0.39306380204130265,376.5,0.16159707967732395,0.15476215435171836,0.16843200500292954,0.998640514332287,6,False,False,False,False,False,ok,1,88008.0,450,600,
ISIC_1537765,0.23320921623055035,0.9608090052380783,0.2412420200258378,395.0,0.1682646776750666,0.14622919596451145,0.19030015938562173,0.9671674919910714,6,False,False,False,False,False,ok,1,81758.0,450,600,
ISIC_1540369,0.12441628116657244,0.9932273924596381,0.13655850868526395,372.1,0.10064979964748966,0.059349174721066045,0.14195042457391327,0.9691339689494647,6,False,False,False,False,False,ok,1,86646.0,2448,3264,
ISIC_1546866,0.2230811420827159,0.9540324970121918,0.3348147341666414,616.2,0.10127474123272628,0.10973608374056842,0.09281339872488414,1.0057421545299647,7,False,False,False,False,False,ok,1,240727.0,2448,3264,
ISIC_1558504,0.35094935522074433,0.9102289731595196,0.3721785377251526,811.5,0.2276248714872826,0.21475546498962994,0.24049427798493528,0.9937251779875937,7,False,False,False,False,False,ok,1,269835.0,2448,3264,
ISIC_1562512,0.15794495961872002,0.9793806829245266,0.18038031726027376,543.5,0.07587814263514742,0.05423234092787954,0.09752394434241529,0.9818208063346219,6,False,False,False,False,False,ok,1,166653.0,1936,2592,
ISIC_1576116,0.3366621565727299,0.9618299025208543,0.1901124782969674,860.6,0.1419435013640738,0.18191715635321426,0.10196984637493334,0.9750055233283814,6,False,False,False,False,False,ok,1,252660.0,2448,3264,
ISIC_1579405,0.1965175727457672,0.9816313207248556,0.2106188927648447,323.2,0.10118176904397963,0.08477627951492539,0.11758725857303387,0.9817783121774539,5,False,False,False,False,False,ok,1,49992.0,450,600,
ISIC_1581537,0.2295444982233632,0.9763059307724778,0.1927366158224693,639.4,0.12408251320906982,0.10719634833918923,0.14096867807895042,0.9953786510387455,6,False,False,False,False,False,ok,1,185797.0,2448,3264,
ISIC_1582241,0.29693506209567144,0.9380632736895336,0.3225897499577964,348.6,0.2538711113357467,0.269654367364492,0.23808785530700138,1.0026032775145377,6,False,False,False,False,False,ok,1,68182.0,450,600,
ISIC_1589997,0.19703704962832946,0.9980568724911869,0.2201713214345489,3787.6,0.01577860993251118,0.014228901482969403,0.017328318382052954,1.0108026167892559,9,False,False,True,False,True,edge_adjacent(margin_24px);oversized_mask,1,7675458.0,2448,3264,
ISIC_1593018,0.2951448329159143,0.9346755858430948,0.33410579779480126,408.4,0.19715041148244794,0.17789439616263758,0.2164064268022583,1.007800072561623,6,False,False,False,False,False,ok,1,78820.0,450,600,
ISIC_1598799,0.4223678657670187,0.8867601905552656,0.3994362131181913,508.0,0.33330241467117305,0.27880643669937,0.3877983926429761,1.008304996333681,6,False,False,False,False,False,ok,1,108536.0,450,600,
ISIC_1601532,0.6309395101628755,0.9165525003882135,0.7288565300731088,3293.2,0.2351799529063287,0.2266970668297562,0.2436628389829012,1.059158660626592,9,False,False,True,False,True,edge_adjacent(margin_24px);oversized_mask,1,4833971.0,2448,2448,
ISIC_1602466,0.18632511730535184,0.9776618071960321,0.2222030624456675,636.1,0.1210188808679738,0.13502823342400683,0.10700952831194077,0.9709231275349971,7,False,False,False,False,False,ok,1,208509.0,1936,2592,
ISIC_1604088,0.38465861392156064,0.9389508382246613,0.33432883417602083,558.0,0.13897558786678166,0.16366494891113925,0.11428622682242406,0.984960582986314,6,False,False,False,False,False,ok,1,105176.0,450,600,
ISIC_1606234,0.24165007987662024,0.9798613981902531,0.34490263632199375,598.0,0.1765392642814183,0.20228470633122841,0.1507938222316082,1.0066917590074445,6,False,False,True,False,True,edge_adjacent(margin_5px);oversized_mask,1,171199.0,450,600,
ISIC_1607865,0.4226166329606703,0.9393403680224421,0.2738732871732842,1031.9,0.19678690028928864,0.2705491541923847,0.1230246463861926,0.9898985517661264,7,False,False,False,False,False,ok,1,299418.0,2448,3264,
ISIC_1613289,0.23368585914616613,0.9907156008529995,0.14520317714791506,569.7,0.09062776308808318,0.06707856532315859,0.11417696085300777,0.9697890488874902,6,False,False,False,False,False,ok,1,133268.0,2448,3264,
ISIC_1618832,0.14357460515981169,0.9887466045789678,0.17003598831453168,395.2,0.09029286262890135,0.05562834030969244,0.12495738494811026,0.969885338783819,6,False,False,False,False,False,ok,1,93503.0,1936,2592,
ISIC_1618950,0.22629566725423944,0.9500720466364827,0.26084847090323093,372.1,0.12370486741644476,0.11676120822487301,0.1306485266080165,1.0085758833173626,6,True,False,False,False,False,fragmented(2_meaningful_blobs),2,65401.0,2448,3264,
ISIC_1620401,0.2528489501002805,0.9402786230724667,0.221818577462627,647.2,0.17497728072286528,0.21822244682335712,0.13173211462237344,0.9849058683769204,6,False,False,False,False,False,ok,1,225659.0,2448,3264,
ISIC_1620821,0.14445716668167186,0.9954614220877458,0.17634745351916287,349.5,0.10417321940185226,0.06261025398226672,0.1457361848214378,0.9702495554370959,6,False,False,False,False,False,ok,1,69192.0,2448,3264,
ISIC_1624776,0.17236334830398548,0.9700335204555551,0.16933476477844162,288.7,0.16733468148273406,0.2322550022047566,0.10241436076071153,0.9632130399451684,5,False,False,False,False,False,ok,1,48413.0,1936,2592,
ISIC_1626055,0.2203077052984691,0.9639625138944382,0.17594256083050042,725.9,0.15467019726394549,0.16573007433077758,0.1436103201971134,0.9949007952169653,7,False,False,False,False,False,ok,1,255394.0,2448,3264,
ISIC_1635827,0.23725654407073704,0.9848996707019497,0.16293532827592327,518.3,0.16604064786848988,0.16597626905176244,0.16610502668521732,0.9655876375729824,6,False,False,False,False,False,ok,1,104482.0,2448,3264,
ISIC_1636355,0.3575036919511452,0.8911695415527092,0.3948835422894013,405.2,0.2650035370313199,0.2684201722916657,0.2615869017709741,1.0066844328131843,6,False,False,False,False,False,ok,1,82815.0,450,600,
ISIC_1636427,0.22325613794162613,0.9834897407348497,0.1526890737141095,1204.5,0.11652216396217824,0.13900193545124895,0.09404239247310753,0.989405391960157,7,False,False,False,False,False,ok,1,712489.0,2448,3264,
ISIC_1648650,0.14781257295192607,0.9893111337706282,0.12729886925385675,571.3,0.10879733499162386,0.0799776341262104,0.13761703585703733,0.9607590863766086,6,False,False,False,False,False,ok,1,195732.0,2448,3264,
ISIC_1649554,0.43877877822172007,0.8726344540547571,0.4492846366311968,519.2,0.2639395635769171,0.1884171807426681,0.3394619464111661,1.005433252462935,6,False,False,False,False,False,ok,1,94556.0,450,600,
ISIC_1650233,0.46289816348935464,0.859793673380035,0.304364158456551,683.6,0.3316948235423125,0.2302611660000322,0.4331284810845928,0.9863531176817478,6,False,False,False,False,False,ok,1,157930.0,2448,3264,
ISIC_1652988,0.24599783736095326,0.952696838843193,0.2406516992607777,535.8,0.24732509096455835,0.2773018317955287,0.217348350133588,0.9986239983210848,6,False,False,False,False,False,ok,1,136228.0,2448,3264,
ISIC_1653953,0.24520441933153136,0.9564229280480355,0.31382963045944196,535.0,0.1255589439086527,0.12477535011967333,0.12634253769763204,0.9942353241657692,6,False,False,False,False,True,oversized_mask,1,165903.0,450,600,
ISIC_1655136,0.22156762627483706,0.9665119636963696,0.33962249155761354,424.0,0.07360334987879397,0.0860258727576001,0.061180826999987836,0.9949861474063454,6,False,False,False,False,False,ok,1,94242.0,450,600,
ISIC_1656295,0.27678495733438757,0.9388691261238066,0.3298392676550787,446.1,0.10790534450032596,0.0804484783867544,0.13536221061389753,1.0046245458471292,6,False,False,False,False,False,ok,1,89880.0,450,600,
ISIC_1675975,0.523913056197792,0.8144056744315517,0.4944948007843096,431.9,0.3918993565272652,0.4163036343078882,0.3674950787466422,1.0026735380590515,6,False,False,False,False,False,ok,1,79610.0,450,600,
ISIC_1684107,0.19717748031050486,0.9930662163122383,0.1338857534853775,820.4,0.07716076150655582,0.08645831349760846,0.06786320951550318,0.9753609487617382,6,False,False,False,False,False,ok,1,301434.0,2448,3264,
ISIC_1685833,0.4164960287973427,0.8597653091467854,0.29607956775005284,888.7,0.2960679642787356,0.29599521817295427,0.29614071038451695,1.0012178114431052,7,False,False,False,False,False,ok,1,299880.0,2448,3264,
ISIC_1685962,0.3830748714597174,0.9056820716713249,0.30821112676467216,1146.5,0.2262829280952,0.22844224868212304,0.22412360750827698,1.002935330854642,7,False,False,False,False,False,ok,1,553653.0,2448,3264,
ISIC_1689823,0.19407559218513049,0.9612902485835099,0.206257752120366,640.4,0.15369376165944926,0.1809095956821214,0.12647792763677712,0.995048561077417,7,False,False,False,False,False,ok,1,252276.0,2448,3264,
ISIC_1693572,0.3292686750394379,0.9242419034775848,0.28037450965969474,1375.0,0.2547073398855349,0.35717083390321336,0.15224384586785644,0.9876966988652045,8,False,False,False,False,False,ok,1,916027.0,2448,3264,
ISIC_1694817,0.18160445414084614,0.976863152478934,0.2785955202200021,695.8,0.07433092432227895,0.08922542166901759,0.0594364269755403,0.9784918497063347,6,False,False,False,False,False,ok,1,249591.0,2448,3264,
ISIC_1699010,0.42399055082767856,0.9035054975689736,0.5185521137572092,461.5,0.21509332977093548,0.20465411624827567,0.2255325432935953,1.016272649770873,6,False,False,False,False,False,ok,1,96232.0,450,600,
ISIC_1699688,0.3374228232039713,0.9046683020339639,0.2977003805437498,1442.3,0.23719373275562344,0.18316516321517173,0.29122230229607515,1.001109649758005,8,False,False,False,False,False,ok,1,1014411.0,2448,3264,
ISIC_1712861,0.50868664209832,0.9331710148210014,0.5398467595232058,446.9,0.19294467643362007,0.20190951503379706,0.18397983783344307,1.0088310678183097,6,False,False,False,False,False,ok,1,99550.0,450,600,
ISIC_1715773,0.24582325225176183,0.9445400753093061,0.22798575576335467,180.3,0.1651736620665185,0.13604943448177376,0.19429788965126327,0.9978503263376063,5,False,False,False,False,False,ok,1,17794.0,450,600,
ISIC_1741107,0.31514948318100755,0.9124001697596358,0.34152757402462935,373.0,0.20011324676373282,0.21011098029398356,0.19011551323348208,1.0195172301949835,6,False,False,False,False,False,ok,1,71436.0,450,600,
ISIC_1748084,0.3192286287901528,0.9524142251349268,0.25554320776509487,330.0,0.1417580801607874,0.11188976752895763,0.17162639279261716,1.0064917064388466,5,False,False,False,False,False,ok,1,39890.0,450,600,
ISIC_1748718,0.2827873348250668,0.9432655404569696,0.2776382782458894,741.7,0.12143920601292169,0.14654817086266247,0.0963302411631809,0.9958846536430235,7,False,False,False,False,False,ok,1,256365.0,2448,3264,
ISIC_1756486,0.3140457529717634,0.9399164386757439,0.2734389510823841,526.6,0.2798854356004051,0.16332014507778336,0.3964507261230268,0.9725003513226843,6,False,False,False,False,False,ok,1,111411.0,450,600,
ISIC_1756915,0.39916073291278353,0.9034868736210724,0.4749225467239374,511.2,0.16925651290995414,0.17653831047137025,0.16197471534853802,1.0050690853793627,6,False,False,False,False,False,ok,1,134628.0,450,600,
ISIC_1758247,0.2679774361161573,0.9360031213421771,0.2013471200251391,550.1,0.2585800525561438,0.2606130577887167,0.2565470473235709,0.986617357760911,6,False,False,False,False,False,ok,1,150641.0,2448,3264,
ISIC_1762147,0.5086258094989364,0.8554076141276442,0.5121025246722631,540.9,0.4202271584187961,0.30551987744459597,0.5349344393929962,0.9565626651345699,6,False,False,False,False,False,ok,1,109853.0,450,600,
ISIC_1763947,0.24795101617988557,0.9369566624242294,0.256354341322973,387.6,0.20291612705051543,0.20485640331150767,0.20097585078952318,0.9917705836366026,6,False,False,False,False,False,ok,1,87385.0,450,600,
ISIC_1765228,0.20470170344607586,0.9842700800619835,0.15704963982753783,518.9,0.11114159527816092,0.10684711408426917,0.11543607647205267,0.9792847058898095,6,False,False,False,False,False,ok,1,122537.0,2448,3264,
ISIC_1772759,0.16124798006746432,0.9870582151203514,0.15287572605997213,361.4,0.16331423331901396,0.16342544381144275,0.16320302282658516,0.9936510324831035,6,False,False,False,False,False,ok,1,75837.0,2448,3264,
ISIC_1785976,0.19122563902911427,0.9783115951823151,0.159516628187887,1020.1,0.0824631456734089,0.09084181449327211,0.07408447685354569,0.9937521346152812,7,False,False,False,False,False,ok,1,522350.0,2448,3264,
ISIC_1789103,0.19560432856638632,0.9659931193970194,0.20248734231039484,488.0,0.12815806458391177,0.139834683605623,0.11648144556220053,0.978633609940902,6,False,False,False,False,False,ok,1,135953.0,2448,3264,
ISIC_1789206,0.1536119461248424,0.9810748915226527,0.17827194578059075,600.2,0.11898229218870499,0.11382053987229512,0.12414404450511485,0.9923815890602382,6,False,False,False,False,False,ok,1,230651.0,2448,3264,
ISIC_1797795,0.4241235734818376,0.9172538894700527,0.23226458799452807,813.4,0.2536100558128057,0.22765616105492736,0.27956395057068406,0.9697324198900976,6,False,False,False,False,False,ok,1,206968.0,1936,2592,
ISIC_1801591,0.3607002495221979,0.9101581937303035,0.40424724383946753,619.9,0.21510765523000142,0.19981329781516588,0.23040201264483695,1.011186104893209,6,False,False,True,False,True,edge_adjacent(margin_5px);oversized_mask,1,176399.0,450,600,
ISIC_1807379,0.22458351421484046,0.9519910959466487,0.2020741284509986,975.0,0.15670522844156431,0.1753487835019799,0.13806167338114872,0.9760798672083907,7,False,False,False,False,False,ok,1,522983.0,2448,3264,
ISIC_1813785,0.24807089378802805,0.9488380482140945,0.3349615696197207,394.8,0.12262181675672212,0.14552859771453164,0.09971503579891261,0.9712666282393116,6,False,False,False,False,False,ok,1,84682.0,450,600,
ISIC_1814941,0.22190571482476384,0.9995870216410686,0.249544716292476,4051.6,0.023339087936040892,0.027656481475767047,0.019021694396314737,1.0135612492518156,9,False,False,True,False,True,edge_adjacent(margin_24px);oversized_mask,1,7881697.0,2448,3264,
ISIC_1815891,0.4979021442071837,0.8844547062139476,0.471858701428237,405.2,0.15231412540370037,0.1408532269618935,0.16377502384550724,1.0103226767022397,5,False,False,False,False,False,ok,1,57786.0,450,600,
ISIC_1822966,0.13170391274291027,0.9846801783205481,0.17725677844328364,499.6,0.12602357511413942,0.13354757648037052,0.11849957374790832,0.9780370640946638,6,False,False,False,False,False,ok,1,154488.0,2448,3264,
ISIC_1828562,0.171621599746276,0.9779236276849642,0.37916191503338065,40.0,0.1952213153516228,0.1970954365175358,0.19334719418570978,,2,False,False,False,True,False,very_small_contour(lt_12445px),1,869.0,450,600,
ISIC_1830939,0.2676245775874474,0.9489987789420903,0.3293532741773806,674.9,0.11847235710871551,0.1273566826708431,0.10958803154658792,0.9762354988930704,6,False,False,False,False,False,ok,1,205206.0,2448,3264,
ISIC_1831934,0.36989557983924104,0.9341456308659188,0.33102107789834334,510.0,0.23989416079911258,0.12783107814990113,0.351957243448324,0.9901178885771361,6,False,False,False,False,False,ok,1,90341.0,450,600,
ISIC_1836687,0.18554721120014817,0.9660677940548282,0.2741561621788323,407.1,0.11129010858870336,0.08177036817424055,0.14080984900316618,0.9932318814422931,6,False,False,False,False,False,ok,1,96645.0,1936,2592,
ISIC_1845922,0.35512911605625874,0.9188109890334935,0.32153450035936326,321.1,0.2497252695478015,0.19101662405708486,0.30843391503851814,0.9905674134966903,5,False,False,False,False,False,ok,1,45267.0,450,600,
ISIC_1850674,0.44589387677618075,0.8784351593287575,0.39028364882290967,907.6,0.2160518731950678,0.19425873688144857,0.23784500950868703,1.0081906891753591,7,False,False,False,False,False,ok,1,337820.0,2448,3264,
ISIC_1859522,0.16484029661800415,0.9662784615548843,0.17512537060263114,266.9,0.10152630848792915,0.08240487704262345,0.12064773993323485,0.9713296786853237,5,False,False,False,False,False,ok,1,45609.0,2448,3264,
ISIC_1859626,0.2361944435304173,0.967225400834805,0.30510224713135764,512.7,0.15742632906858317,0.13121893871151602,0.18363371942565032,1.0099283451771326,6,False,False,False,False,True,oversized_mask,1,140034.0,450,600,
ISIC_1860707,0.16231710772567243,0.9837855645688803,0.157299037441307,836.0,0.1365983506705914,0.1313541056969011,0.1418425956442817,0.9796768576960809,7,False,False,False,False,False,ok,1,413129.0,2448,3264,
ISIC_1861788,0.26980742960590254,0.9461385617859335,0.3322515053567337,520.4,0.11283855628694794,0.11938830987565285,0.10628880269824303,0.9675493586026269,6,True,False,True,False,True,fragmented(2_meaningful_blobs);edge_adjacent(margin_5px);oversized_mask,2,162603.0,450,600,
ISIC_1867801,0.23521929543389697,0.9894057647443358,0.14603279490223903,837.8,0.06989147315845523,0.07192344652252891,0.06785949979438155,0.9670098189540745,7,False,False,False,False,False,ok,1,286981.0,2448,3264,
ISIC_1881240,0.39177557860937195,0.9102401544255407,0.3764544361228124,590.0,0.25783952992199466,0.138636747314279,0.3770423125297103,0.99351359986239,6,False,False,True,False,True,edge_adjacent(margin_5px);oversized_mask,1,145056.0,450,600,
ISIC_1895471,0.28981706456868195,0.9503648999608258,0.3066114579472355,462.9,0.21056112874473526,0.17803830055952474,0.24308395692994578,0.9940233884011394,6,False,False,False,False,False,ok,1,98818.0,450,600,
ISIC_1901340,0.16314921477761934,0.9821164471634272,0.1720349530984407,630.3,0.10783920454984769,0.1121357835839395,0.10354262551575588,0.986835268787682,7,False,False,False,False,False,ok,1,224578.0,2448,3264,
ISIC_1909053,0.18268551105561837,0.9701230793982785,0.287837492349476,308.4,0.12847799294819778,0.12919928497920852,0.12775670091718705,0.9916899436608346,6,False,False,False,False,False,ok,1,60698.0,450,600,
ISIC_1916169,0.36867142171579825,0.8973095728574619,0.436101970634573,405.6,0.2859059446889511,0.32789709429966807,0.2439147950782341,1.003142916664151,6,False,False,False,False,False,ok,1,72825.0,450,600,
ISIC_1918027,0.21147457398669633,0.981148711058863,0.19838315001228338,893.2,0.09584645717861978,0.06235797424849743,0.12933494010874214,0.9846066497541733,7,False,False,False,False,False,ok,1,363241.0,1936,2592,
ISIC_1919749,0.12072283544456164,0.9891858426108201,0.16083576931867793,444.9,0.10339247167301019,0.07080130143768681,0.13598364190833356,0.9840574728273253,6,False,False,False,False,False,ok,1,134003.0,2448,3264,
ISIC_1923354,0.44305194941108395,0.8880583367622182,0.351397806591477,569.6,0.2913270723531287,0.32981012474681015,0.2528440199594473,0.9917706407519492,6,False,False,False,False,False,ok,1,117242.0,450,600,
ISIC_1929320,0.20911162368167702,0.9670383827123149,0.2114515346284858,541.0,0.11173850082664383,0.11589329747276467,0.10758370418052299,0.9680851919170644,6,False,False,False,False,False,ok,1,142891.0,2448,3264,
ISIC_1936297,0.31477504834493575,0.9780924173469142,0.19119381886707357,2513.7,0.12831843629667955,0.06841498319131034,0.18822188940204876,0.9819160169258353,8,False,False,False,False,False,ok,1,2135128.0,2448,3264,
ISIC_1950997,0.4634384393620824,0.8623260318236515,0.38508153336124085,500.5,0.20949881933309927,0.1956768602530563,0.22332077841314224,0.9767792324732413,6,False,False,False,False,False,ok,1,90561.0,450,600,
ISIC_1951839,0.13311722269907622,0.9900668988379469,0.14894862105332354,525.5,0.1058690678482681,0.09614018199422325,0.11559795370231296,0.9682272638889846,6,False,False,False,False,False,ok,1,166124.0,2448,3264,
ISIC_1956504,0.2788429742494869,0.9846098980579333,0.3096570898978678,3895.7,0.27182227123608066,0.1376001754194276,0.4060443670527337,1.0180504022066714,9,False,False,True,False,True,edge_adjacent(margin_28px);oversized_mask,1,7375672.0,2848,4288,
ISIC_1957594,0.19971784452521957,0.9662066611019148,0.2911248192610149,1021.5,0.09592073163082238,0.09853383620695721,0.09330762705468754,0.9963295393862259,7,False,False,False,False,False,ok,1,618278.0,2448,3264,
ISIC_1962844,0.3239801259057796,0.954402115267324,0.17328727765663715,855.4,0.20415834586531012,0.2523181798522417,0.15599851187837854,0.9844530921446238,7,False,False,False,False,False,ok,1,285774.0,2448,3264,
ISIC_1964200,0.4633083831498328,0.8814290799074569,0.4991800195940369,468.4,0.28067823990640683,0.19212179797816853,0.36923468183464514,1.0095211015142267,6,False,False,False,False,False,ok,1,89777.0,450,600,
ISIC_1970706,0.30851875072654955,0.9499739562781154,0.39021036707426315,540.3,0.20541850156966773,0.2615488106188658,0.14928819252046965,1.0110642251048467,6,False,False,True,False,True,edge_adjacent(margin_5px);oversized_mask,1,151074.0,450,600,
ISIC_1970988,0.3140782667177229,0.9503494727336012,0.3629220224951822,578.7,0.11516365748811597,0.12189057803939807,0.10843673693683387,0.9971486831650148,6,False,False,False,False,True,oversized_mask,1,152255.0,450,600,
ISIC_1973815,0.32557942246814064,0.8885133516552917,0.42712737503420584,611.6,0.216778001973431,0.2083803426686941,0.2251756612781679,1.0041398970253101,7,False,False,False,False,False,ok,1,204847.0,2848,4288,
ISIC_1975042,0.2671853377984247,0.9454088088823578,0.17925763818277368,440.8,0.14691500708011135,0.07615764157934557,0.21767237258087713,1.00547838662742,6,False,False,False,False,False,ok,1,93189.0,1936,2592,
ISIC_1978418,0.5354434961831028,0.8484061702266925,0.568613428640006,482.2,0.29687499209823504,0.2807648477905492,0.31298513640592085,1.012413798622675,6,False,False,True,False,False,edge_adjacent(margin_5px),1,117422.0,450,600,
ISIC_1991989,0.3336835314091633,0.9454059745116834,0.4511086806869369,609.0,0.1210195052915573,0.11634804091169604,0.12569096967141857,0.9843245740574008,6,False,False,True,False,True,edge_adjacent(margin_5px);oversized_mask,1,151142.0,450,600,
ISIC_1994166,0.3394381807954454,0.9302866814767798,0.37414208966344364,430.1,0.23027419835665947,0.22621314466310338,0.23433525205021555,0.9966080477870485,6,False,False,True,False,False,edge_adjacent(margin_5px),1,88497.0,450,600,
ISIC_1995421,0.36956241286088365,0.9118110703708884,0.2944124861681478,1876.3,0.23096864036851145,0.2601304867800669,0.201806793956956,0.9888368255983611,8,False,False,False,False,False,ok,1,1492104.0,4000,6000,
ISIC_2000821,0.5173907960727315,0.842731764624581,0.6742687667495979,324.9,0.2375050289610795,0.26212907097028815,0.21288098695187085,0.9977200001099915,5,False,False,False,False,False,ok,1,49259.0,450,600,
ISIC_2003991,0.37313030756059185,0.8913821392186331,0.33276588267565055,1237.2,0.16611154319220311,0.16850968561292767,0.16371340077147856,0.9855821163050389,7,False,False,False,False,False,ok,1,634999.0,2448,3264,
ISIC_2005634,0.24149229215327572,0.9785028919126743,0.15800125882973204,377.1,0.08951922156936071,0.09471949329280771,0.0843189498459137,1.0138107487362948,6,False,False,False,False,False,ok,1,58954.0,2448,3264,
ISIC_2010889,0.2098096200718771,0.9621178555604785,0.17829493617619183,929.6,0.1751108627327424,0.17060051650294594,0.17962120896253886,0.9809979569835551,7,False,False,False,False,False,ok,1,439767.0,2448,3264,
ISIC_2028814,0.17286567882956716,0.9762258339520942,0.18907957820963198,501.8,0.11552939220067482,0.1448493379265402,0.08620944647480944,0.9752079506728721,6,False,False,False,False,False,ok,1,142625.0,2448,3264,
ISIC_2030005,0.3533862703825398,0.9341258747237433,0.3390623393871172,535.2,0.12415859561055936,0.13638907260232658,0.11192811861879215,0.9939764542766648,6,False,False,False,False,False,ok,1,109900.0,450,600,
ISIC_2030042,0.3245038226581942,0.9319398572057271,0.23175228772536677,527.3,0.2082446463805111,0.16426836419160507,0.25222092856941714,0.9636220425608236,6,False,False,False,False,False,ok,1,109660.0,2448,3264,
ISIC_2030748,0.41417536664928745,0.8606764948708691,0.36268545877743785,626.8,0.21297539737971172,0.2813303083878025,0.14462048637162095,0.9772482809282372,6,False,False,False,False,False,ok,1,171263.0,2448,3264,
ISIC_2033980,0.10972851553379215,0.9942227963401683,0.14561265141620708,569.4,0.05936400793472857,0.058438977869001985,0.06028903800045515,0.9710375350593379,6,False,False,False,False,False,ok,1,195425.0,2448,3264,
ISIC_2036689,0.7336337491431061,0.759414707255027,0.7650317100958332,407.4,0.3770212863733256,0.29769703323000984,0.45634553951664136,1.0532459796347096,6,True,False,False,False,False,fragmented(3_meaningful_blobs),3,58481.0,450,600,
ISIC_2041385,0.20445949478390713,0.9789937358890572,0.19270679304597257,706.7,0.13488684634397952,0.12148630426980767,0.14828738841815137,0.9745584734428114,6,False,False,False,False,False,ok,1,235427.0,3456,5184,
ISIC_2056374,0.15355595119034926,0.9900796031841274,0.19465355465504716,144.9,0.15338577513387242,0.10915386938353255,0.19761768088421228,0.9521417100558568,4,False,False,False,False,False,ok,1,12567.0,450,600,
ISIC_2056422,0.25425149115039436,0.9756313661334559,0.17813339441427645,851.1,0.10732345570629531,0.1147860543919893,0.09986085702060132,0.9813667472484903,6,False,False,False,False,False,ok,1,294978.0,2448,3264,
ISIC_2060077,0.33489325128384007,0.8924594739019802,0.2822058277326434,979.0,0.2366982886846264,0.29896703499953947,0.1744295423697133,0.9851067455720496,7,False,False,False,False,False,ok,1,534134.0,2448,3264,
ISIC_2061756,0.2926780099071129,0.9141329899823447,0.29446319018743206,416.2,0.25635963559010644,0.1672337695245354,0.3454855016556775,0.98008563150563,6,False,False,False,False,False,ok,1,94264.0,450,600,
ISIC_2062505,0.2313317944810157,0.9619355723098012,0.26809124174138116,414.6,0.137510891101917,0.15105290729019316,0.12396887491364084,0.9892380314125755,6,False,False,False,False,False,ok,1,88239.0,450,600,
ISIC_2071418,0.47974638014899906,0.8261290353800443,0.33906788175719543,1571.8,0.29927329398219665,0.30837779843835134,0.29016878952604197,0.9920702994165178,7,False,False,False,False,False,ok,1,770064.0,1936,2592,
ISIC_2072219,0.28824169644495123,0.9477005533351716,0.3631578062995821,994.3,0.14490847053996908,0.20417516220589804,0.08564177887404012,0.9977060870501293,7,False,False,False,False,False,ok,1,484159.0,2848,4288,
ISIC_2078543,0.18879744227453144,0.9951575012066248,0.13098330016611198,624.7,0.0744544962329477,0.07376181125102177,0.07514718121487363,0.9719818510147906,6,False,False,False,False,False,ok,1,187345.0,2448,3264,
ISIC_2080318,0.17480926051410783,0.9950127240539942,0.14519620917458037,606.8,0.08020136423074553,0.08297684885898626,0.0774258796025048,0.988219295148781,6,False,False,False,False,False,ok,1,180594.0,2448,3264,
ISIC_2086525,0.24369683770618533,0.9278817389860872,0.2964621341443435,660.7,0.16899577058535326,0.1892838888467797,0.1487076523239268,1.0055209080789065,7,False,False,False,False,False,ok,1,269232.0,2448,3264,
ISIC_2093167,0.29036315917724986,0.9628296261723902,0.2320283416205655,1158.4,0.10526223996105949,0.11169936250117707,0.09882511742094191,0.9832669186379182,7,False,False,False,False,False,ok,1,552115.0,2448,3264,
ISIC_2098382,0.4208946407709495,0.9050480603952091,0.5025113185183155,494.0,0.21214364264795765,0.2278460687656969,0.1964412165302184,0.9853582478123403,6,False,False,False,False,False,ok,1,99357.0,450,600,
ISIC_2101624,0.22585637240052925,0.9695021125588537,0.27808585306109873,1237.7,0.1756497335449242,0.17382107500495525,0.17747839208489313,0.9940181239887749,7,False,False,False,False,False,ok,1,723897.0,2448,3264,
ISIC_2102374,0.22744573996062722,0.9530094038293392,0.1589547389811025,500.3,0.2536832329618931,0.21991800342833323,0.28744846249545297,0.9976549841555394,6,False,False,False,False,False,ok,1,134162.0,2448,3264,
ISIC_2106139,0.180329466116105,0.9743998680122089,0.25297058278657164,335.5,0.10404265387285705,0.07927059205032483,0.12881471569538927,0.9848815628588258,6,False,False,False,False,False,ok,1,71313.0,450,600,
ISIC_2119364,0.2868499586872364,0.9320428656685436,0.29833873176439457,194.8,0.1792508368114305,0.16896308965257156,0.18953858397028944,0.9922276044838498,5,False,False,False,False,False,ok,1,18205.0,450,600,
ISIC_2128019,0.2425964496088261,0.9559943610126681,0.36026683387723274,399.4,0.09933832579306667,0.09637713466924747,0.10229951691688588,0.9860892358680371,6,False,False,False,False,False,ok,1,98206.0,450,600,
ISIC_2128061,0.2917250382345117,0.9533508321376962,0.2756207591603855,687.9,0.1416610568188006,0.15463057660456836,0.12869153703303282,0.9817941387437206,6,False,False,False,False,False,ok,1,185853.0,2448,3264,
ISIC_2138419,0.31646873614359794,0.9291540726711378,0.3673365376016462,839.4,0.19220208999090893,0.1767025471618462,0.20770163281997167,1.0074687898445582,7,False,False,False,False,False,ok,1,359259.0,2448,3264,
ISIC_2139387,0.1787869898943436,0.9740222603493027,0.2662591641475318,759.7,0.09829698546502286,0.12912348962590137,0.06747048130414435,0.9822591599648849,7,False,False,False,False,False,ok,1,333059.0,2848,4288,
ISIC_2144690,0.2252407118719555,0.955429435125363,0.21614454920935944,818.7,0.14653781721569026,0.12521814756015304,0.16785748687122748,0.9919951551077157,7,False,False,False,False,False,ok,1,323358.0,2448,3264,
ISIC_2149878,0.5421322150976855,0.8089522588087823,0.3269322538370968,1173.4,0.39913445565867767,0.33302846538865194,0.4652404459287034,0.9994016763778875,7,False,False,False,False,False,ok,1,503691.0,2448,3264,
ISIC_2153686,0.21950888371586097,0.9652244940743171,0.30173386180149986,2496.6,0.0944074350017014,0.08250767926668223,0.10630719073672057,0.9906093200725622,8,False,False,False,False,False,ok,1,3576275.0,2848,4288,
ISIC_2161394,0.590096061041373,0.8175291060218635,0.5949234092705742,551.4,0.36859475076975545,0.3029720839569836,0.4342174175825273,1.010576647755265,6,False,False,False,False,False,ok,1,118164.0,450,600,
ISIC_2162606,0.28688413932885515,0.9646238048262256,0.40872163569378933,565.4,0.09595709354833803,0.08870960105731507,0.103204586039361,0.9971883252781034,6,True,False,True,False,True,fragmented(2_meaningful_blobs);edge_adjacent(margin_5px);oversized_mask,2,204232.0,450,600,
ISIC_2166645,0.26574080547771406,0.942316219332037,0.24785851380577917,716.3,0.10103832348770964,0.08817563432647202,0.11390101264894725,0.9802876516755114,6,False,False,False,False,False,ok,1,218669.0,2448,3264,
ISIC_2170617,0.20831760685348144,0.9672546254999569,0.32049625506081386,384.9,0.18855249081870568,0.17110841914888042,0.20599656248853093,0.9856011416165756,6,False,False,False,False,False,ok,1,84535.0,450,600,
ISIC_2174727,0.18338001120253133,0.9704571540839857,0.31531800019498335,385.0,0.059248856996234,0.06573472442386552,0.05276298956860248,0.9917790922254064,6,False,False,False,False,False,ok,1,94374.0,450,600,
ISIC_2175735,0.32190986947214617,0.916186261018336,0.28982173048662346,236.8,0.24559313944095967,0.24201170913303194,0.2491745697488874,0.9828542635476005,5,False,False,False,False,False,ok,1,24922.0,450,600,
ISIC_2178421,0.6335875880863906,0.8283803190457092,0.6394787442240326,363.3,0.29310061837564827,0.2994082840328808,0.28679295271841576,1.0539557471199297,6,True,False,False,False,False,fragmented(2_meaningful_blobs),2,64673.0,450,600,
ISIC_2179705,0.37434837714937463,0.9593680543682681,0.26593850747493636,540.3,0.19728583718654608,0.17652403934357241,0.21804763502951974,0.9729221253018941,6,False,False,False,False,False,ok,1,90351.0,450,600,
ISIC_2187659,0.25655248596534375,0.9211735501770262,0.2315350898643667,649.3,0.2171336192087408,0.17653262723582364,0.25773461118165797,1.0034711149235618,7,False,False,False,False,False,ok,1,243779.0,2448,3264,
ISIC_2195258,0.23406974189999075,0.9390493249294514,0.22762149243085894,237.2,0.20523230182716107,0.1653383851853496,0.24512621846897253,1.0134228391717077,5,False,False,False,False,False,ok,1,28084.0,2448,3264,
ISIC_2195775,0.2915667127932733,0.9482239029416911,0.43921573133882813,417.6,0.14182251738919832,0.11592310204617018,0.16772193273222646,0.9956546735251395,6,False,False,False,False,False,ok,1,98103.0,450,600,
ISIC_2198823,0.214434293569585,0.9971551921601555,0.21706203993196455,3862.5,0.05314431259661112,0.020720281611133484,0.08556834358208876,1.0112102341699696,9,False,False,True,False,True,edge_adjacent(margin_24px);oversized_mask,1,7532220.0,2448,3264,
ISIC_2199969,0.40361014596439393,0.8841118406162792,0.4902317607643905,954.3,0.1975148012922418,0.22461949310983653,0.17041010947464708,0.9936914186809981,7,False,False,False,False,False,ok,1,421222.0,2448,3264,
ISIC_2201020,0.32496144155158424,0.9447906597441152,0.3534982435745075,1048.1,0.14358342019592618,0.11906489644001506,0.1681019439518373,0.9853384429738807,7,False,False,False,False,False,ok,1,420031.0,2448,3264,
ISIC_2205187,0.19793020607664114,0.9635343886985318,0.26519318386432533,354.5,0.11101128732451448,0.10558727468765616,0.1164352999613728,1.0205406283756338,6,False,False,False,False,False,ok,1,75990.0,450,600,
ISIC_2205902,0.23115153909306096,0.9783375728235004,0.2532560920912811,121.5,0.11880243426103282,0.12780337955026067,0.10980148897180497,0.9697566260097064,4,False,False,False,True,False,very_small_contour(lt_12445px),1,6096.0,450,600,
ISIC_2212095,0.2514434173833662,0.946307614450327,0.3761798260539567,283.8,0.11157760065732436,0.12060301509224358,0.10255218622240514,0.986648360668588,5,False,False,False,False,False,ok,1,49000.0,450,600,
ISIC_2220505,0.39828056537024514,0.9109694083461135,0.24421848788355444,263.8,0.18801104841328675,0.1920309906240797,0.18399110620249381,0.9794262226341782,5,False,False,False,False,False,ok,1,22867.0,450,600,
ISIC_2222084,0.27496471411044865,0.9944279410492314,0.493337591994313,595.5,0.22658882643930078,0.23210637764900233,0.22107127522959924,1.0359479773087492,6,False,False,False,False,True,oversized_mask,1,171904.0,450,600,
ISIC_2230091,0.19160399551412244,0.961986890363934,0.191297357191444,735.6,0.10091968518233502,0.1038361852580848,0.09800318510658523,0.9853833068478126,7,False,False,False,False,False,ok,1,279469.0,2848,4288,
ISIC_2237022,0.11743150594029361,0.9864716262179373,0.18470440977189048,296.7,0.05730997919781772,0.04175912852125352,0.07286082987438192,0.9798085442728504,6,False,False,False,False,False,ok,1,58245.0,2448,3264,
ISIC_2238901,0.25336609466286397,0.9288685155848241,0.2479803763016961,931.7,0.14661783482828106,0.1679877562984885,0.12524791335807361,0.9664253759643541,7,False,False,False,False,False,ok,1,494347.0,2448,3264,
ISIC_2242712,0.1725744730768871,0.9844670417777325,0.14393985155660244,755.6,0.18171787691033647,0.1787394167473335,0.18469633707333943,0.9823845431731868,7,False,False,False,False,False,ok,1,329129.0,1936,2592,
ISIC_2243756,0.6871505055349398,0.783032695793864,0.44478636905806007,2772.7,0.6286861984027994,0.25737239680559865,1.0,0.9942587293012384,7,False,False,True,False,False,edge_adjacent(margin_24px),1,1275332.0,2448,3264,
ISIC_2244719,0.13587033336483956,0.9907160113887514,0.15324684088505985,590.2,0.0687048995575506,0.08267727698455396,0.054732522130547245,0.9733308166728027,6,False,False,False,False,False,ok,1,202902.0,2448,3264,
ISIC_2263660,0.12453632274056214,0.9915977736455925,0.18060399904817018,517.5,0.07025420664545612,0.034598643342336866,0.10590976994857537,0.9616925294816994,6,False,False,False,False,False,ok,1,158486.0,2448,3264,
ISIC_2266450,0.3073751747187744,0.9215240574461129,0.3207616856016772,806.1,0.16001880527426016,0.09730380107415426,0.22273380947436605,0.9840278095336215,7,False,False,False,False,False,ok,1,294130.0,2848,4288,
ISIC_2267276,0.2166248035820364,0.9656033928343859,0.2235051933150161,800.3,0.17155302709774412,0.1738116019896888,0.16929445220579942,0.98523630888973,7,False,False,False,False,False,ok,1,326784.0,2448,3264,
ISIC_2267440,0.2555905238450574,0.9498121742043982,0.3045658928972988,384.0,0.14645462788480973,0.14355828221931188,0.14935097355030758,1.0335093071931185,6,False,False,False,False,False,ok,1,74201.0,450,600,
ISIC_2274046,0.19048055692267674,0.9709063261982527,0.20809015042821358,426.2,0.13290442129638552,0.12809981535603132,0.13770902723673972,1.0090208789229003,6,False,False,False,False,False,ok,1,108485.0,2448,3264,
ISIC_2277806,0.19519652901564988,0.9786637477371279,0.23634257008423346,359.0,0.09020716668773981,0.08322688416554935,0.09718744920993028,0.9687672501686656,5,False,False,False,False,False,ok,1,58523.0,2448,3264,
ISIC_2285264,0.19200612074862367,0.9723445233141041,0.27879719267622566,428.7,0.12179918453513561,0.09462697695036448,0.14897139211990673,0.9828104398673926,6,False,False,False,False,False,ok,1,107347.0,2848,4288,
ISIC_2304241,0.30162835836862834,0.9399055715661486,0.4296886144458739,474.6,0.17851493143124753,0.10273089460990426,0.2542989682525908,0.9837459675545798,6,False,False,False,False,False,ok,1,130961.0,450,600,
ISIC_2305541,0.2280510126993831,0.9575711539653996,0.2742898882800054,317.4,0.10253034844541686,0.11280728377674032,0.09225341311409341,1.0030422333448186,6,False,False,False,False,False,ok,1,62198.0,450,600,
ISIC_2310935,0.3741649838983444,0.9067771024901096,0.5133418693271533,2475.5,0.17226929750338632,0.10650353484069008,0.23803506016608256,1.0116181201444194,9,True,False,True,False,False,fragmented(3_meaningful_blobs);edge_adjacent(margin_24px),3,3645424.0,2448,3264,
ISIC_2335013,0.4251780833154498,0.9006858994893441,0.39091890426870385,364.7,0.22515796805191818,0.2849196539066946,0.16539628219714175,0.998852295065519,5,False,False,False,False,False,ok,1,48172.0,450,600,
ISIC_2337998,0.28893703273475324,0.9409533276683074,0.37491467033901493,517.7,0.17117833188843457,0.19660092836409493,0.1457557354127742,0.9766354127448612,6,False,False,False,False,True,oversized_mask,1,147415.0,450,600,
ISIC_2340945,0.23200755497531822,0.9680967856857228,0.2609342953896973,530.5,0.11993798017075696,0.07877317175395393,0.16110278858756,0.9980988155527106,6,False,False,False,False,False,ok,1,133798.0,450,600,
ISIC_2342769,0.18669219478379206,0.9811426222362284,0.3134530525332578,2173.0,0.05532739715326468,0.04425371718342519,0.06640107712310417,0.9888870650631162,8,True,False,False,False,False,fragmented(2_meaningful_blobs),2,2968523.0,2848,4288,
ISIC_2347774,0.2031652600872511,0.9836118096220683,0.16532971695147747,2715.9,0.07817011894661641,0.09698199109105476,0.05935824680217805,0.9895756794713936,8,False,False,False,False,False,ok,1,3586094.0,4000,6000,
ISIC_2352598,0.17340498782233527,0.979456843520577,0.2267802501322417,1694.5,0.11846389508838617,0.12993302771218151,0.10699476246459083,0.981481821388945,8,False,False,False,False,False,ok,1,1769469.0,4000,6000,
ISIC_2358324,0.14187013157226658,0.9837772764589413,0.21729293082793677,466.9,0.07564950590695318,0.08976138366058728,0.06153762815331909,0.9941802286046983,6,False,False,False,False,False,ok,1,143223.0,2448,3264,
ISIC_2374466,0.3752676306469378,0.9601208437194793,0.5013127094284304,578.2,0.21144698770230158,0.1516323084068305,0.27126166699777265,0.9648736392092766,6,True,False,False,False,False,fragmented(2_meaningful_blobs),2,132423.0,450,600,
ISIC_2377804,0.321774693129265,0.9637822677398082,0.2215947179911436,925.8,0.1251370416885053,0.10846047674392123,0.1418136066330894,0.9906498620334045,7,False,False,False,False,False,ok,1,304259.0,2448,3264,
ISIC_2381635,0.22925877943715134,0.9600857232342058,0.307792332114682,958.8,0.10072654613450821,0.11439059420481146,0.08706249806420496,0.9916020360151608,7,False,False,False,False,False,ok,1,497860.0,2448,3264,
ISIC_2382511,0.2028621286784763,0.9898356973296538,0.1433774147676422,587.0,0.07397336633150053,0.0695726784993621,0.07837405416363896,0.9791926403128078,6,False,False,False,False,False,ok,1,159735.0,2448,3264,
ISIC_2385847,0.31608502128773985,0.9444156340411595,0.19716900269804688,1289.1,0.16859016505065755,0.1396226222194593,0.19755770788185578,0.9734292238339638,7,False,False,False,False,False,ok,1,728236.0,2448,3264,
ISIC_2397373,0.49648695230787265,0.803139164176323,0.25656408130714453,886.5,0.45212183631469727,0.4970267939849359,0.40721687864445866,1.0093819733690612,7,False,False,False,False,False,ok,1,242409.0,1936,2592,
ISIC_2402187,0.35365669832643476,0.9231360767277964,0.18152340754600063,984.5,0.26823119001493695,0.2495414426865794,0.2869209373432945,0.9857602572948073,7,False,False,False,False,False,ok,1,387736.0,2448,3264,
ISIC_2409179,0.20858174806884333,0.9935562204530385,0.12440894764199903,1295.0,0.07410694504869997,0.06579733124785614,0.0824165588495438,0.9793475658434995,7,False,False,False,False,False,ok,1,751439.0,1936,2592,
ISIC_2410708,0.13289092419304283,0.9944641396236705,0.12513962624120317,723.3,0.08891373638657446,0.05613326413631525,0.12169420863683367,0.9820453486814409,7,False,False,False,False,False,ok,1,310866.0,2448,3264,
ISIC_2410902,0.17259019481771398,0.982212124570542,0.21835118917821061,210.4,0.08884111312629411,0.06123185792976993,0.1164503683228183,0.981447425727443,5,False,False,False,False,False,ok,1,26853.0,450,600,
ISIC_2415589,0.4309870367705355,0.9118086316578858,0.6333636729356236,506.5,0.15934115701572898,0.12106305668725448,0.1976192573442035,1.005345616006745,6,False,False,False,False,True,oversized_mask,1,144242.0,450,600,
ISIC_2418276,0.2888796411726613,0.9652489985768956,0.1791995130814455,718.0,0.1651658097910339,0.19829345826000377,0.13203816132206403,0.9671503854026515,6,False,False,False,False,False,ok,1,216881.0,2448,3264,
ISIC_2427256,0.20801561539477353,0.9683401419049666,0.22451600646559516,226.4,0.08938937307254213,0.08925573590202662,0.08952301024305764,0.9851186775562433,5,False,False,False,False,False,ok,1,27313.0,450,600,
ISIC_2427899,0.2528553247116019,0.981269975781645,0.4934624449847308,3563.8,0.059448961623576435,0.0582032325830073,0.06069469066414557,1.0126479564555964,9,True,False,True,False,True,fragmented(5_meaningful_blobs);edge_adjacent(margin_24px);oversized_mask,5,7317621.0,2448,3264,
ISIC_2431690,0.2721231346799128,0.9808806660865438,0.2024525042074796,513.6,0.16578345152235335,0.17003283621182064,0.16153406683288607,0.9964820941334172,6,False,False,False,False,False,ok,1,99756.0,2448,3264,
ISIC_2433965,0.2414318303549935,0.9500605352288164,0.24983565424172638,676.5,0.17438391816690513,0.1758517195088085,0.17291611682500174,1.0165232198003444,7,False,False,False,False,False,ok,1,283837.0,2448,3264,
ISIC_2437084,0.64381057581937,0.8625924346892871,0.6001305277188584,634.3,0.49858795718491944,0.2900557705830613,0.7071201437867776,1.028201184372981,6,True,False,True,False,True,fragmented(2_meaningful_blobs);edge_adjacent(margin_5px);oversized_mask,2,147730.0,450,600,
ISIC_2437633,0.23326201757804532,0.9757827225215815,0.19419928984715884,1337.3,0.11535089369929047,0.1720319634713251,0.05866982392725584,0.998357374466462,7,False,False,False,False,False,ok,1,753532.0,1936,2592,
ISIC_2450662,0.16528649184084676,0.9838594329921124,0.16337684251236678,421.0,0.10727076067264546,0.11910433540655163,0.09543718593873929,0.9849614792549818,6,False,False,False,False,False,ok,1,94751.0,2448,3264,
ISIC_2454082,0.16408323073805275,0.983153565557935,0.24634621558739278,828.6,0.07060789991616179,0.0960950299020179,0.04512076993030567,0.9884710506824993,7,False,False,False,False,False,ok,1,376350.0,4000,6000,
ISIC_2459668,0.1608202220128997,0.9740826553154803,0.18908797167806415,247.6,0.08503499403357351,0.07664329768919287,0.09342669037795415,0.9919456046043922,5,False,False,False,False,False,ok,1,36481.0,450,600,
ISIC_2464882,0.23409619251120606,0.953506341255462,0.27143398019976517,326.6,0.13863914333161526,0.15070740210596156,0.12657088455726895,0.9730696870335479,6,False,False,False,False,False,ok,1,54100.0,450,600,
ISIC_2466295,0.31321978441189846,0.9508985012111912,0.24054440485819836,1303.6,0.09906633560281092,0.07798803327483261,0.12014463793078922,1.0103606521599964,7,False,False,False,False,False,ok,1,592653.0,2448,3264,
ISIC_2471885,0.2765912118664212,0.9262366669052903,0.28502248079263137,250.6,0.175217321897169,0.16064189191552247,0.1897927518788155,0.9731239551189177,5,False,False,False,False,False,ok,1,32667.0,450,600,
ISIC_2474406,0.2073075025821498,0.964020038719049,0.2102768483917236,606.9,0.13571860040866857,0.13413422023847832,0.1373029805788588,0.9858259735044235,6,False,False,False,False,False,ok,1,195224.0,2448,3264,
ISIC_2479346,0.14013783549025405,0.9844754832408926,0.18926833229555207,714.3,0.060125097131825234,0.06575535326711346,0.05449484099653701,0.995289066972812,7,False,False,False,False,False,ok,1,321496.0,1936,2592,
ISIC_2492245,0.18810401405565236,0.9815426590584008,0.184897942858398,438.9,0.12499148664414605,0.11382208733059163,0.13616088595770048,0.9958004900319029,6,False,False,False,False,False,ok,1,96941.0,4288,2848,
ISIC_2496140,0.2313087462579172,0.945193171608266,0.3105212347736343,248.4,0.100753691230548,0.08192236219590332,0.11958502026519269,0.9839482823735402,5,False,False,False,False,False,ok,1,37153.0,450,600,
ISIC_2504585,0.4513276740499673,0.906864738922512,0.26716328505661163,5055.0,0.3134617078818621,0.21359768091576947,0.41332573484795476,0.9976402953858,9,False,False,False,False,False,ok,1,7046468.0,4912,7360,
ISIC_2509046,0.22445067408030672,0.9781738512553292,0.27697497975037133,557.9,0.07290963629068115,0.06100268786338092,0.08481658471798137,0.9706605191061751,6,False,False,False,False,False,ok,1,165919.0,2448,3264,
ISIC_2512593,0.30963749639918137,0.9630220135731508,0.18889127553618193,945.5,0.11937290142613338,0.08891860558807807,0.1498271972641887,0.9904386372625529,7,False,False,False,False,False,ok,1,332971.0,2448,3264,
ISIC_2513018,0.30784728932330785,0.9194368132847284,0.3219348959359416,1416.4,0.24312022089719976,0.1796944466906102,0.3065459951037893,1.0001853950808086,7,False,False,False,False,False,ok,1,969174.0,2448,3264,
ISIC_2529848,0.22664712903376572,0.964806239911397,0.3103666175447404,613.4,0.07178078481709865,0.07534078278198486,0.06822078685221244,0.983785137170626,6,False,False,False,False,False,ok,1,164488.0,1936,2592,
ISIC_2530060,0.24785945086399797,0.9769769375735001,0.1775953649767132,503.3,0.12161112264985507,0.14618612597346448,0.09703611932624567,0.9833800570188903,6,False,False,False,False,False,ok,1,99841.0,2448,3264,
ISIC_2538384,0.3505982411428302,0.9132106935482659,0.3637619961248858,501.4,0.2449172090766531,0.19573732208643801,0.2940970960668682,0.9793423988325848,6,False,False,False,False,False,ok,1,122239.0,450,600,
ISIC_2546925,0.26772404275772965,0.9633369834124184,0.2994724539243058,293.1,0.10220399861568219,0.12498696425265965,0.07942103297870473,0.987637293194074,5,False,False,False,False,False,ok,1,35967.0,450,600,
ISIC_2548833,0.15992359055785577,0.9752492807314862,0.20077045733549795,579.8,0.07738064953475354,0.10059886720705746,0.05416243186244962,0.9907985436680148,6,False,False,False,False,False,ok,1,211110.0,2448,3264,
ISIC_2559263,0.21675733455559487,0.9626708368142372,0.23050065145299883,539.2,0.13219133142662448,0.09383645145183439,0.17054621140141457,0.9982223467068612,6,False,False,False,False,False,ok,1,162605.0,2448,3264,
ISIC_2563568,0.2784101706558394,0.9443881889782025,0.39375315879032907,895.6,0.1919322558682105,0.2566552490851841,0.1272092626512369,0.9976385602902835,7,False,False,False,False,False,ok,1,408725.0,2448,3264,
ISIC_2563948,0.2665275970833827,0.9312581568115651,0.27676835124450977,916.8,0.20247618696986153,0.18756544311577994,0.21738693082394311,0.9781779190113363,7,False,False,False,False,False,ok,1,372150.0,2448,3264,
ISIC_2573194,0.26875170588004993,0.9479303098323444,0.28443514140889714,463.4,0.10589156780736353,0.08613484477551692,0.12564829083921014,0.9970802057489857,6,False,False,False,False,False,ok,1,113151.0,450,600,
ISIC_2573712,0.34721922968145447,0.9272835888044039,0.24917448945051462,1085.2,0.24340286689578827,0.19802358863173197,0.28878214515984457,0.9773102237802245,7,False,False,False,False,False,ok,1,438184.0,2848,4288,
ISIC_2586707,0.2803098955340576,0.9933965666608415,0.332142255132593,748.6,0.01894258311218372,0.023741295604283064,0.014143870620084376,1.0010705184132338,6,False,False,True,False,True,edge_adjacent(margin_5px);oversized_mask,1,268128.0,450,600,
ISIC_2586728,0.5699244080707981,0.8393534321728139,0.6183032651359492,618.9,0.23588879026881931,0.16839216386737255,0.3033854166702661,1.0294844741146871,6,True,False,True,False,True,fragmented(2_meaningful_blobs);edge_adjacent(margin_5px);oversized_mask,2,164980.0,450,600,
ISIC_2588440,0.15339201891506804,0.9783898044205471,0.19716228746276368,399.4,0.08739842931188552,0.07037887024328238,0.10441798838048866,0.9956624416283961,6,False,False,False,False,False,ok,1,95844.0,2448,3264,
ISIC_2591258,0.245099816613512,0.9663156845708022,0.3109668560462958,549.0,0.1761657521854062,0.098169188064267,0.2541623163065454,0.9876876137494052,6,False,False,False,False,True,oversized_mask,1,155829.0,450,600,
ISIC_2598537,0.35856101595083634,0.9278185373701511,0.386658187851458,572.5,0.22773356900817687,0.16158588976607868,0.29388124825027506,0.9722172083312665,6,False,False,False,False,False,ok,1,134482.0,450,600,
ISIC_2602794,0.23476935426428724,0.9556068861047645,0.2357796823374784,699.7,0.17111473446643194,0.1558626374007358,0.18636683153212807,1.0164570811518931,7,False,False,False,False,False,ok,1,286387.0,2448,3264,
ISIC_2604782,0.24011939007489458,0.9605214572905555,0.26052713412359085,293.4,0.1556260608243042,0.11902104593592511,0.19223107571268327,0.9595970721038415,5,False,False,False,False,False,ok,1,47198.0,450,600,
ISIC_2605163,0.4569299363612327,0.8424068149958664,0.32709205037069383,582.2,0.22140914237665316,0.22716405792452554,0.21565422682878077,1.0002674287149016,6,False,False,False,False,False,ok,1,117907.0,450,600,
ISIC_2609984,0.2570022499287421,0.9642411123419514,0.302231164928594,1205.6,0.18387886241108997,0.11444576346756297,0.253311961354617,0.9918925810820227,7,False,False,False,False,False,ok,1,712225.0,2848,4288,
ISIC_2614015,0.15872157223955774,0.9875214523180827,0.16354372945041448,549.0,0.13194807919537438,0.1602182142619245,0.10367794412882425,0.9753685610242175,6,False,False,False,False,False,ok,1,160909.0,2448,3264,
ISIC_2620132,0.40223932232203896,0.8829983891528091,0.3230308838139363,431.9,0.2825398608328774,0.22536687631661612,0.3397128453491387,0.9970407302111935,6,False,False,False,False,False,ok,1,108350.0,450,600,
ISIC_2621421,0.31003908971231264,0.9198253734945046,0.37775373894672076,424.5,0.15418430408339578,0.138316303087205,0.17005230507958657,1.0005020005105234,6,False,False,False,False,False,ok,1,105418.0,450,600,
ISIC_2625894,0.16496631780032123,0.9849103083779366,0.22982416520642854,427.9,0.1303785340974351,0.11427937613806449,0.14647769205680572,0.9940638206994767,6,False,False,False,False,False,ok,1,110506.0,2448,3264,
ISIC_2626164,0.45789428943157806,0.887889638545176,0.42790511297771366,1753.7,0.2338514898709843,0.24824599947896153,0.21945698026300708,0.9971569126141815,8,False,False,False,False,False,ok,1,1469673.0,2448,3264,
ISIC_2631078,0.28164041884812696,0.9968044216715289,0.31248478093861964,3765.5,0.22222416945979978,0.040271534200577164,0.4041768047190224,1.0100968825123176,8,False,False,True,False,True,edge_adjacent(margin_24px);oversized_mask,1,6241614.0,2448,3264,
ISIC_2631859,0.2765187673054813,0.9423846301961875,0.3292914209545308,417.2,0.18777891513393935,0.21304435484664264,0.16251347542123606,1.0045914458022356,6,False,False,False,False,False,ok,1,88631.0,450,600,
ISIC_2641217,0.3678765290152691,0.937200687840145,0.3209796252067584,453.9,0.25625110805347556,0.25648980337542204,0.2560124127315291,0.9546673940080551,5,False,False,False,False,False,ok,1,76566.0,450,600,
ISIC_2647453,0.29024481373826116,0.9456330087180179,0.26049081657455897,2649.7,0.17537446200779222,0.1609641409018383,0.18978478311374614,0.9872072814750886,8,False,False,False,False,False,ok,1,3207784.0,4000,6000,
ISIC_2663597,0.42278406250423495,0.8842392011553468,0.360131887487953,709.4,0.18355642686377283,0.17232781704414946,0.1947850366833962,0.9816799148797031,6,False,False,False,False,False,ok,1,208185.0,2448,3264,
ISIC_2668481,0.39626446727326026,0.8793651212261324,0.3843417962647822,1437.1,0.22911149012461768,0.17351360598880983,0.28470937426042553,0.9919487844491365,8,False,False,False,False,False,ok,1,1035601.0,1936,2592,
ISIC_2673443,0.24903851203984095,0.9727342395030856,0.21295253287024338,172.3,0.08720778778573751,0.061234177289459346,0.11318139828201568,0.9708928168771694,4,False,False,False,True,False,very_small_contour(lt_12445px),1,12252.0,450,600,
ISIC_2683683,0.2519297253382027,0.952691693926359,0.4533903943167902,439.1,0.1579880615606551,0.1540921129194327,0.16188401020187748,0.9782058966663381,6,False,False,True,False,False,edge_adjacent(margin_5px),1,114325.0,450,600,
ISIC_2685593,0.20889296151995673,0.9996248195839673,0.19862257657954183,3918.3,0.021144688118762023,0.022014557434297255,0.02027481880322679,1.0123852411535676,9,False,False,True,False,True,edge_adjacent(margin_24px);oversized_mask,1,7773504.0,2448,3264,
ISIC_2687175,0.16067963241508953,0.9838098133814445,0.1869915836941751,912.3,0.1022538020680297,0.11598350080470943,0.08852410333134997,0.9799782824370055,7,False,False,False,False,False,ok,1,489736.0,2448,3264,
ISIC_2691236,0.14990562366861604,0.986993805075507,0.16803494300836358,690.7,0.107605236342388,0.10545627120881784,0.10975420147595816,0.9763132278776886,7,False,False,False,False,False,ok,1,267462.0,2448,3264,
ISIC_2693316,0.22608943858914576,0.9614683774278621,0.24539360473497746,700.0,0.1420720701178188,0.1993027855086673,0.0848413547269703,1.0103406325066597,7,False,False,False,False,False,ok,1,268672.0,2448,3264,
ISIC_2694332,0.19742348249011854,0.9868691185466368,0.17288883141413397,356.9,0.13814276778890866,0.1899267399391037,0.08635879563871363,0.9691309483493388,5,False,False,False,False,False,ok,1,59299.0,1936,2592,
ISIC_2701902,0.28497229870245766,0.9350388812143977,0.39879065153327675,469.5,0.14829755753500862,0.10487606410314787,0.19171905096686936,0.984458133752295,6,False,False,False,False,False,ok,1,121105.0,450,600,
ISIC_2702619,0.3509634692983171,0.9306603205474197,0.36776722250093274,633.6,0.25981715764158364,0.3727899804624747,0.1468443348206926,0.9896707979972681,6,False,False,False,False,False,ok,1,209494.0,2448,3264,
ISIC_2710427,0.34302816681800186,0.9521167883211679,0.4196652028355046,311.9,0.16218554706756544,0.12827694868203687,0.196094145453094,0.9486265044164839,5,False,False,False,False,False,ok,1,42773.0,450,600,
ISIC_2712088,0.17478375656653644,0.9873839512123562,0.2203887558784553,220.8,0.09641419184861089,0.09572936663884646,0.09709901705837531,0.9907204318343927,5,False,False,False,False,False,ok,1,23818.0,2448,3264,
ISIC_2713587,0.22821029437501728,0.9605398828168904,0.3172440863377031,389.0,0.08791696843559316,0.09697914862533952,0.0788547882458468,0.9876967087718594,6,False,False,False,False,False,ok,1,98830.0,450,600,
ISIC_2717192,0.4292299992650508,0.9006166278506338,0.4142777825594262,800.1,0.23953839469243005,0.23278470566953668,0.2462920837153234,1.0003090646574173,6,True,False,False,False,False,fragmented(2_meaningful_blobs),2,231471.0,2448,3264,
ISIC_2721975,0.2687923643821367,0.9449887797379526,0.15104512888496566,701.6,0.24374944949461957,0.2568834073683297,0.23061549162090944,0.9791039746317015,6,False,False,False,False,False,ok,1,222783.0,2448,3264,
ISIC_2728309,0.3147907460354158,0.9317457946041884,0.2554847585740417,1965.6,0.22592161400260063,0.19541042004920872,0.25643280795599255,0.9796568994647834,8,False,False,False,False,False,ok,1,1664437.0,2448,3264,
ISIC_2738630,0.38197148159656147,0.9430900581949189,0.2516370269095132,1417.1,0.15750652366658702,0.1842089385005039,0.13080410883267013,0.9801543190317703,7,False,False,False,False,False,ok,1,637140.0,2448,3264,
ISIC_2741716,0.11598288794904099,0.9928781742284948,0.14851884998683876,499.0,0.06971088177559726,0.0995404912533484,0.039881272297846104,0.9826462076633758,6,False,False,False,False,False,ok,1,160488.0,2448,3264,
ISIC_2745537,0.43905861230023335,0.9005564189870564,0.36825912531584915,475.7,0.3819043533872431,0.2722541521555838,0.4915545546189024,0.9860324806280197,5,False,False,False,False,False,ok,1,76359.0,450,600,
ISIC_2747022,0.3152833018614615,0.9413497639492956,0.29981054075385255,349.6,0.1157244320733733,0.0979961263576804,0.1334527377890662,0.9661799126012945,5,True,False,False,False,False,fragmented(2_meaningful_blobs),2,51061.0,450,600,
ISIC_2752768,0.5741655233046168,0.8696002539620522,0.5267528231789196,559.2,0.2554239037957934,0.1824266764108714,0.32842113118071536,1.0005282923491667,6,False,False,False,False,False,ok,1,89736.0,450,600,
ISIC_2752919,0.22787288800743588,0.9549258166627188,0.19276299278040632,1110.3,0.15683107131567564,0.15352348295179463,0.16013865967955665,0.9760876012649612,7,False,False,False,False,False,ok,1,666561.0,2448,3264,
ISIC_2753382,0.13217383752050138,0.9822184315080325,0.21100200719574966,261.6,0.0635461339934032,0.04902753545029093,0.07806473253651547,0.9712169010723202,5,False,False,False,False,False,ok,1,45840.0,450,600,
ISIC_2756237,0.246214524100402,0.9709593659595358,0.24128864043930692,1063.3,0.11787670254283428,0.08397132291108977,0.15178208217457878,0.9731028776693235,7,False,False,False,False,False,ok,1,472925.0,2448,3264,
ISIC_2757332,0.16826806454626553,0.9685131153293373,0.2192667498188774,583.8,0.0843256907281485,0.09129527711863716,0.07735610433765983,0.9697617187702452,7,False,False,False,False,False,ok,1,202237.0,2448,3264,
ISIC_2757370,0.5021786857822609,0.7729890290695118,0.36865418236256126,544.4,0.29814379848113876,0.36750715803502154,0.22878043892725597,0.9911566688090416,6,False,False,False,False,False,ok,1,123863.0,2448,3264,
ISIC_2761622,0.17621041759526357,0.9928113093493165,0.20043102069493704,1544.0,0.09226582321858878,0.10297125276301888,0.08156039367415868,0.9970678101618873,7,False,False,False,False,False,ok,1,1175435.0,2848,4288,
ISIC_2765997,0.42909648701239667,0.9056010958665826,0.4918024296959825,310.4,0.1992671204162927,0.21206068592044414,0.18647355491214124,0.9873275878005151,5,False,False,False,False,False,ok,1,42064.0,450,600,
ISIC_2766590,0.2346292025573734,0.9652575333502963,0.34943176791901176,1007.1,0.09988280975294139,0.10995042325223803,0.08981519625364476,0.9955058403333014,7,False,False,False,False,False,ok,1,598842.0,2448,3264,
ISIC_2783831,0.32315519454906216,0.9239795637072024,0.44195272077334596,401.7,0.1944338518729583,0.16222698696113103,0.2266407167847856,1.001981322726784,6,False,False,False,False,False,ok,1,101139.0,450,600,
ISIC_2787702,0.2554093929003467,0.9598950340925202,0.2704418029337669,1133.7,0.12039267600095299,0.1379381742152067,0.10284717778669927,1.0040170144959852,7,False,False,False,False,False,ok,1,539583.0,1936,2592,
ISIC_2790630,0.23520429155344003,0.9364852451174901,0.24056532594904714,388.7,0.1822460664893223,0.25065595608877955,0.11383617688986503,1.0109026022809482,6,False,False,False,False,False,ok,1,86674.0,1936,2592,
ISIC_2793180,0.3932524810829574,0.8720511562140125,0.33910000639652416,439.1,0.3396430874094042,0.31595132287678873,0.36333485194201964,1.0030017611064344,6,False,False,False,False,False,ok,1,90181.0,450,600,
ISIC_2793989,0.1490976028872304,0.9842301882697816,0.2846931713031525,728.0,0.07758396298534287,0.0583948033330679,0.09677312263761784,1.007413125586367,7,False,False,False,False,False,ok,1,286647.0,1936,2592,
ISIC_2797353,0.1986404813742325,0.9652042544909631,0.3269231986710987,1451.0,0.08606251723533015,0.07997136637257696,0.09215366809808334,1.004547197118628,8,False,False,False,False,False,ok,1,1107770.0,2848,4288,
ISIC_2798950,0.30437539360273447,0.9739407753211528,0.19718922529941604,1174.4,0.1334597959838414,0.1174023346381835,0.14951725732949928,0.9972168085084374,7,False,False,False,False,False,ok,1,480270.0,2448,3264,
ISIC_2803072,0.2407433793564463,0.9473242426761252,0.22196555418476763,805.0,0.17122189523067466,0.18829260668163317,0.15415118377971615,0.9915503935977139,7,False,False,False,False,False,ok,1,348657.0,2448,3264,
ISIC_2808223,0.14111572334353972,0.9834981946427072,0.16116843945892356,499.1,0.16296160728344072,0.17013543119417118,0.15578778337271026,0.9812891307543775,6,False,False,False,False,False,ok,1,147005.0,2448,3264,
ISIC_2822718,0.23372162997068746,0.964425331845814,0.20828444401943988,1305.3,0.09865552735903271,0.09015791985264776,0.10715313486541767,0.9869315793178347,8,False,False,False,False,False,ok,1,848774.0,2448,3264,
ISIC_2823287,0.17817764126990587,0.9764448325758318,0.25600594830700335,2458.9,0.08790530543623593,0.08217228365061446,0.09363832722185739,0.9923783767250688,8,False,False,False,False,False,ok,1,3180848.0,2848,4288,
ISIC_2832798,0.33654277255155374,0.9211292887622227,0.2982297048686898,342.0,0.22684544972822474,0.2209242657607997,0.23276663369564976,0.9737427731939917,6,False,False,False,False,False,ok,1,58954.0,450,600,
ISIC_2839742,0.658093997178006,0.8266142015048452,0.6239039984240197,2476.3,0.2888608175282505,0.2037706195877369,0.3739510154687641,1.0375068452873875,8,True,False,True,False,True,fragmented(2_meaningful_blobs);edge_adjacent(margin_19px);oversized_mask,2,2563153.0,1936,2592,
ISIC_2841861,0.26903621106981646,0.9690813341567956,0.20250602705303278,823.8,0.09437284994967987,0.06425300726209071,0.12449269263726903,0.971320254639891,6,False,False,False,False,False,ok,1,262955.0,2448,3264,
ISIC_2844539,0.21306507634662297,0.9585209953549514,0.23491641118795514,436.8,0.12325434632707616,0.13677329055459686,0.10973540209955546,0.9882284403904514,6,False,False,False,False,False,ok,1,109206.0,1936,2592,
ISIC_2851725,0.35696852984131255,0.9047419837612981,0.3332755033608414,423.5,0.14142432041700564,0.11980154677854216,0.16304709405546913,1.0010020959818633,6,True,False,False,False,False,fragmented(2_meaningful_blobs),2,77303.0,450,600,
ISIC_2851842,0.32312659072705463,0.9544518308350627,0.3691797557466881,1245.4,0.14672545251654795,0.13062380806324803,0.16282709696984787,0.9975846111278005,7,True,False,False,False,False,fragmented(2_meaningful_blobs),2,743032.0,2448,3264,
ISIC_2855242,0.39366084982475646,0.886179364025266,0.36042338533976065,469.7,0.22013264014536105,0.20093822081540313,0.23932705947531896,0.973667614230985,6,False,False,False,False,False,ok,1,115426.0,450,600,
ISIC_2861892,0.24562823484079177,0.938364901966222,0.3287631088487639,236.5,0.1607940728182397,0.18199243918902108,0.13959570644745833,0.9790107180687969,5,False,False,False,False,False,ok,1,34158.0,450,600,
ISIC_2869606,0.31904289075766257,0.9712754067144099,0.3598511618735475,1474.9,0.12769659652553872,0.12012656203696326,0.13526663101411418,0.9867247489678309,7,False,False,False,False,False,ok,1,822872.0,2448,3264,
ISIC_2869677,0.15994744566869334,0.984905212089626,0.16453501021508407,494.3,0.11012410476454881,0.15693388949805065,0.06331432003104698,0.997020608998992,6,False,False,False,False,False,ok,1,129100.0,2448,3264,
ISIC_2879057,0.4849715532445066,0.9135477444144016,0.581897043871988,625.9,0.28006319567423515,0.12153030898389561,0.4385960823645747,1.004553425076828,6,False,False,True,False,True,edge_adjacent(margin_5px);oversized_mask,1,135608.0,450,600,
ISIC_2879103,0.1568106840475132,0.9810384156773291,0.17914166340073473,265.8,0.13583365443556467,0.1498109182791183,0.12185639059201103,0.9719544722725447,5,False,False,False,False,False,ok,1,38176.0,2448,3264,
ISIC_2880255,0.35155379570886314,0.9517535013532336,0.2806381305067139,1628.1,0.1783157214797818,0.14680629393466937,0.20982514902489424,0.9842912087895943,7,False,False,False,False,False,ok,1,903094.0,2448,3264,
ISIC_2883463,0.38718192120172157,0.9380354612781734,0.28217917150120014,3289.1,0.26334175777775426,0.2009868261021902,0.3256966894533183,0.9912095888880424,8,False,False,False,False,False,ok,1,3525186.0,2848,4288,
ISIC_2884038,0.3468755419835484,0.9000853504202352,0.2773449647941737,983.8,0.17390399211506208,0.18171108758047072,0.16609689664965344,0.974876935034013,7,False,False,False,False,False,ok,1,429370.0,2448,3264,
ISIC_2894216,0.5102891164575849,0.8100227100681302,0.2668248971554231,188.0,0.40775324175358374,0.25073746317489176,0.5647690203322757,0.9903417851291971,5,False,False,False,False,False,ok,1,13622.0,450,600,
ISIC_2899773,0.17727293222554985,0.977383386923227,0.280524633107902,1221.3,0.10234330263081665,0.10932682144657535,0.09535978381505794,0.9779267631076797,7,False,False,False,False,False,ok,1,778151.0,2448,3264,
ISIC_2901680,0.27539430625524575,0.9565823694740707,0.18702984548658216,605.0,0.25282391904375007,0.28052658991322943,0.2251212481742707,0.9980243119459545,6,False,False,False,False,False,ok,1,155767.0,2448,3264,
ISIC_2916754,0.425470613335584,0.83980383654323,0.3505611535130034,1309.8,0.34136331081100724,0.3419304890548347,0.3407961325671798,0.9821327620036052,7,False,False,False,False,False,ok,1,702778.0,2448,3264,
ISIC_2922381,0.3464283836527333,0.917037831490958,0.25705687602340765,926.4,0.2207192850119098,0.21455115866133267,0.2268874113624869,0.9728983055331294,7,False,False,False,False,False,ok,1,361949.0,1936,2592,
ISIC_2925746,0.19678384229322987,0.9683922702028789,0.31404868222087684,241.5,0.12943740336465226,0.09435421502888208,0.16452059170042244,0.9976039574410297,5,False,False,False,False,False,ok,1,34499.0,450,600,
ISIC_2926418,0.31129183756096135,0.9647840595924811,0.42064271748752213,466.9,0.14294459315166314,0.132547864514713,0.15334132178861326,0.9888939341971833,6,True,False,False,False,False,fragmented(3_meaningful_blobs),3,100168.0,450,600,
ISIC_2930366,0.31449783226893957,0.9228453878253051,0.31923658424787615,432.5,0.24396430241780004,0.1962671831169185,0.2916614217186816,0.97588550821189,6,False,False,False,False,False,ok,1,94996.0,450,600,
ISIC_2939439,0.15818384949353448,0.9875231188046799,0.24054902784507823,458.0,0.10421252796343006,0.14857488447764955,0.059850171449210565,0.9889988913163638,6,False,False,False,False,False,ok,1,119394.0,2448,3264,
ISIC_2943089,0.27097776830381715,0.9567921456784827,0.26081753830210763,1434.6,0.16653951946151546,0.1802605876937009,0.15281845122933002,0.9854285728632397,8,False,False,False,False,False,ok,1,949416.0,2448,3264,
ISIC_2944098,0.24418749141743057,0.9559931636916066,0.25209822255631814,1014.6,0.09534404103618505,0.09920446584118847,0.09148361623118162,1.0003646313929853,7,False,False,False,False,False,ok,1,504630.0,2448,3264,
ISIC_2951492,0.3595464838351474,0.937955975490352,0.329339382700823,2364.8,0.20039797080248573,0.23951267349334315,0.1612832681116283,0.9781317719492335,8,False,False,False,False,False,ok,1,2006781.0,2448,3264,
ISIC_2954389,0.24635210039251698,0.9640604385322883,0.1939977443049008,939.9,0.1575660924829807,0.1528754617002458,0.1622567232657156,0.9885590867146479,7,False,False,False,False,False,ok,1,408150.0,2448,3264,
ISIC_2957465,0.2980060343307285,0.949271547993969,0.2218150765808062,367.8,0.20082162326385689,0.06334188005013652,0.33830136647757725,0.9680224916996097,5,False,False,False,False,False,ok,1,53630.0,2448,3264,
ISIC_2959395,0.21885409070124795,0.956351323997571,0.28183968424037503,407.9,0.11290241946055207,0.11818525656828527,0.10761958235281888,0.9716595320314296,6,False,False,False,False,False,ok,1,104486.0,450,600,
ISIC_2961262,0.487670634018211,0.9012347480880378,0.3817903230132155,321.8,0.21098193987311897,0.2170241898899754,0.20493968985626254,0.9948694397834591,5,True,False,False,False,False,fragmented(2_meaningful_blobs),2,31252.0,450,600,
ISIC_2961437,0.2574763583040468,0.9522141997593261,0.37994377479941543,267.3,0.11158080314432867,0.09532442750249703,0.1278371787861603,0.9795552021054756,5,False,False,False,False,False,ok,1,39921.0,450,600,
ISIC_2963084,0.5731353291698513,0.7753407931863697,0.5101627093497862,485.5,0.3977854803586447,0.48430382326349275,0.31126713745379664,0.9790528797665745,6,False,False,False,False,False,ok,1,104889.0,450,600,
ISIC_2973607,0.690007378929193,0.761554555633268,0.4952658560806315,597.6,0.3567832601953593,0.3675290043333851,0.34603751605733346,1.0229750265154236,6,True,False,True,False,False,fragmented(3_meaningful_blobs);edge_adjacent(margin_5px),3,127886.0,450,600,
ISIC_2979177,0.24256568169053205,0.942445909417097,0.2812351865868903,840.0,0.15976981170959842,0.15302285919369507,0.16651676422550177,0.9825739921739547,7,True,False,False,False,False,fragmented(2_meaningful_blobs),2,381279.0,2448,3264,
ISIC_2988993,0.23198689719594234,0.98306951767345,0.16530029480996578,787.8,0.11667600158289576,0.16577540107249278,0.06757660209329874,0.9860883334530925,6,False,False,False,False,False,ok,1,257930.0,2448,3264,
ISIC_2995868,0.22889159796973113,0.9996326334820833,0.28055698880750674,3167.7,0.007221896322867238,0.010349025807750323,0.004094766837984154,1.0102187727135967,8,False,False,True,False,True,edge_adjacent(margin_19px);oversized_mask,1,4854763.0,1936,2592,
ISIC_2996240,0.14304404910785895,0.9889942337547128,0.25265400537004523,540.2,0.058283375295821005,0.0633779210016362,0.053188829590005815,0.9801343877040456,6,False,False,False,False,False,ok,1,179084.0,2448,3264,
ISIC_2996843,0.2985986723340184,0.9732429625932754,0.28862606811465014,389.5,0.10160883602644966,0.14114013090798916,0.06207754114491015,0.9685115750039708,5,False,False,False,False,False,ok,1,60914.0,450,600,
ISIC_3002956,0.41132070363343254,0.8883371159746456,0.4013694318148433,2232.7,0.1732857429666808,0.188111733106611,0.15845975282675062,1.005638694317511,8,True,False,False,False,False,fragmented(2_meaningful_blobs),2,1682396.0,2448,3264,
ISIC_3006001,0.24533641744846768,0.963337012890072,0.3111162595216097,980.1,0.1122152745068502,0.13127901534596775,0.09315153366773266,0.9821993796133207,7,False,False,False,False,False,ok,1,443193.0,2848,4288,
ISIC_3006692,0.2570506941330841,0.9463122387152986,0.30924016757552486,486.8,0.1087821895499389,0.12281725688837586,0.09474712221150194,0.9994187064819424,6,False,False,False,False,False,ok,1,118995.0,450,600,
ISIC_3021712,0.2361244979992,0.9560155199372414,0.2245819865054322,3460.4,0.17631560089233939,0.13620501034782817,0.2164261914368506,0.9879309927880559,9,False,False,False,False,False,ok,1,5885647.0,2848,4288,
ISIC_3023646,0.42949568358613865,0.9493490063251188,0.5874094569292654,4299.9,0.14010315078953145,0.13097544299479225,0.14923085858427065,1.0231612159066252,9,True,False,False,False,True,fragmented(2_meaningful_blobs);oversized_mask,2,8934500.0,2848,4288,
ISIC_3025889,0.17218284931710182,0.9787257964086978,0.2528780551109433,2761.0,0.1120075729808635,0.13506502292800981,0.08895012303371719,0.9867056561946781,9,False,False,False,False,False,ok,1,4282100.0,2848,4288,
ISIC_3032936,0.18985095847576983,0.9793668132918492,0.24000310545854647,431.8,0.06307958951130588,0.060450012498698635,0.06570916652391312,0.974909103837,6,False,False,False,False,False,ok,1,100948.0,450,600,
ISIC_3033732,0.27406015183584753,0.9578770409795341,0.34532853604463115,398.8,0.14241830335997369,0.09583848595225763,0.18899812076768974,0.987560764688777,6,False,False,False,False,False,ok,1,70839.0,450,600,
ISIC_3048228,0.2875423882078373,0.9272900148516019,0.3942784000967077,309.9,0.15600452741717175,0.19953961716744084,0.11246943766690265,1.009372098982643,6,False,False,False,False,False,ok,1,59442.0,450,600,
ISIC_3060145,0.2987587545719683,0.9780589478887599,0.19684237236009086,1138.8,0.10373550670880405,0.05419510764358948,0.15327590577401862,0.9896311804551404,7,False,False,False,False,False,ok,1,444427.0,2448,3264,
ISIC_3065175,0.171335579800317,0.9812042946358832,0.14680953703498492,870.3,0.18623501947143772,0.16288788506905227,0.20958215387382317,0.9897705042016438,7,False,False,False,False,False,ok,1,423778.0,2448,3264,
ISIC_3069511,0.15403439294866583,0.9808292192126132,0.19915973458130978,484.9,0.11475047918306297,0.0982024756053369,0.13129848276078904,0.9801671514918862,6,False,False,False,False,False,ok,1,136593.0,2448,3264,
ISIC_3073605,0.2269217494977558,0.9999978524169193,0.28357309085436483,3985.2,0.007137203525737046,0.006920772219156768,0.007353634832317324,1.012017053054241,9,False,False,True,False,True,edge_adjacent(margin_24px);oversized_mask,1,7688626.0,2448,3264,
ISIC_3073821,0.31218507911879334,0.9528412333718701,0.4610284459651234,375.7,0.10759520786722743,0.10401850247030897,0.11117191326414588,0.988172182352311,5,False,False,False,False,False,ok,1,65580.0,450,600,
ISIC_3085336,0.15014155502617066,0.9823107161169031,0.23320734448208658,103.5,0.09864795201671656,0.08818743913306426,0.10910846490036885,0.9445787874889533,4,False,False,False,True,False,very_small_contour(lt_12445px),1,5875.0,450,600,
ISIC_3090517,0.2571505321795453,0.9790098092410489,0.2755700213933622,748.0,0.20054435319341324,0.19096380131471968,0.2101249050721068,1.0004714445972616,6,False,False,True,False,True,edge_adjacent(margin_5px);oversized_mask,1,240628.0,450,600,
ISIC_3093026,0.20354495301529119,0.976416072539527,0.32386392663242214,791.1,0.13280107902118704,0.07063841380856828,0.1949637442338058,1.00520662317014,7,False,False,False,False,False,ok,1,410740.0,1936,2592,
ISIC_3094758,0.4269723567547392,0.9030250273164141,0.592852748191617,2997.8,0.17767857679792548,0.16156718425612837,0.1937899693397226,0.9999623458096754,9,True,False,True,False,True,fragmented(2_meaningful_blobs);edge_adjacent(margin_24px);oversized_mask,2,4180652.0,2448,3264,
ISIC_3106964,0.20003059513302635,0.9619931536131519,0.20542094936507313,721.8,0.17514586061484622,0.14302884615634626,0.20726287507334618,0.9899857538705715,7,False,False,False,False,False,ok,1,318262.0,2448,3264,
ISIC_3112053,0.18509323983873172,0.9776161729350414,0.26487916215109875,1088.4,0.08089268031488117,0.07742565335073981,0.08435970727902253,1.009705738000318,7,False,False,False,False,False,ok,1,640037.0,2448,3264,
ISIC_3117505,0.2751659155761481,0.9850523789583326,0.6283257487879299,1985.3,0.05781472005274779,0.06765549878538235,0.047973941320113234,1.0026515747651268,8,False,False,False,False,False,ok,1,2102188.0,2848,4288,
ISIC_3133338,0.41105147192900926,0.8923732778343402,0.47493496664655693,978.1,0.21914741754123124,0.21585153006308044,0.22244330501938203,1.0159153811043578,7,False,False,False,False,False,ok,1,418069.0,2448,3264,
ISIC_3136432,0.16736656408012973,0.9927653279831332,0.17977633530298387,329.2,0.1691594529085682,0.21609384022827816,0.12222506558885826,0.9880187654499493,6,False,False,False,False,False,ok,1,58787.0,2448,3264,
ISIC_3144222,0.34618392178475155,0.929482449824766,0.3025316493277997,886.2,0.2480950081287699,0.2516346266807664,0.24455538957677336,0.9922124398140194,6,False,False,False,False,False,ok,1,313508.0,1936,2592,
ISIC_3147084,0.35458631849848465,0.9031318932401992,0.3761409163933484,1934.9,0.20170196942004703,0.19918370733823287,0.2042202315018612,0.9851694311841549,8,False,False,False,False,False,ok,1,1739690.0,2448,3264,
ISIC_3157648,0.2006870711681883,0.9710343513355324,0.2774748613257613,450.3,0.16744364990467536,0.10866698318027934,0.22622031662907138,0.9868401558106535,6,False,False,False,False,False,ok,1,107569.0,450,600,
ISIC_3157754,0.22001041770861762,0.9684257147630277,0.21318846536245273,510.9,0.1894749723824835,0.1018110176623338,0.2771389271026332,1.0000326619980588,6,False,False,False,False,False,ok,1,125246.0,2448,3264,
ISIC_3160291,0.09559165004346204,0.9967025030928605,0.12294957655282597,1192.4,0.04821859446299809,0.04065483756262067,0.055782351363375504,0.9883412157392623,8,False,False,False,False,False,ok,1,963520.0,4000,6000,
ISIC_3162488,0.2968816458436444,0.939100868908198,0.30702903725071135,361.2,0.18325290239173703,0.09463943260335084,0.2718663721801232,0.9835908929378274,6,False,False,False,False,False,ok,1,62593.0,450,600,
ISIC_3164108,0.4422660756295177,0.9098846699072977,0.4659154406390237,710.0,0.13709777858290212,0.13025290893773322,0.143942648228071,1.009718165312966,6,True,False,True,False,True,fragmented(2_meaningful_blobs);edge_adjacent(margin_5px);oversized_mask,2,204485.0,450,600,
ISIC_3166167,0.17943751127096297,0.9686316389007547,0.25579834549661645,474.7,0.1551368854416122,0.12123960695993108,0.1890341639232933,0.9858559269677333,6,False,False,False,False,False,ok,1,136703.0,2448,3264,
ISIC_3174039,0.33461014531611466,0.8921367251277189,0.260648130810698,251.2,0.3115538345121043,0.39285267244358324,0.23025499658062532,1.006447040291495,5,False,False,False,False,False,ok,1,25725.0,2448,3264,
ISIC_3179153,0.12508474925799773,0.9930443990068644,0.14042792097337953,308.1,0.1302275185253678,0.14904901862860964,0.11140601842212594,0.98071408903161,5,False,False,False,False,False,ok,1,54787.0,2448,3264,
ISIC_3188100,0.11798120503959786,0.9931571815718158,0.14874038280029153,224.1,0.10770217761853446,0.07431509080906118,0.14108926442800773,0.9849651942919653,5,False,False,False,False,False,ok,1,29597.0,2448,3264,
ISIC_3191687,0.28762057714780465,0.9269435867017906,0.30053081900942036,390.4,0.23052886818461976,0.22660534230467655,0.23445239406456297,0.9840901216794404,6,False,False,False,False,False,ok,1,80199.0,450,600,
ISIC_3199142,0.1846454610430991,0.9921304798127051,0.1305526474295418,748.1,0.11206664912211228,0.16994529906016487,0.0541879991840597,0.98963444374275,7,False,False,False,False,False,ok,1,285876.0,2448,3264,
ISIC_3203344,0.17631971591781137,0.9739510037623137,0.2255036227628349,912.2,0.08950034548884805,0.0891889461038361,0.08981174487386001,0.9934542919992637,7,False,False,False,False,False,ok,1,509873.0,1936,2592,
ISIC_3210830,0.2615480153550638,0.9422846142718114,0.276751525375935,1008.3,0.1807740091945632,0.20950454688113906,0.15204347150798736,0.9917693040410476,7,False,False,False,False,False,ok,1,574540.0,4000,6000,
ISIC_3211851,0.3306835373708502,0.9324414027805047,0.3812827022477984,311.4,0.20527337639457693,0.11653684842876466,0.2940099043603892,0.9687992105121502,5,False,False,False,False,False,ok,1,50296.0,450,600,
ISIC_3213484,0.2815129803379257,0.9713024067271329,0.2281044187406395,1048.2,0.18264230112793622,0.25970663355113277,0.10557796870473968,0.9734035029401739,7,False,False,False,False,False,ok,1,449377.0,2448,3264,
ISIC_3222339,0.24883553260978009,0.9523079093056878,0.20772668467078664,422.1,0.1700132667997239,0.17763761212308882,0.16238892147635897,0.9822387412833804,6,False,False,False,False,False,ok,1,81515.0,2448,3264,
ISIC_3223440,0.20084484772619904,0.9707791626107054,0.2640221142003212,377.5,0.13117588119132362,0.1569312622679967,0.10542050011465054,1.0002414443498722,6,False,False,False,False,False,ok,1,81761.0,450,600,
ISIC_3225420,0.4096646249530821,0.9178579512018469,0.425086388739635,373.6,0.1931693348016555,0.11307107537248007,0.2732675942308309,0.9991898841221769,5,True,False,False,False,False,fragmented(2_meaningful_blobs),2,51136.0,450,600,
ISIC_3225894,0.2151010739590712,0.952526314851291,0.1929001276717746,470.5,0.16467901884273728,0.1654628349028784,0.16389520278259617,0.9832974022691068,6,False,False,False,False,False,ok,1,107442.0,2448,3264,
ISIC_3235082,0.3136569758865162,0.9480300235879109,0.4332445470135513,1812.9,0.25606696107095755,0.2846149635459596,0.2275189585959555,1.0056937522125555,8,True,False,True,False,False,fragmented(4_meaningful_blobs);edge_adjacent(margin_24px),4,1587250.0,2448,3264,
ISIC_3248418,0.153610652572868,0.9847562790144031,0.2089649113969675,323.3,0.09335741617256971,0.07264994359470156,0.11406488875043785,0.972065989597493,6,False,False,False,False,False,ok,1,66612.0,450,600,
ISIC_3251405,0.2732487312960733,0.9291303192236468,0.22209717388316857,679.3,0.2071609350979195,0.27485290808252083,0.13946896211331816,0.9717419791204137,6,False,False,False,False,False,ok,1,215821.0,2448,3264,
ISIC_3253484,0.26439981543070035,0.9367217329572709,0.27603621172674464,863.9,0.16019541367726037,0.15505214205398654,0.1653386853005342,0.9819203987935073,7,False,False,False,False,False,ok,1,367193.0,1936,2592,
ISIC_3259871,0.28337021134689666,0.9703506525032856,0.2538752148465847,540.1,0.167153452906868,0.15973956193969674,0.17456734387403927,0.9564486055936108,6,False,False,False,False,False,ok,1,116528.0,450,600,
ISIC_3264605,0.11669065293421965,0.9945428251794046,0.1615299236665354,244.2,0.056716121821154486,0.05800010567170255,0.05543213797060642,0.9587522070296665,5,False,False,False,False,False,ok,1,36762.0,2448,3264,
ISIC_3267363,0.38324817726229066,0.8812808634119025,0.33383585153394435,146.8,0.19299253643364606,0.21866182998602768,0.16732324288126443,0.9429891210869569,4,True,False,False,True,False,fragmented(2_meaningful_blobs);very_small_contour(lt_12445px),2,8841.0,450,600,
ISIC_3268800,0.3865615312784463,0.9158397531412147,0.5220587482688889,307.9,0.13395672686764365,0.11998796684172097,0.14792548689356633,1.0105488365079947,5,True,False,False,False,False,fragmented(2_meaningful_blobs),2,43741.0,450,600,
ISIC_3285892,0.19879359851031186,0.9723534163399734,0.2874426568862403,2574.8,0.10823803576239416,0.12646216630405227,0.09001390522073605,1.0006077746573883,9,False,False,False,False,False,ok,1,4095410.0,4000,6000,
ISIC_3286597,0.18262040662934287,0.9892096286697252,0.19939746518501927,749.5,0.08100875543145453,0.07139244474219297,0.09062506612071608,0.9800491002703516,6,False,False,False,False,False,ok,1,270737.0,2848,4288,
ISIC_3288032,0.34463279057553675,0.9179998885110653,0.3810547140585707,181.7,0.13054714072407436,0.14330148860568204,0.11779279284246669,1.00366570859148,5,False,False,False,False,False,ok,1,16716.0,450,600,
ISIC_3314382,0.13952954649718374,0.9923207236579246,0.17990138301468725,340.8,0.07088346097475384,0.06126690657865019,0.08050001537085749,0.9792629586406154,6,False,False,False,False,False,ok,1,62497.0,2448,3264,
ISIC_3320667,0.2275010519849915,1.0,0.28549935238105845,734.3,0.01742950425023515,0.03431681682044174,0.0005421916800285587,1.0012856112443156,6,False,False,True,False,True,edge_adjacent(margin_5px);oversized_mask,1,261829.0,450,600,
ISIC_3323866,0.4256124777270247,0.8805551022245733,0.24710676084275776,1279.0,0.16562424061358538,0.2504683616911195,0.08078011953605124,0.9848891882169933,7,False,False,False,False,False,ok,1,549124.0,2448,3264,
ISIC_3326332,0.26473118757806,0.9650269330696329,0.189902944509344,723.3,0.21912695027136603,0.15565467603788374,0.2825992245048483,0.9834186440291453,7,False,False,False,False,False,ok,1,236529.0,2448,3264,
ISIC_3327928,0.22475052064221923,0.9702423110767712,0.2298104129794619,310.9,0.14096341507473859,0.08520292414324004,0.19672390600623713,0.9566358532693309,5,False,False,False,False,False,ok,1,45574.0,450,600,
ISIC_3331737,0.501340202927166,0.8419146982596288,0.5410554936045429,2466.0,0.26291012757993026,0.20653831473221473,0.3192819404276458,1.0168889570840451,9,False,False,True,False,False,edge_adjacent(margin_24px),1,2949788.0,2448,3264,
ISIC_3332716,0.20573751262974527,0.9765319074239109,0.20967362949267246,537.2,0.11945094822279045,0.10043022318499284,0.13847167326058807,0.9620838688417928,6,False,False,False,False,False,ok,1,127160.0,2448,3264,
ISIC_3335505,0.20442354244851246,0.978419090371233,0.1648087071667409,621.0,0.1837173124782157,0.26269373096564375,0.10474089399078768,0.9772562929927576,6,False,False,False,False,False,ok,1,209153.0,2448,3264,
ISIC_3335904,0.5873079177404481,0.8467182578450886,0.1799436415926201,1818.4,0.23426547026239314,0.19353327354788463,0.27499766697690164,0.974049944101984,7,False,False,False,False,False,ok,1,628482.0,2448,3264,
ISIC_3336908,0.34383876835745264,0.9107632895468243,0.29455387218223317,418.7,0.23383823095461842,0.17681139188448958,0.29086507002474726,0.9852306855414624,6,False,False,False,False,False,ok,1,78356.0,450,600,
ISIC_3338629,0.1464834217050175,0.9813956502419275,0.2092586209486996,1204.5,0.07888619561807636,0.06845397495976191,0.08931841627639081,0.9943850505774878,8,False,False,False,False,False,ok,1,955753.0,2448,3264,
ISIC_3339372,0.17797290432078117,0.99527876732907,0.17986915437486545,264.7,0.11699647061102714,0.08928668591628253,0.14470625530577175,1.0179999407072242,5,False,False,False,False,False,ok,1,35117.0,2448,3264,
ISIC_3344295,0.16063823725549142,0.9837517854847667,0.2772063989020587,571.6,0.08337032902356922,0.08647171620763916,0.08026894183949929,0.9827380774389131,6,False,False,True,False,True,edge_adjacent(margin_5px);oversized_mask,1,203600.0,450,600,
ISIC_3360186,0.26720107748578714,0.9456378422203477,0.36000505591054605,441.5,0.1396107761406874,0.11353995677555673,0.16568159550581807,0.9805276912553408,6,False,False,False,False,False,ok,1,116075.0,450,600,
ISIC_3360646,0.17638276653592555,0.9928584656307345,0.1422454314408911,555.0,0.11001054135281424,0.1051129455486971,0.11490813715693138,0.9797007553492065,6,False,False,False,False,False,ok,1,148062.0,2448,3264,
ISIC_3362091,0.29196659436209227,0.9507964028502839,0.2860260742570617,486.8,0.19482244751273964,0.09876706881404917,0.2908778262114301,0.9717314186108899,6,False,False,False,False,False,ok,1,100384.0,450,600,
ISIC_3371433,0.17251558439464088,0.9895505514117705,0.13383731449115566,820.9,0.08066850751481741,0.10440411551059481,0.056932899519040014,0.9815035188808323,7,False,False,False,False,False,ok,1,348922.0,2448,3264,
ISIC_3373004,0.27349605475682504,0.9303979320714301,0.19659076923063962,446.3,0.13389989020376564,0.12989419079490816,0.13790558961262311,0.9728324678282855,6,False,False,False,False,False,ok,1,90884.0,2448,3264,
ISIC_3374597,0.20043837367944262,0.9838960338730396,0.41834175444834104,307.2,0.07327103448414368,0.0527119700895774,0.09383009887870997,1.0032818281349718,6,True,False,False,False,False,fragmented(2_meaningful_blobs),2,62473.0,450,600,
ISIC_3378080,0.39479645787927653,0.9569167143972995,0.4831841537758584,2582.1,0.17154922309340853,0.13965543502940048,0.2034430111574166,1.0135487591502812,8,True,False,False,False,False,fragmented(2_meaningful_blobs),2,3422416.0,2448,3264,
ISIC_3379289,0.16715092456271197,0.9757071871650808,0.18502383100430994,438.0,0.12013942878273637,0.1051952242739127,0.13508363329156003,0.9732607739632567,6,False,False,False,False,False,ok,1,105697.0,2448,3264,
ISIC_3387713,0.14066762196729976,0.9889863369673346,0.16875653330278695,295.1,0.09767627446518018,0.12086859945768325,0.07448394947267711,0.9667867702054104,5,False,False,False,False,False,ok,1,49076.0,2448,3264,
ISIC_3389695,0.2050951377834267,0.9511435676654115,0.22972313627941524,446.6,0.1642977811015598,0.16292206549464694,0.16567349670847265,0.9709555074204124,6,False,False,False,False,False,ok,1,115121.0,2448,3264,
ISIC_3396463,0.40509548929309125,0.9380312447505459,0.4298580868704962,567.2,0.19770614354291643,0.21047092031822223,0.18494136676761064,1.000579241215936,6,False,False,False,False,False,ok,1,112347.0,450,600,
ISIC_3396790,0.13798795467581637,0.9893313849589291,0.1857520417664123,530.0,0.10366021279799231,0.16557014967947103,0.04175027591651359,0.9644413099126068,6,False,False,False,False,False,ok,1,157046.0,1936,2592,
ISIC_3396860,0.40326477416061,0.927657946146255,0.591835073914776,417.8,0.2017204728621988,0.21117232048698964,0.19226862523740795,1.0100082977509632,6,False,False,False,False,False,ok,1,92628.0,450,600,
ISIC_3403329,0.13873923137555966,0.9936860514755498,0.16206692342536222,342.8,0.1284716699730038,0.12138145131132594,0.13556188863468166,1.0100148102156958,6,False,False,False,False,False,ok,1,72616.0,2848,4288,
ISIC_3416324,0.20248330871322262,0.9571436826256958,0.17374896291958933,702.9,0.11116729564142835,0.11397042595732898,0.10836416532552773,0.9766863597018711,7,False,False,False,False,False,ok,1,299085.0,2448,3264,
ISIC_3431348,0.3862914923683385,0.905112139198935,0.4445253253286417,444.1,0.23201849065745767,0.26270724030154546,0.20132974101336987,1.0153635887823103,6,True,False,True,False,False,fragmented(3_meaningful_blobs);edge_adjacent(margin_5px),3,82837.0,450,600,
ISIC_3450746,0.12803989693877216,0.9868962777764797,0.16966967009407102,406.0,0.08106623215723491,0.05967747834259984,0.10245498597186997,0.9782501301914236,6,False,False,False,False,False,ok,1,106124.0,2448,3264,
ISIC_3450983,0.5545199081914147,0.7791517276356587,0.35577086258879626,1617.6,0.36348473182829333,0.3485744092520421,0.3783950544045446,0.9857796894577732,7,False,False,False,False,False,ok,1,821652.0,1936,2592,
ISIC_3455310,0.36293466518210127,0.9503577108221991,0.47669369249894056,499.5,0.14790369505395828,0.1322408217368568,0.16356656837105976,0.979151551816716,6,False,False,True,False,False,edge_adjacent(margin_5px),1,111473.0,450,600,
ISIC_3456094,0.1462060218794441,0.987547314718306,0.15185261752174806,433.6,0.08201021955600879,0.05850203098429285,0.10551840812772473,0.9656450796888291,6,False,False,False,False,False,ok,1,117572.0,2448,3264,
ISIC_3458204,0.22220576217700871,0.9766370185535477,0.20037427559579632,822.7,0.1765395884543678,0.26319795518670464,0.08988122172203095,0.9866383809049298,7,False,False,False,False,False,ok,1,340734.0,2448,3264,
ISIC_3460141,0.19833042961661052,0.966583899515221,0.26076198802148826,295.0,0.10809448925144882,0.12795578565957821,0.08823319284331943,0.9759063605017859,6,False,False,False,False,False,ok,1,53529.0,450,600,
ISIC_3466430,0.23244471346810502,0.9848487716840517,0.1525823236038471,593.9,0.097552761153408,0.12485641811569803,0.07024910419111796,0.9738214826902785,6,False,False,False,False,False,ok,1,156768.0,2448,3264,
ISIC_3467133,0.23861525404232198,0.9414923919435461,0.19967516511836744,428.5,0.2384948845454138,0.2098271725213876,0.26716259656943997,0.9600133650278131,6,False,False,False,False,False,ok,1,103019.0,2448,3264,
ISIC_3468952,0.27367211324561147,0.9562621912916983,0.3363462044128521,663.9,0.19454575307981398,0.19818128210611963,0.19091022405350833,0.9886107638550141,7,False,False,False,False,False,ok,1,232233.0,2448,3264,
ISIC_3478473,0.3018902795671532,0.9376444913813421,0.25043069558960296,1116.1,0.23056956634412862,0.1862486883175244,0.27489044437073284,0.9905518432462439,7,False,False,False,False,False,ok,1,522497.0,2448,3264,
ISIC_3481499,0.23000970519524433,0.9999285517392028,0.26952966221487695,3986.1,0.0062602132842110025,0.006381216203303786,0.0061392103651182195,1.0127388616840793,9,False,False,True,False,True,edge_adjacent(margin_24px);oversized_mask,1,7695927.0,2448,3264,
ISIC_3482891,0.4099579927616165,0.9413633565655964,0.5015052636626902,549.3,0.11503532091229246,0.09731688241929637,0.13275375940528855,0.9951326956668335,6,False,False,False,False,False,ok,1,119211.0,450,600,
ISIC_3486312,0.36360973541013053,0.902667182407889,0.3876966781348957,458.9,0.1792043521939311,0.16982349252602968,0.18858521186183252,0.9936474245235218,6,False,False,True,False,False,edge_adjacent(margin_5px),1,102129.0,450,600,
ISIC_3493343,0.14358015235394472,0.9781498187986738,0.2068912777326116,285.2,0.1398613123199866,0.1390487289835558,0.1406738956564174,0.9692844128326642,6,False,False,False,False,False,ok,1,51101.0,2448,3264,
ISIC_3500691,0.33042025132576214,0.9698071612822582,0.2613834445351904,336.4,0.283550184922677,0.31932379715684467,0.24777657268850928,0.9877198910671731,5,False,False,True,False,False,edge_adjacent(margin_5px),1,43084.0,450,600,
ISIC_3506189,0.20710450803552438,0.9426609748138879,0.2690505818157635,509.3,0.1756183642835789,0.17890378600608137,0.17233294256107645,0.9857868476629252,6,False,False,False,False,False,ok,1,140744.0,2448,3264,
ISIC_3510420,0.3338916903180319,0.9173651671596211,0.27264738587779025,847.6,0.21137232782155319,0.20605444361433378,0.2166902120287726,0.9878575736439567,7,False,False,False,False,False,ok,1,301702.0,2448,3264,
ISIC_3515780,0.3579975081775366,0.9345072743537831,0.2927752749931414,377.0,0.20206895199641678,0.26333159633032255,0.140806307662511,0.9837734107755316,5,False,False,False,False,False,ok,1,50045.0,450,600,
ISIC_3520227,0.5713493998108099,0.8043840766455447,0.6747383080920066,468.7,0.39223351418092683,0.26264978940494943,0.5218172389569042,1.0385965108973214,6,False,False,False,False,False,ok,1,80030.0,450,600,
ISIC_3526708,0.2549957334468478,0.9785116387797488,0.2767300297652319,366.9,0.13942404576568762,0.12323799098256405,0.1556101005488112,0.9851144052459796,5,False,False,False,False,False,ok,1,54852.0,450,600,
ISIC_3535882,0.3429132612224143,0.9183661516475535,0.3561223204903569,474.7,0.18521163798740314,0.13165421019220647,0.23876906578259982,0.9816256041562182,6,False,False,False,False,False,ok,1,118239.0,450,600,
ISIC_3539413,0.37926018917738036,0.8678514928136255,0.28223619102989883,180.0,0.33990131863452727,0.2540612517141104,0.4257413855549441,0.9319924866568995,4,False,False,False,False,False,ok,1,13115.0,450,600,
ISIC_3540482,0.20065395512757866,0.9597305766667867,0.23844718620734745,206.6,0.20009334055614458,0.19088280779967448,0.20930387331261469,0.9515925215570378,5,False,False,False,False,False,ok,1,26917.0,450,600,
ISIC_3556753,0.10444035368907445,0.9936424128453638,0.16902881994400937,332.2,0.07829804039260557,0.08129043006355952,0.07530565072165163,0.9939168664250877,6,False,False,False,False,False,ok,1,69113.0,2448,3264,
ISIC_3557527,0.4268057114519077,0.9573264520985715,0.26729467039422083,998.1,0.17080796920524738,0.2308773715030631,0.11073856690743167,0.9863444182321537,7,False,False,False,False,False,ok,1,265521.0,2448,3264,
ISIC_3558339,0.2534191295230249,0.9527196996275202,0.2834217819580904,512.2,0.11589229865803236,0.1307794308425928,0.10100516647347191,0.9956901465618297,6,False,False,False,False,False,ok,1,128272.0,450,600,
ISIC_3577187,0.14014368554703427,0.9841978714518925,0.19820815559776087,807.3,0.06730011528990626,0.05709801186143537,0.07750221871837715,0.9927056271496932,7,False,False,False,False,False,ok,1,389913.0,2448,3264,
ISIC_3579423,0.1641325448864619,0.9890213491548505,0.14876703047800666,761.5,0.203169969410689,0.18707275586725325,0.21926718295412473,0.9819675330999644,7,False,False,False,False,False,ok,1,340872.0,2448,3264,
ISIC_3591834,0.22168683365894049,0.9401280040048547,0.21681146393253864,523.1,0.17288908914877443,0.08621727177799543,0.25956090651955344,0.9646687706755764,6,False,False,False,False,False,ok,1,162186.0,2448,3264,
ISIC_3594380,0.3159809583449398,0.9581050805316867,0.3235684258346991,877.2,0.12670739369456097,0.08590527276256277,0.16750951462655916,0.9768954002747053,6,False,False,False,False,False,ok,1,281536.0,2448,3264,
ISIC_3594441,0.3310651034036729,0.9579643272384111,0.2626305374245704,1178.6,0.11220292281863814,0.1018860771509359,0.12251976848634039,0.9926869882393561,7,False,False,False,False,False,ok,1,460623.0,2448,3264,
ISIC_3594514,0.18971941130315517,0.9684492737503021,0.22896664091306893,457.4,0.16615148677046054,0.10270714927383562,0.22959582426708547,0.9835988647881448,6,False,False,True,False,False,edge_adjacent(margin_5px),1,126852.0,450,600,
ISIC_3594638,0.310809250220241,0.9232461342707412,0.39909464894469504,450.1,0.1417375616399198,0.16045668969063664,0.12301843358920295,0.995990818128397,6,False,False,False,False,False,ok,1,107635.0,450,600,
ISIC_3597870,0.2992745899732493,0.946891302760217,0.27016922505912694,570.6,0.22401849976039417,0.11170910008122192,0.3363278994395664,0.9844323103438174,6,False,False,False,False,False,ok,1,149811.0,2448,3264,
ISIC_3597945,0.14120857191368008,0.9845433208289033,0.19621623879324884,380.5,0.07004734508668031,0.05566612150923489,0.08442856866412574,0.9888759107881014,6,False,False,False,False,False,ok,1,98669.0,450,600,
ISIC_3599799,0.5246939807096276,0.8307860003317457,0.43120938236425066,337.3,0.26585575186947813,0.2577142295779846,0.27399727416097164,0.9869514021963267,5,False,False,False,False,False,ok,1,35467.0,450,600,
ISIC_3620839,0.4548437979591642,0.8890116292266602,0.5045859390663737,523.6,0.24493703078063606,0.24257071250117435,0.24730334906009777,0.9823409596454292,6,False,False,False,False,False,ok,1,118215.0,450,600,
ISIC_3622055,0.17468472216344832,0.9865400777947182,0.15725930596496626,472.7,0.11932987013091978,0.17226805571363302,0.06639168454820654,0.9979380829367859,6,False,False,False,False,False,ok,1,117382.0,2448,3264,
ISIC_3622379,0.17379933036615813,0.9747898183254746,0.214153214663193,1086.4,0.11955530871860376,0.08031142857274243,0.1587991888644651,0.9811516281768383,7,False,False,False,False,False,ok,1,672557.0,2448,3264,
ISIC_3624727,0.24901246440861458,0.9579859349947419,0.2395232683886964,1822.3,0.1716039559209937,0.17070681744737604,0.17250109439461137,0.999146214534649,8,False,False,False,False,False,ok,1,1561333.0,2448,3264,
ISIC_3636991,0.1975133622948685,0.9673585596062175,0.29417914248138693,385.1,0.11750237754454512,0.14691725877505035,0.08808749631403989,0.9897239746139123,6,False,False,False,False,False,ok,1,97025.0,450,600,
ISIC_3640764,0.3706670777626223,0.9007369476702477,0.360052053962657,1214.0,0.21798452023514042,0.21074558934328946,0.22522345112699138,0.9920337735649755,7,False,False,False,False,False,ok,1,607299.0,2448,3264,
ISIC_3646060,0.21520324674058955,0.9603271064942311,0.2405919560822096,927.9,0.1803085682736454,0.18017099319675822,0.18044614335053255,0.9978799953414305,7,False,False,False,False,False,ok,1,469346.0,2448,3264,
ISIC_3648148,0.322965044614307,0.9695570667354217,0.22538136099967798,730.4,0.1866095864512275,0.13146925299663914,0.24174991990581585,0.9729263718442981,6,False,False,False,False,False,ok,1,181286.0,2448,3264,
ISIC_3654052,0.4792631300397291,0.8937625257545541,0.48918377217891956,2516.9,0.45403861964241765,0.17029453632497926,0.737782702959856,1.02225628577174,8,False,False,True,False,False,edge_adjacent(margin_24px),1,2275892.0,2448,3264,
ISIC_3654066,0.21128852742358994,0.9619918910489655,0.21254472828142032,489.2,0.1534805392800111,0.13375088663739954,0.17321019192262266,0.9915930880362933,6,False,False,False,False,False,ok,1,139442.0,2448,3264,
ISIC_3665449,0.593900425515971,0.7180044052184896,0.5248696658686054,263.8,0.4718059427850395,0.5749923757372677,0.36861950983281133,0.9978771836704806,5,True,True,False,False,False,fragmented(5_meaningful_blobs);multiple_substantial_components,5,23677.0,450,600,
ISIC_3666907,0.4058377382875079,0.9473088700450906,0.3381853521569961,598.3,0.15492924431255028,0.16849000983320916,0.1413684787918914,0.9874863152392724,6,False,False,True,False,False,edge_adjacent(margin_5px),1,113255.0,450,600,
ISIC_3668276,0.16391747471834062,0.9818912597873148,0.1662493303784484,871.3,0.09666721215378077,0.08808473595178401,0.10524968835577753,0.9760669556089336,7,False,False,False,False,False,ok,1,459753.0,2448,3264,
ISIC_3668445,0.2826108869927073,0.9379292037440994,0.35319741687340545,263.1,0.20486034912550422,0.18397467340295237,0.22574602484805606,0.9604932131292736,5,False,False,False,False,False,ok,1,40782.0,450,600,
ISIC_3670069,0.355802404679185,0.9191309182018262,0.29518653635687075,390.9,0.21308935612872115,0.2089161096668396,0.2172626025906027,1.0165349652234812,6,False,False,False,False,False,ok,1,60817.0,450,600,
ISIC_3673079,0.154819767818985,0.9818419301709187,0.21708322663298404,548.1,0.10912477744605126,0.17476375764730523,0.043485797244797286,0.9896349607824788,6,False,False,False,False,False,ok,1,180725.0,2448,3264,
ISIC_3684488,0.31974598218944894,0.9168289272591292,0.3934699145814279,1757.2,0.16858468751997002,0.1856875387493686,0.15148183629057144,0.9905410934557426,8,False,False,False,False,False,ok,1,1764617.0,1936,2592,
ISIC_3687721,0.14721079586376884,0.9856826203756128,0.17953648952179177,364.7,0.06377946907064252,0.0387970068271436,0.08876193131414145,0.9826493937480022,6,False,False,False,False,False,ok,1,82299.0,450,600,
ISIC_3701563,0.31085193921842713,0.9626389477240188,0.2928459613654187,966.7,0.18285835354115637,0.13190335178082513,0.2338133553014876,0.9925241559425295,6,False,False,False,False,False,ok,1,360206.0,4000,6000,
ISIC_3704603,0.3777251753980795,0.8797912542738888,0.3879787022370646,412.2,0.2422828723874797,0.22695914329233202,0.2576066014826274,1.010334827709298,6,False,False,False,False,False,ok,1,95941.0,450,600,
ISIC_3711801,0.12363312640098356,0.9924412795322732,0.1444242831959518,559.4,0.07184769167782107,0.07511407511899382,0.06858130823664832,0.9724309464403507,6,False,False,False,False,False,ok,1,180966.0,2448,3264,
ISIC_3717977,0.20649461200507901,0.9584939492722188,0.23947118614073215,757.7,0.0884023393071876,0.09549148343049074,0.08131319518388447,0.9866765272931352,7,False,False,False,False,False,ok,1,349002.0,1936,2592,
ISIC_3720143,0.23893477370168703,0.9536269711799891,0.2356793534850692,217.6,0.21139339602040563,0.19049172310240192,0.23229506893840934,0.9824000433483392,5,False,False,False,False,False,ok,1,22185.0,450,600,
ISIC_3727735,0.19887982946376537,0.9650477133597407,0.2870285931604399,183.5,0.11997156412111443,0.1528830594006949,0.08706006884153394,0.9764240538791428,5,False,False,False,False,False,ok,1,21688.0,450,600,
ISIC_3729615,0.16961255092206617,0.9879675093004534,0.14643632402764195,967.8,0.07631234516029484,0.08936922181919027,0.0632554685013994,0.9736407469350533,7,False,False,False,False,False,ok,1,532611.0,2448,3264,
ISIC_3730239,0.22851168046103965,0.9576447811614102,0.33052613234162914,289.1,0.1562272396257769,0.15055473514425854,0.16189974410729524,0.972653604631537,6,False,False,False,False,False,ok,1,48851.0,450,600,
ISIC_3733653,0.29224047125676045,0.9246573374328324,0.20371333558366783,256.3,0.3038032046464628,0.17813130183794168,0.42947510745498396,0.988926737942682,5,False,False,False,False,False,ok,1,32519.0,1936,2592,
ISIC_3734095,0.4956638855970408,0.8609600337609432,0.4410501706296673,552.0,0.2820111286526938,0.22083351748600488,0.3431887398193827,0.9933669004693448,6,False,False,True,False,False,edge_adjacent(margin_5px),1,100657.0,450,600,
ISIC_3742633,0.26291479258021555,0.958913540731642,0.1817783763913229,1495.8,0.1494435395099713,0.14655190479265467,0.15233517422728793,0.9791657827950945,7,False,False,False,False,False,ok,1,976040.0,4000,6000,
ISIC_3751090,0.20857643266929937,0.9813622295289892,0.17250129720690566,857.8,0.09749339966284482,0.12759770532966797,0.06738909399602167,0.9885291843297495,7,False,False,False,False,False,ok,1,356932.0,2448,3264,
ISIC_3758049,0.2403775743851152,0.9768018958634823,0.16905627678893928,451.6,0.21028307087738274,0.3069851087489749,0.11358103300579059,0.9911149995233585,6,False,False,False,False,False,ok,1,101130.0,2448,3264,
ISIC_3769211,0.17329042835696717,0.9816985413290114,0.20964253887255926,397.5,0.09157179919575925,0.0654950859757536,0.1176485124157649,0.9889160603609178,6,False,False,False,False,False,ok,1,76184.0,1936,2592,
ISIC_3772519,0.33903622064745553,0.936976389946687,0.2744500008778749,265.1,0.11246153988629037,0.06805307678016403,0.1568700029924167,0.9546048179412636,5,False,False,False,False,False,ok,1,24902.0,450,600,
ISIC_3773083,0.1500129367048042,0.9894071552979867,0.15888796329071,503.5,0.0919868535174424,0.10650730764216765,0.07746639939271716,0.9682431654445962,6,False,False,False,False,False,ok,1,142909.0,2448,3264,
ISIC_3773277,0.3465436287177083,0.9394184220221437,0.3387760725802955,399.0,0.16104649379538155,0.12829300732609983,0.19379998026466327,1.006837444387425,6,False,False,False,False,False,ok,1,73180.0,450,600,
ISIC_3783915,0.20750344909399931,0.9878502696022948,0.14840214804443982,539.5,0.0970047110075492,0.13549677023058992,0.058512651784508485,0.9883903516636647,6,False,False,False,False,False,ok,1,133742.0,2448,3264,
ISIC_3803651,0.32181828752981567,0.9309388431842629,0.2753412264631607,1892.8,0.29441119871546145,0.34496045057214497,0.24386194685877793,0.995492362378599,8,False,False,False,False,False,ok,1,1555396.0,4000,6000,
ISIC_3804339,0.1660031635974859,0.9659814197881964,0.21046017430964314,293.3,0.1562384230945127,0.14519793461023756,0.16727891157878783,0.9793754477683725,6,False,False,False,False,False,ok,1,53883.0,1936,2592,
ISIC_3807230,0.5949038723632838,0.84384758192436,0.6423608616864783,562.0,0.2998134739916449,0.3461793926078901,0.25344755537539965,1.0333608811111274,6,True,False,False,False,False,fragmented(3_meaningful_blobs),3,119484.0,450,600,
ISIC_3811339,0.27623682700910024,0.9379656101097991,0.24248312776544356,834.8,0.24102275819192737,0.17510340541572433,0.3069421109681304,0.9920895620086618,7,False,False,False,False,False,ok,1,340623.0,2448,3264,
ISIC_3822815,0.28616529863174545,0.9495760793449933,0.34378927667756576,933.1,0.15721471121825709,0.10474368343877072,0.20968573899774345,0.9919276632569721,7,False,False,False,False,False,ok,1,461628.0,2448,3264,
ISIC_3825515,0.27749570335259355,0.9564550608792639,0.26685583811490826,222.9,0.12815993827231792,0.12479755267568848,0.13152232386894736,0.9825068633930564,5,False,False,False,False,False,ok,1,20836.0,450,600,
ISIC_3825943,0.3438951022537088,0.9614964552367825,0.22499686159335078,1109.2,0.17340593252231373,0.20618672011845907,0.1406251449261684,0.9836963245132035,7,False,False,False,False,False,ok,1,404415.0,2448,3264,
ISIC_3831165,0.3537598688006064,0.9076928336590675,0.3109322167827467,435.6,0.19764307163302297,0.22943013444630866,0.16585600881973728,0.998807013817242,6,False,False,False,False,False,ok,1,80170.0,450,600,
ISIC_3832062,0.4422411499868706,0.9136720977106102,0.4394395729257091,543.0,0.2765659262203256,0.21360752020017937,0.33952433224047185,1.0036759704091276,6,False,False,False,False,False,ok,1,114470.0,450,600,
ISIC_3853000,0.21994411340767306,1.0,0.3013051942999183,688.2,0.04076880020314211,0.05163349684756835,0.029904103558715867,1.0218410242506486,6,False,False,True,False,True,edge_adjacent(margin_5px);oversized_mask,1,233740.0,450,600,
ISIC_3861361,0.4138829426089382,0.914800896832665,0.2888643206550083,538.9,0.2737982610674965,0.1802450134239455,0.3673515087110475,0.9735446376754338,6,False,False,False,False,False,ok,1,87494.0,450,600,
ISIC_3862106,0.14984479888261248,0.9782963269034208,0.1951336373837204,180.1,0.08993111766099116,0.0939411715790689,0.08592106374291342,0.992395936432736,5,False,False,False,False,False,ok,1,22741.0,450,600,
ISIC_3866655,0.5525481842129791,0.7604827570060637,0.43111627539606107,414.0,0.3985414170611435,0.2769744452718874,0.5201083888503996,0.9920451653947698,6,False,False,False,False,False,ok,1,65549.0,450,600,
ISIC_3869104,0.424181387279701,0.8974572315684802,0.5607941110808015,292.7,0.18662128969992042,0.18573750509577946,0.18750507430406138,1.0069709126406898,5,False,False,False,False,False,ok,1,44652.0,450,600,
ISIC_3877413,0.23376569618245846,0.9447406289169972,0.294182104485557,2371.7,0.11186414179784054,0.13460005697897026,0.08912822661671083,0.9868129272971518,8,False,False,False,False,False,ok,1,3373918.0,4000,6000,
ISIC_3879564,0.13546742860962024,0.9950877572837868,0.16478720480421405,250.3,0.10898310009411333,0.09428145714704106,0.1236847430411856,0.964163746450604,5,False,False,False,False,False,ok,1,37095.0,2448,3264,
ISIC_3880022,0.2128078216816206,0.9588061304178055,0.298909684013885,936.7,0.16820126378540878,0.20319108457507717,0.1332114429957404,0.9835936698078449,7,False,False,False,False,False,ok,1,492307.0,1936,2592,
ISIC_3883666,0.19950635229826041,0.9556930349535061,0.18706905279020522,756.0,0.15768775900178655,0.18147336390646385,0.13390215409710926,0.9865068014429655,7,False,False,False,False,False,ok,1,341834.0,2448,3264,
ISIC_3884221,0.5214701287689902,0.8331238202417581,0.30249476275116743,627.4,0.29397646091336344,0.2671502761580483,0.32080264566867855,0.9737758388673176,6,False,False,False,False,False,ok,1,105103.0,1936,2592,
ISIC_3885041,0.17544610353837065,0.9893722158839047,0.12967520252382514,511.8,0.1217260898241731,0.13895014838997155,0.10450203125837465,0.9649340642746111,6,False,False,False,False,False,ok,1,136761.0,2448,3264,
ISIC_3905170,0.18325778038201168,0.9769376873213912,0.15610848335492059,751.2,0.1370636512992926,0.11609491313651132,0.15803238946207387,0.9978534456070567,7,False,False,False,False,False,ok,1,337371.0,2448,3264,
ISIC_3930196,0.13150913096370853,0.9848523623246689,0.17988074639147186,553.4,0.09004536812057817,0.11214178611423664,0.0679489501269197,0.9853757130212123,6,False,False,False,False,False,ok,1,202765.0,2448,3264,
ISIC_3931577,0.28801652600859995,0.9255588220200436,0.3510913862071109,463.8,0.1617946923497161,0.15588303686231342,0.1677063478371188,0.9809757548877106,6,False,False,False,False,False,ok,1,126904.0,450,600,
ISIC_3933164,0.557211304040893,0.8233065871481331,0.37614755251690724,577.7,0.32222875909444465,0.21794219654083302,0.4265153216480563,0.9627629785501809,5,False,False,False,False,False,ok,1,78786.0,450,600,
ISIC_3943135,0.1697430573049753,0.9695084150345556,0.2498254288819887,182.9,0.10400742894515624,0.09820156699171112,0.10981329089860137,0.9698587150046113,5,False,False,False,False,False,ok,1,21357.0,450,600,
ISIC_3950514,0.379492397833155,0.9148616837530644,0.3866311471327547,576.9,0.2760648073739279,0.2207462395051516,0.3313833752427042,1.007955910718357,6,False,False,False,False,False,ok,1,132059.0,450,600,
ISIC_3956421,0.2069999189818552,0.9909674964626988,0.1675571201305225,529.5,0.0929242454266535,0.12226075518608737,0.06358773566721965,0.9826966488559115,6,False,False,False,False,False,ok,1,125623.0,2448,3264,
ISIC_3957660,0.2106600152669983,0.960339137362012,0.2607531701789795,430.4,0.11833882087997438,0.1014395465139345,0.13523809524601427,0.9886586490761011,6,False,False,False,False,False,ok,1,101815.0,450,600,
ISIC_3959129,0.33283527549147085,0.9301846452866861,0.30245078980823953,392.8,0.12384447521782138,0.10696900224385275,0.14071994819179,1.0046923528736527,6,False,False,False,False,False,ok,1,60277.0,450,600,
ISIC_3962368,0.2795637857453629,0.9487934152272869,0.16789620401117555,540.2,0.12513778664051295,0.17724535676921838,0.07303021651180752,0.9733663896882245,6,False,False,False,False,False,ok,1,114722.0,2448,3264,
ISIC_3963183,0.2021352486029595,0.9733878473673222,0.31708852523228975,1678.4,0.1047171181872526,0.1044694837620701,0.1049647526124351,1.0068851100215264,8,False,False,False,False,False,ok,1,1473146.0,2848,4288,
ISIC_3977025,0.3325602965718133,0.9246233323626795,0.3323516843628289,899.1,0.1995856503928441,0.2375003470215581,0.1616709537641301,0.9846986254621164,7,False,False,False,False,False,ok,1,382624.0,2448,3264,
ISIC_3992319,0.13207665684743986,0.9949217979641681,0.13521195798988636,486.2,0.09538944644050185,0.040086271017104824,0.15069262186389887,0.9684505475251124,6,False,False,False,False,False,ok,1,131761.0,2448,3264,
ISIC_3993924,0.20714944716600736,0.9927928899528347,0.2785172807593231,3120.5,0.13529006544847721,0.14223614606876467,0.12834398482818976,1.0014126843143352,8,True,False,True,False,True,fragmented(2_meaningful_blobs);edge_adjacent(margin_19px);oversized_mask,2,4680180.0,1936,2592,
ISIC_3996796,0.4547615041712155,0.8723550462635792,0.38654081558743786,2009.6,0.2684063208524826,0.3883840846865121,0.14842855701845314,0.9941124492753536,8,False,False,False,False,False,ok,1,1701229.0,2448,3264,
ISIC_4000481,0.28873081729588557,0.9400072535661914,0.40904342759301054,1729.3,0.12294754600731528,0.13294646428716095,0.11294862772746961,0.9971507634758078,8,False,False,False,False,False,ok,1,1619625.0,2448,3264,
ISIC_4010917,0.139984589172218,0.9813753381670162,0.19467882439858797,521.5,0.13224371101037963,0.12171598893377844,0.14277143308698081,0.9783184364197826,6,False,False,False,False,False,ok,1,176433.0,2448,3264,
ISIC_4013189,0.17502176493591703,0.981719469285851,0.1689141332227477,612.3,0.0746610972530588,0.07944313355790733,0.06987906094821028,0.9827520689402454,6,True,False,False,False,False,fragmented(2_meaningful_blobs),2,203483.0,1936,2592,
ISIC_4015288,0.239500779012627,0.9611956989517529,0.23580396744026333,583.0,0.16968138965937352,0.16585493960293507,0.17350783971581196,0.9799949421700009,6,False,False,False,False,False,ok,1,153662.0,2448,3264,
ISIC_4022483,0.2560890263682333,0.9470144898114549,0.2545861309801916,182.6,0.20882435555257295,0.15887395289504802,0.2587747582100979,0.9619112173209527,5,False,False,False,False,False,ok,1,18900.0,450,600,
ISIC_4028370,0.2933759214637518,0.935980064803507,0.3835128747314922,344.3,0.15514606556396993,0.13048346911997855,0.1798086620079613,0.9979455460269047,6,False,False,False,False,False,ok,1,66766.0,450,600,
ISIC_4030354,0.2620109330006124,0.9634560248404973,0.4368519540248419,567.7,0.17219344311973506,0.10272135350996037,0.24166553272950975,0.9865427369636866,6,False,False,True,False,True,edge_adjacent(margin_5px);oversized_mask,1,170775.0,450,600,
ISIC_4032749,0.13061993993361554,0.9883185552002511,0.11640997699324034,705.4,0.10336641809470831,0.09813743849323875,0.10859539769617788,0.9916111857988993,7,False,False,False,False,False,ok,1,322033.0,2448,3264,
ISIC_4043651,0.11812756386737222,0.9887941993502519,0.1421779249240527,174.5,0.05961626052759339,0.05172888200258052,0.06750363905260626,0.9669469299201527,5,False,False,False,False,False,ok,1,21237.0,450,600,
ISIC_4045323,0.2344644462696862,0.9612230226382429,0.18009147486867888,706.8,0.1316710112492257,0.09676165589246,0.1665803666059914,0.9800012186888488,6,False,False,False,False,False,ok,1,230147.0,1936,2592,
ISIC_4045574,0.25534780903985077,0.9391830920792597,0.32625876258726405,324.5,0.12074148067811952,0.11603588617556826,0.12544707518067078,1.010075088158026,6,False,False,False,False,False,ok,1,63414.0,450,600,
ISIC_4085041,0.22029226711340955,0.9676237572723896,0.1990652757471587,1267.8,0.1061123921319771,0.1033214695629302,0.10890331470102399,0.9729967691445675,7,False,False,False,False,False,ok,1,818093.0,2448,3264,
ISIC_4092548,0.38669842172783797,0.9438160302771867,0.32871540997792004,984.0,0.0919562769862795,0.09887472051061352,0.08503783346194549,0.9825086208666775,7,False,False,False,False,False,ok,1,312050.0,2448,3264,
ISIC_4093313,0.22740585782896294,0.9452950936240815,0.24296612276378185,252.5,0.12408887822484121,0.13497728749571292,0.11320046895396951,0.9845685900327014,5,False,False,False,False,False,ok,1,40236.0,450,600,
ISIC_4094938,0.11537199657190322,0.9930880564947286,0.1280156424275296,471.5,0.08987191995098615,0.0942706941160737,0.0854731457858986,0.9953133092163606,6,False,False,False,False,False,ok,1,149695.0,2448,3264,
ISIC_4097868,0.23706891396743546,0.9528366349096151,0.2348731014141852,1133.6,0.16990052531696626,0.13725035331452473,0.20255069731940778,0.9974213113104786,7,False,False,False,False,False,ok,1,610753.0,2448,3264,
ISIC_4103984,0.21186037065503116,0.9932249138395627,0.18404617554495573,504.9,0.050539076883857115,0.04981513914053126,0.05126301462718297,0.9954075990499079,6,False,False,False,False,False,ok,1,110236.0,2448,3264,
ISIC_4112456,0.31806835734138794,0.9329430400779848,0.35457976868480334,435.7,0.15574523724052314,0.1285244309120076,0.18296604356903867,0.9971637722577572,6,False,False,False,False,False,ok,1,84763.0,450,600,
ISIC_4117748,0.23361710287823045,0.9737227726047335,0.38934493877045023,516.8,0.32521547381534055,0.32753626746282716,0.32289468016785394,1.004375900397096,6,False,False,True,False,True,edge_adjacent(margin_5px);oversized_mask,1,136414.0,450,600,
ISIC_4134230,0.1405102269800238,0.9917921727762951,0.15004312589945942,708.1,0.08579175641954445,0.09017464965785738,0.08140886318123153,0.9846349569314102,7,False,False,False,False,False,ok,1,292199.0,2448,3264,
ISIC_4141251,0.37960375865147344,0.9380082930517055,0.26919002897012817,337.5,0.20479313598776816,0.16248055125222316,0.24710572072331316,0.9930825150333844,6,False,False,False,False,False,ok,1,41333.0,450,600,
ISIC_4156628,0.2800038988215193,0.9657408806552026,0.4656186819710641,365.4,0.1504680525833208,0.11722942100994405,0.18370668415669755,1.0163463773932582,6,False,False,False,False,False,ok,1,80373.0,450,600,
ISIC_4168419,0.3416988447405275,0.9327755747995092,0.25329438979132657,371.6,0.2148138724255923,0.26067653978629235,0.16895120506489225,0.9791191332405332,6,False,False,False,False,False,ok,1,52881.0,450,600,
ISIC_4170698,0.24582560516344565,0.9351090586768418,0.2866946607840382,1313.4,0.13133082665566387,0.11922804055650116,0.14343361275482658,1.0079346846097523,8,False,False,False,False,False,ok,1,1047264.0,2448,3264,
ISIC_4171839,0.24982975458533552,0.948125,0.3299859259242366,101.6,0.14449088755354955,0.12605379383258664,0.16292798127451247,0.9705458818183288,4,False,False,False,True,False,very_small_contour(lt_12445px),1,4671.0,450,600,
ISIC_4173993,0.30535532066335436,0.9465192044125919,0.5388411628985823,761.7,0.07638958135470941,0.0754688231285836,0.07731033958083522,1.0028959851155415,7,False,False,False,False,False,ok,1,353650.0,2448,3264,
ISIC_4180324,0.3705180144460688,0.9003658622387954,0.3205820675057318,380.0,0.22486987694063248,0.2320791970708045,0.21766055681046048,1.0010999512966563,5,False,False,False,False,False,ok,1,64475.0,450,600,
ISIC_4196278,0.38905178637869176,0.8945097993494304,0.3167603831373699,306.1,0.29523801051200765,0.29130108903286234,0.29917493199115297,0.9928908653668135,5,False,False,False,False,False,ok,1,38753.0,450,600,
ISIC_4203842,0.45407064012358267,0.8922856192464762,0.6624653644913382,517.1,0.23234998883731395,0.15478386927422583,0.30991610840040207,1.0169301595761748,6,True,False,False,False,False,fragmented(3_meaningful_blobs),3,112019.0,450,600,
ISIC_4204876,0.320355887907805,0.9063203310041179,0.3155016857586358,303.6,0.24217873706049525,0.28015419973163036,0.20420327438936015,0.9785245493172933,5,False,False,False,False,False,ok,1,46509.0,450,600,
ISIC_4207079,0.14689607945676064,0.9832635699562434,0.1665776205296057,829.9,0.08177558623982495,0.07228713269792031,0.09126403978172959,1.0013342486697954,7,False,False,False,False,False,ok,1,436137.0,2848,4288,
ISIC_4209803,0.12801184462488113,0.9857352281627161,0.19765036867584013,341.1,0.06349505452118359,0.05035668220997702,0.07663342683239016,0.9799782567946391,6,False,False,False,False,False,ok,1,74068.0,450,600,
ISIC_4212284,0.16830480401395398,0.9693982679385429,0.2499595272601292,1313.8,0.12824005592771598,0.1515566914060823,0.10492342044934966,0.9884308671737935,7,False,False,False,False,False,ok,1,964721.0,2448,3264,
ISIC_4218751,0.427694790779223,0.9020536183242505,0.4579016953450871,514.6,0.17328598535534934,0.11093187741103938,0.2356400932996593,0.9809323422712555,6,False,False,False,False,False,ok,1,121792.0,450,600,
ISIC_4223155,0.23952109831590718,0.9753241484090399,0.21556011864910304,702.4,0.15089473449038682,0.21474849063159218,0.08704097834918145,0.9771057235976669,7,False,False,False,False,False,ok,1,226766.0,2448,3264,
ISIC_4223497,0.4950418414812774,0.9516018409346751,0.7127770109512432,3420.2,0.09907382774390561,0.08786324536955303,0.11028441011825818,1.0394356416663753,8,False,False,False,False,True,oversized_mask,1,5766937.0,2448,3264,
ISIC_4227640,0.2751760937714087,0.9527524036764602,0.20739009860603724,404.8,0.16042308989377485,0.17640901772441742,0.14443716206313229,0.9803196300790675,5,False,False,False,False,False,ok,1,67945.0,1936,2592,
ISIC_4228893,0.2977202527921725,0.9349064523866635,0.3534546013303314,416.3,0.10782717923945973,0.13064093401083332,0.08501342446808613,0.9856898891887449,6,False,False,False,False,False,ok,1,78456.0,450,600,
ISIC_4235575,0.5721702653587456,0.8001682407372003,0.4733365731539073,566.8,0.4172020123211353,0.38072403186859594,0.45367999277367466,1.0111107100496541,6,True,False,True,False,False,fragmented(2_meaningful_blobs);edge_adjacent(margin_5px),2,105379.0,450,600,
ISIC_4237744,0.34489991498327055,0.9115117954258959,0.31667097651541676,408.6,0.24396162008760253,0.24147702691830186,0.2464462132569032,0.9815036443677407,6,False,False,False,False,False,ok,1,81517.0,450,600,
ISIC_4254772,0.3796459094920138,0.8949113829530231,0.34631288370931945,395.2,0.22806273897740093,0.30334353208049636,0.1527819458743055,0.9694371060520788,6,False,False,False,False,False,ok,1,61599.0,450,600,
ISIC_4257866,0.33803606519602614,0.8998772680228245,0.3408515870606728,445.5,0.259530744279621,0.2243460764657198,0.29471541209352214,0.9928126512266754,6,False,False,False,False,False,ok,1,98830.0,450,600,
ISIC_4263628,0.1270451734822915,0.991629935929477,0.15873485265381293,299.5,0.08404909790679227,0.08515162078973249,0.08294657502385205,0.9573243666892625,5,False,False,False,False,False,ok,1,54934.0,2448,3264,
ISIC_4263716,0.303952769479624,0.9892399643385027,0.1943742563285787,691.0,0.1300984777034096,0.18064530025426118,0.07955165515255802,0.9699794832486563,6,False,False,False,False,False,ok,1,169409.0,2448,3264,
ISIC_4270993,0.1550550334953762,0.9867109858547176,0.15361725242303023,483.2,0.09603200062043821,0.09704313604230075,0.09502086519857567,0.9918570494329422,6,False,False,False,False,False,ok,1,146985.0,2448,3264,
ISIC_4277953,0.3536689251016625,0.8977724252627785,0.3509638781940331,319.5,0.2164568708479161,0.24424007129512093,0.18867367040071126,1.0040009338731737,6,False,False,False,False,False,ok,1,55228.0,450,600,
ISIC_4279516,0.4137102719083622,0.9363511287362384,0.2311698722602536,785.6,0.2228343236123272,0.2564536481856594,0.18921499903899497,0.9774885883100201,6,False,False,False,False,False,ok,1,180166.0,2448,3264,
ISIC_4281336,0.16686914160806,0.9908906697822158,0.17167675128752738,231.1,0.11633793905493112,0.06370506395000686,0.16897081415985538,0.9798013875358726,5,False,False,False,False,False,ok,1,27417.0,2448,3264,
ISIC_4282506,0.33154106457453425,0.9350902723362065,0.3517589696576937,458.4,0.18889732337051723,0.11228722950226355,0.2655074172387709,0.9881953394166835,6,False,False,False,False,False,ok,1,88277.0,450,600,
ISIC_4288535,0.16998584003521222,0.9776139192411498,0.2635402901154488,902.0,0.08775362552491861,0.09192282417664577,0.08358442687319145,0.9923398986629982,7,False,False,False,False,False,ok,1,467528.0,2448,3264,
ISIC_4292710,0.19765456799154923,0.9531525721693769,0.2223516258032429,635.6,0.17849383656851125,0.18235545966981614,0.17463221346720637,0.9748814222854681,6,False,False,False,False,False,ok,1,216566.0,2448,3264,
ISIC_4300625,0.2117458034729982,0.9996951636370344,0.23302799027818308,3972.0,0.00848676369137763,0.01101280676310512,0.0059607206196501394,1.0126061488380758,9,False,False,True,False,True,edge_adjacent(margin_24px);oversized_mask,1,7890988.0,2448,3264,
ISIC_4300672,0.4797170894891568,0.8622968728663116,0.4527657980837722,201.8,0.2601723494179486,0.40056162875335666,0.11978307008254052,1.02352261927685,5,False,False,False,False,False,ok,1,16060.0,450,600,
ISIC_4311112,0.2848456137458304,0.9353451904566807,0.4461505338998947,374.5,0.12664457444907445,0.14223059032957985,0.11105855856856905,1.0109742384240932,6,False,False,False,False,False,ok,1,83861.0,450,600,
ISIC_4312494,0.3224039719678746,0.9369271541282871,0.361793138104348,526.1,0.17807864234912751,0.11257189811685864,0.2435853865813964,0.972122530677994,6,False,False,False,False,False,ok,1,124043.0,450,600,
ISIC_4313479,0.20485946155516477,0.9650600417502015,0.2000205711051759,300.1,0.09836089869481957,0.0816559367801798,0.11506586060945934,0.9924569398642545,5,False,False,False,False,False,ok,1,47076.0,2448,3264,
ISIC_4325605,0.1971802157269691,0.9556812131671226,0.2718898573233116,294.8,0.11466943985574557,0.10108250970093258,0.12825637001055856,0.9872710466309388,5,False,False,False,False,False,ok,1,52451.0,450,600,
ISIC_4330588,0.22537456450360693,0.9581677056860062,0.2765855553481039,688.6,0.17092671567201262,0.11564061081149368,0.22621282053253156,1.0059679135231183,7,False,False,False,False,False,ok,1,265557.0,2448,3264,
ISIC_4330964,0.29080399545564595,0.9627536978867829,0.22949131492759384,350.1,0.17698184324294347,0.16388674105887757,0.19007694542700937,0.9688258506240809,5,False,False,False,False,False,ok,1,49894.0,450,600,
ISIC_4341118,0.29218744889547654,0.9302649987151824,0.26249711531090014,481.1,0.228835738143369,0.15688449482230615,0.30078698146443184,0.9918622993014885,6,False,False,False,False,False,ok,1,114655.0,450,600,
ISIC_4341651,0.3022623749963498,0.96283691569895,0.1702583236725631,880.0,0.1544261477479802,0.24463064382036748,0.0642216516755929,0.9661649221236535,6,False,False,False,False,False,ok,1,279648.0,2448,3264,
ISIC_4345273,0.2507212980278076,0.9621769738014614,0.3965439272325629,410.5,0.11256741523394248,0.10616766990224047,0.11896716056564449,0.9915799091267683,6,False,False,False,False,False,ok,1,108546.0,450,600,
ISIC_4347789,0.3394971079447875,0.9238264660159944,0.3579237785040368,452.9,0.17389266245413942,0.1251995340704387,0.22258579083784014,0.9965923481502722,6,False,False,False,False,False,ok,1,87018.0,450,600,
ISIC_4349272,0.2751909946681752,0.9211495126904494,0.28378002954074655,326.4,0.23501643857254179,0.21856660147219342,0.25146627567289015,0.9910619889847859,5,True,False,False,False,False,fragmented(2_meaningful_blobs),2,50086.0,450,600,
ISIC_4355015,0.3152173499562917,0.9430917628690386,0.28422138923393037,924.3,0.14748734214677856,0.1766792310830202,0.11829545321053692,0.9705144695976817,7,False,False,False,False,False,ok,1,319978.0,2448,3264,
ISIC_4357940,0.4347698200232054,0.8527425445391169,0.4230900506308525,409.6,0.21290250780866,0.21431985711320634,0.21148515850411365,1.020392051855752,6,False,False,False,False,False,ok,1,70991.0,450,600,
ISIC_4358907,0.40273512387633836,0.9051183414093411,0.5367854552504245,407.3,0.13683323490671562,0.14582030902087806,0.12784616079255318,1.017961932621256,6,False,False,False,False,False,ok,1,83043.0,450,600,
ISIC_4363100,0.3285699428672999,0.9534365045629392,0.4188898467356634,383.7,0.16875192139271533,0.13863886287685168,0.198864979908579,1.006335194844594,6,False,False,False,False,False,ok,1,91403.0,450,600,
ISIC_4363333,0.322110738303244,0.9535047069581697,0.30354088915516864,528.0,0.19588385014494702,0.1402245650197974,0.25154313527009664,0.9887797164163884,6,False,False,False,False,False,ok,1,108524.0,450,600,
ISIC_4364153,0.28040289877899927,0.9764015178635355,0.2162973750461865,758.2,0.09284259880375118,0.1100457335349625,0.07563946407253985,0.9707341156761088,6,False,False,False,False,False,ok,1,205384.0,2448,3264,
ISIC_4366627,0.27897304786400967,0.9431789632359099,0.3065029588007439,419.6,0.1853519999713572,0.11045105887203543,0.260252941070679,0.9602814636082403,6,False,False,False,False,False,ok,1,90653.0,1936,2592,
ISIC_4374944,0.3172801973098557,0.9311549183094366,0.2531592030366066,675.0,0.18647524093804668,0.1492433845708424,0.22370709730525096,0.9783787368051449,6,False,False,False,False,False,ok,1,187002.0,2448,3264,
ISIC_4375866,0.7266298221479238,0.7550159152217926,0.7348285449381052,604.0,0.48353677036041515,0.35808696380980887,0.6089865769110214,1.0409698911244551,6,False,False,True,False,True,edge_adjacent(margin_5px);oversized_mask,1,137987.0,450,600,
ISIC_4378484,0.3620152766553716,0.8889629291901939,0.24856126606648443,171.6,0.2270911266791517,0.29491929086432134,0.15926296249398209,0.9685673171768867,4,False,False,False,False,False,ok,1,12886.0,450,600,
ISIC_4384072,0.1979671006694601,0.9829643064919065,0.20585950859564342,1036.6,0.07793014082399463,0.08074567284426659,0.07511460880372267,0.9892626066146392,7,False,False,False,False,False,ok,1,503880.0,2448,3264,
ISIC_4412646,0.24464753322491928,0.9575350433115715,0.41572828408193047,478.2,0.11215446118690675,0.11668014012990657,0.10762878224390693,1.0175150024480664,6,False,False,False,False,True,oversized_mask,1,139776.0,450,600,
ISIC_4416068,0.2671116167924673,0.9525201891725812,0.3108831153408491,852.3,0.20391414582463674,0.209975188410227,0.19785310323904648,0.998325730515852,7,False,False,False,False,False,ok,1,350597.0,1936,2592,
ISIC_4428176,0.5114698060390669,0.8829155797512381,0.22152314537510817,314.6,0.16298822547245134,0.16683432642703577,0.1591421245178669,0.9736037508021353,5,True,False,False,False,False,fragmented(3_meaningful_blobs),3,23692.0,450,600,
ISIC_4429297,0.34361257934472766,0.8998893754179237,0.3786135317342074,1141.0,0.23500607823876235,0.2736709898265621,0.19634116665096257,0.9929991521398159,7,False,False,False,False,False,ok,1,585507.0,3456,5184,
ISIC_4429406,0.23326577149555683,0.9828552752462698,0.2282380140424289,752.3,0.15133665002500046,0.11795585785376506,0.18471744219623587,0.9716159860486551,6,False,False,False,False,False,ok,1,247459.0,2448,3264,
ISIC_4432152,0.2241416472502562,0.9898158409624426,0.2900188854366531,705.1,0.13739786916130903,0.15659759380307503,0.11819814451954302,1.009346876847142,6,False,False,True,False,True,edge_adjacent(margin_5px);oversized_mask,1,237943.0,450,600,
ISIC_4432308,0.13769473969373858,0.9913743853898385,0.16322819606696115,291.4,0.10860147472819726,0.09498463958178571,0.1222183098746088,0.9817765952017624,5,False,False,False,False,False,ok,1,53317.0,2448,3264,
ISIC_4432898,0.17993045536482954,0.9714231649800299,0.22840316109121128,1095.9,0.11637276432359411,0.13248145213695528,0.10026407651023295,0.977237481782685,7,False,False,False,False,False,ok,1,648192.0,2848,4288,
ISIC_4438786,0.31407205886520917,0.9496347477887103,0.3111547824628363,571.4,0.19216582981634084,0.21719830295924214,0.16713335667343954,0.9716108903081343,6,False,False,False,False,False,ok,1,136324.0,2448,3264,
ISIC_4438982,0.1744090705144129,0.973921839393991,0.24593020175622962,403.9,0.10811275909523599,0.11209917645969747,0.10412634173077451,0.9974557588246317,6,False,False,False,False,False,ok,1,86198.0,2448,3264,
ISIC_4438999,0.2653730880643598,0.9585545014949615,0.25972694994304574,560.7,0.16642279533442844,0.16476114135225672,0.16808444931660016,0.9801502946995269,6,False,False,False,False,False,ok,1,130501.0,2448,3264,
ISIC_4439689,0.11261491345104158,0.9924920386083558,0.1723491530405973,322.7,0.05804269340459939,0.05498959361574385,0.06109579319345493,0.9964487469633098,6,False,False,False,False,False,ok,1,71027.0,2448,3264,
ISIC_4442378,0.33125055190884045,0.9296724628621251,0.30749008301903685,261.4,0.20762415443439863,0.2195425936555262,0.19570571521327107,0.9697142168672672,5,False,False,False,False,False,ok,1,28565.0,450,600,
ISIC_4443776,0.32483530366910607,0.9376220424004387,0.4548880259508969,1298.7,0.2033574004159443,0.20288113155038123,0.20383366928150737,1.0122114476012938,8,False,False,False,False,False,ok,1,928534.0,2848,4288,
ISIC_4444976,0.4055475559405124,0.8877605360524938,0.4823578816297588,421.5,0.1542453178900966,0.13251892436903445,0.17597171141115875,1.0093061085783999,6,False,False,False,False,False,ok,1,96462.0,450,600,
ISIC_4457091,0.340983787088621,0.9091667635216831,0.2852504797380559,1421.5,0.23240690142266396,0.2577970310820431,0.2070167717632848,0.9804456269043347,7,False,False,False,False,False,ok,1,787809.0,2448,3264,
ISIC_4464801,0.19321965878167602,0.9620426595801926,0.2640930448889548,449.3,0.1015727014174288,0.09986008525770451,0.10328531757715309,0.9970330585048691,6,False,False,False,False,False,ok,1,116795.0,2448,3264,
ISIC_4467312,0.5311285609219893,0.8368471953578337,0.4993463281234115,456.1,0.39546244621620785,0.4509966974809214,0.3399281949514943,0.9890374022993104,6,False,False,False,False,False,ok,1,65467.0,450,600,
ISIC_4473151,0.36814523724673587,0.9409770530447092,0.22819141686855915,938.6,0.15998290267353515,0.13313954186996813,0.18682626347710218,0.9950981843318807,7,False,False,False,False,False,ok,1,310842.0,2448,3264,
ISIC_4473773,0.27636768143908674,0.9344724630923462,0.3541747976734932,325.5,0.13635687933619323,0.17326674844966305,0.0994470102227234,1.01795204955326,6,False,False,False,False,False,ok,1,62579.0,450,600,
ISIC_4477663,0.26111148439816456,0.9397355397648977,0.22711152076843671,567.1,0.14619001593806402,0.17643036772255782,0.11594966415357022,0.9706551688914921,6,False,False,False,False,False,ok,1,157539.0,2448,3264,
ISIC_4478363,0.654925305288067,0.8136580125540346,0.8247821741839222,560.8,0.38603427674957846,0.3836545201768329,0.38841403332232405,1.0314070849558454,6,False,False,True,False,True,edge_adjacent(margin_5px);oversized_mask,1,142732.0,450,600,
ISIC_4482349,0.27502577297201425,0.9537125401953908,0.37607946425379507,467.4,0.17977521136018665,0.10411548843672014,0.25543493428365316,1.0013860873723697,6,False,False,False,False,False,ok,1,125058.0,450,600,
ISIC_4485467,0.295030123859091,0.9470189451839678,0.3802021552440851,491.0,0.19960368150164293,0.1538523892571242,0.24535497374616166,0.9788416875413682,6,False,False,False,False,True,oversized_mask,1,136660.0,450,600,
ISIC_4490935,0.35019387957005643,0.9166523511314478,0.45031123462735057,417.7,0.16873454281013078,0.18693481730853412,0.15053426831172745,0.9892489175551552,6,False,False,False,False,False,ok,1,88615.0,450,600,
ISIC_4493482,0.36032816176249716,0.9435105126708564,0.2631527259319222,642.3,0.17790032671148825,0.18460136674790373,0.17119928667507278,0.9917656765950564,6,False,False,False,False,False,ok,1,139739.0,1936,2592,
ISIC_4497032,0.1721270937348498,0.9868694610558587,0.17542051156827662,442.3,0.1050536667995437,0.05158300880704969,0.1585243247920377,0.9857506306955751,6,False,False,False,False,False,ok,1,108068.0,2448,3264,
ISIC_4503581,0.3103069926854477,0.9306404197053507,0.3677937226945724,446.0,0.19642687072010584,0.16755629281153972,0.22529744862867196,0.998888044371476,6,False,False,False,False,False,ok,1,111572.0,450,600,
ISIC_4508878,0.2428295648733403,0.9970926414077772,0.33241344012152346,3857.6,0.05287899932704404,0.035034439840647025,0.07072355881344106,1.0216877322647493,9,False,False,True,False,True,edge_adjacent(margin_24px);oversized_mask,1,7171092.0,2448,3264,
ISIC_4509108,0.41186684878464164,0.9009023762197326,0.46929061803416167,417.9,0.23394628097211956,0.19205491785739293,0.2758376440868462,1.0120420857647487,6,False,False,False,False,False,ok,1,80334.0,450,600,
ISIC_4522439,0.1356181885596941,0.9865645734673186,0.16211483240012667,688.4,0.09070448737743164,0.10712882712837557,0.07428014762648771,0.9911338197650363,7,False,False,False,False,False,ok,1,308382.0,2448,3264,
ISIC_4522789,0.16233462691245837,0.9821885428253615,0.14811589593435076,489.9,0.18228073889547702,0.1892578548955708,0.17530362289538326,0.967902867399983,6,False,False,False,False,False,ok,1,141893.0,2448,3264,
ISIC_4524099,0.24047757411804982,0.9920397876830765,0.14591698983574344,611.0,0.079969297532134,0.07723482795711534,0.08270376710715266,0.9703688629671847,6,False,False,False,False,False,ok,1,148962.0,2448,3264,
ISIC_4524488,0.329010750706738,0.9160095145374384,0.28419716715724314,1093.8,0.2178117133486847,0.2081563600007661,0.22746706669660333,0.9739624327868251,7,False,False,False,False,False,ok,1,552281.0,2448,3264,
ISIC_4525317,0.3079384937839308,0.9105005903650022,0.26890166933947846,1620.0,0.20372648629880719,0.14506427644834907,0.2623886961492653,0.9885983530260208,8,False,False,False,False,False,ok,1,1211192.0,2448,3264,
ISIC_4528136,0.24632142410322633,0.9845747482916478,0.25639498018178314,2207.9,0.05387488143048069,0.06464220071401683,0.043107562146944556,0.9929603966486142,8,False,False,False,False,False,ok,1,2059427.0,4000,6000,
ISIC_4545112,0.3026799761799731,0.9473895582329317,0.2767669518115238,429.1,0.1508908648086777,0.1404153898633479,0.1613663397540075,0.9905204735572566,6,False,False,False,False,False,ok,1,81933.0,1936,2592,
ISIC_4548483,0.301613091310842,0.9191991273309646,0.3396035729392369,797.5,0.1656340018171903,0.20150240927583263,0.12976559435854795,0.9947839493086769,7,False,False,False,False,False,ok,1,338547.0,1936,2592,
ISIC_4548593,0.25659391642713736,0.9510933135174559,0.21275103899500467,399.4,0.2473827381920088,0.24678663240023702,0.24797884398378056,0.990229447281873,6,False,False,False,False,False,ok,1,69562.0,2448,3264,
ISIC_4548708,0.29810851937062044,0.9393307954317772,0.3839894404588603,406.3,0.1882995202406731,0.20268515336310022,0.17391388711824596,1.0050220028547812,6,False,False,False,False,False,ok,1,94313.0,450,600,
ISIC_4552035,0.154383071294237,0.9787873167616704,0.23096704151558103,1380.3,0.06690810813397396,0.07502969746309518,0.05878651880485275,0.9930781338131865,8,False,False,False,False,False,ok,1,1252611.0,4000,6000,
ISIC_4552372,0.2980217546245384,0.963075598909769,0.2557982849173383,280.2,0.11957243884921503,0.1493262043987854,0.08981867329964466,0.9880616900865339,5,False,False,False,False,False,ok,1,33916.0,450,600,
ISIC_4560389,0.2186062541819599,0.9643268443098617,0.2961770298554638,1131.9,0.1415732274223046,0.12532684865726895,0.15781960618734026,0.9837267486987682,7,False,False,False,False,False,ok,1,645343.0,2448,3264,
ISIC_4563142,0.5842975954441003,0.7829878988507019,0.5199695485437986,377.3,0.3034299833945283,0.28546972610395427,0.32139024068510236,1.034526299824049,6,False,False,False,False,False,ok,1,57213.0,450,600,
ISIC_4566874,0.3549928975233225,0.9198465540808678,0.5136778927883864,293.9,0.11659683768793871,0.1272520116939534,0.10594166368192404,1.0136215272809233,6,False,False,False,False,False,ok,1,52588.0,450,600,
ISIC_4584962,0.3732112540509136,0.8765695075948289,0.38715133938251095,359.3,0.2641873951899051,0.2542575715846719,0.2741172187951383,0.9812270815448841,5,False,False,False,False,False,ok,1,57054.0,450,600,
ISIC_4586954,0.28773140491749216,0.9217842933267684,0.3428700419968881,317.2,0.17153080449347002,0.1436283382689716,0.19943327071796846,0.9995550001762409,6,False,False,False,False,False,ok,1,58463.0,450,600,
ISIC_4588970,0.3023923686094161,0.920443436436867,0.31337131207266633,349.1,0.2016518763675036,0.2418970566431491,0.1614066960918581,0.9874032784628831,6,False,False,False,False,False,ok,1,71104.0,450,600,
ISIC_4591134,0.4338615135431364,0.9246748910008181,0.49233984179801105,2893.2,0.2365844438613458,0.26086617671990786,0.21230271100278375,0.9804666438997311,8,False,False,False,False,False,ok,1,3235099.0,2448,3264,
ISIC_4596521,0.38596004524430516,0.8739524433227912,0.29857310973025314,1001.7,0.2714727743251488,0.27663507557132394,0.2663104730789737,0.9971593610810963,7,False,False,False,False,False,ok,1,493826.0,2448,3264,
ISIC_4597293,0.4017792499490661,0.9179470488749151,0.3471126193886398,3459.0,0.2677967953551204,0.13159784302449784,0.403995747685743,1.0104957608429364,9,False,False,True,False,False,edge_adjacent(margin_28px),1,5857339.0,2848,4288,
ISIC_4601154,0.3200629604861065,0.9387235686448285,0.3918629328299592,416.5,0.16475143376571177,0.1529626091493972,0.17654025838202636,0.9785957425283022,6,False,False,False,False,False,ok,1,83154.0,450,600,
ISIC_4604978,0.23759055001564144,0.9535986920127575,0.38005204729649095,355.2,0.09292313186106838,0.09438536307496403,0.09146090064717272,0.9911078461111965,6,False,False,False,False,False,ok,1,83325.0,450,600,
ISIC_4606877,0.2346272906263962,0.9532010866779436,0.24554386602775505,184.7,0.14708146219022045,0.11528069653180828,0.1788822278486326,0.9856357078387666,5,False,False,False,False,False,ok,1,18836.0,450,600,
ISIC_4607582,0.20968281991994664,0.9798004987531173,0.22411031728558545,173.9,0.11907273999919699,0.11032895633475504,0.12781652366363894,0.9574599271229209,4,False,False,False,False,False,ok,1,13960.0,450,600,
ISIC_4622192,0.5844697888101795,0.8249460819554277,0.5559665549475846,358.9,0.37022789130926004,0.3828250898818826,0.3576306927366375,1.0214065396114038,6,False,False,False,False,False,ok,1,52184.0,450,600,
ISIC_4626097,0.3160033050122061,0.9275588918739148,0.29975646301205594,328.6,0.15639102486682288,0.1574591280797435,0.15532292165390227,1.0006020254284635,6,False,False,False,False,False,ok,1,54108.0,450,600,
ISIC_4628573,0.22062540139017683,0.9510296979939178,0.20216325704858673,882.4,0.14211538342886787,0.0972390856799199,0.18699168117781584,0.9870098656522769,7,False,False,False,False,False,ok,1,468565.0,1936,2592,
ISIC_4629662,0.25268327807247515,0.9511019315078256,0.2525973178818991,790.7,0.10680636069262683,0.11958222664828144,0.09403049473697223,0.988711666864888,7,False,False,False,False,False,ok,1,314575.0,2448,3264,
ISIC_4633843,0.4303328747327769,0.8232749942388629,0.20728602697074772,647.4,0.35247116363863445,0.24059840082929795,0.46434392644797096,0.9928689303778339,7,False,False,False,False,False,ok,1,170539.0,2448,3264,
ISIC_4636434,0.1633132839062531,0.9944572905331882,0.20757119820144515,169.1,0.14231746993440825,0.1328970551766362,0.1517378846921803,0.9860267048845214,5,False,False,False,False,False,ok,1,14834.0,2448,3264,
ISIC_4640009,0.2976849406585198,0.9306352962474461,0.28619255881936095,552.5,0.21198214983468477,0.16491771244930842,0.25904658722006113,0.9791922402953875,6,False,False,True,False,True,edge_adjacent(margin_5px);oversized_mask,1,144623.0,450,600,
ISIC_4641356,0.5248853398067219,0.8760492228696003,0.6112193555757321,646.9,0.31958190356673916,0.31272834349779854,0.32643546363567977,1.0068902066385603,6,True,False,False,False,True,fragmented(2_meaningful_blobs);oversized_mask,2,159147.0,450,600,
ISIC_4646202,0.2843298193273587,0.9545069783475933,0.41211897670127773,1385.2,0.17669336968039995,0.16959682442978752,0.18378991493101238,1.0056006513371756,8,False,False,False,False,False,ok,1,1105267.0,2448,3264,
ISIC_4668657,0.6013866196696493,0.7994532259667959,0.515364297931787,550.4,0.2735443250207049,0.29419469326417313,0.2528939567772367,0.973728721170632,5,True,False,False,False,False,fragmented(3_meaningful_blobs),3,81106.0,450,600,
ISIC_4672749,0.19436370844289652,0.9706858743665341,0.1888421178827521,1957.0,0.1296591290662314,0.15977911317260896,0.09953914495985383,0.9828728271709246,8,False,False,False,False,False,ok,1,1852659.0,4000,6000,
ISIC_4676270,0.20850199534220826,0.9987983598527367,0.2102871556306593,3063.1,0.012211261681402408,0.01629263415425719,0.008129889208547625,1.008593889648572,8,False,False,True,False,True,edge_adjacent(margin_19px);oversized_mask,1,4805301.0,1936,2592,
ISIC_4676341,0.1796982062859641,0.9761172961774014,0.1565240327601665,437.9,0.1379102427211641,0.13276145915316895,0.14305902628915923,1.0048869504233762,6,False,False,False,False,False,ok,1,107748.0,2448,3264,
ISIC_4679707,0.3371924035375715,0.9502210122654489,0.4343714415726006,472.8,0.1309870415099067,0.11943650078575663,0.14253758223405677,0.9930449833741685,6,True,False,False,False,False,fragmented(2_meaningful_blobs),2,97966.0,450,600,
ISIC_4684662,0.22265642381478168,0.9512672017008948,0.24644941053295746,783.7,0.13045688853520726,0.15117200321678048,0.10974177385363404,0.9938995011075029,7,False,False,False,False,False,ok,1,326723.0,2448,3264,
ISIC_4687340,0.30563688212183326,0.9453936551473319,0.19817940290233915,567.2,0.2015871466322844,0.25986072423913753,0.14331356902543124,0.9825273945246165,6,False,False,False,False,False,ok,1,125417.0,2448,3264,
ISIC_4691314,0.2720702827237048,0.9527775145846586,0.20531453581253062,601.5,0.13567484876833985,0.14638780779215066,0.12496188974452904,0.9885451460959409,6,False,False,False,False,False,ok,1,141451.0,2448,3264,
ISIC_4691689,0.25890712508741165,0.9515174272568776,0.2704976791135174,1270.7,0.13960987040706185,0.10835750633762486,0.17086223447649884,0.9916288378571992,8,False,False,False,False,False,ok,1,878420.0,2448,3264,
ISIC_4700918,0.3854910292415141,0.8917586693955204,0.3300885968759298,201.8,0.33791134256437916,0.32815657912306373,0.3476661060056946,1.0181403771051578,5,False,False,False,False,False,ok,1,15715.0,450,600,
ISIC_4703321,0.29413982172113684,0.9373575676727253,0.26731182765680583,188.9,0.15170131278089538,0.17426101807841954,0.12914160748337122,0.9820615382305358,5,False,False,False,False,False,ok,1,17105.0,450,600,
ISIC_4718049,0.14292094652796838,0.990611628896435,0.13312060218844102,630.6,0.09922228811426859,0.10728162766136118,0.091162948567176,0.9877580607459346,7,False,False,False,False,False,ok,1,247631.0,2448,3264,
ISIC_4722397,0.27184087475042085,0.9322527960968349,0.21285854329568504,668.1,0.18903438159764696,0.1954742879114556,0.18259447528383832,1.0027878396165586,7,False,False,False,False,False,ok,1,226338.0,2448,3264,
ISIC_4726470,0.5144038976770997,0.8181269951032026,0.48792859647057246,329.4,0.3085075407060256,0.2216568006504369,0.3953582807616143,1.018654052806779,6,False,False,False,False,False,ok,1,51370.0,450,600,
ISIC_4733269,0.269081385726332,0.9521740261767844,0.44010124710734666,195.9,0.08598808800320379,0.08855670107790947,0.0834194749284981,0.9959644236124746,5,False,False,False,False,False,ok,1,18545.0,450,600,
ISIC_4737695,0.281339662785817,0.9505849177149656,0.2906415951224314,272.7,0.14181830697080738,0.14923469389563704,0.13440192004597773,0.9440191731372434,5,False,False,False,False,False,ok,1,43522.0,450,600,
ISIC_4738071,0.1409387248822852,0.9833538266094021,0.20198616485719725,729.3,0.09302930324622255,0.0721194424827426,0.1139391640097025,0.9770988043673483,7,False,False,False,False,False,ok,1,338451.0,2448,3264,
ISIC_4738295,0.20434553036579017,0.9727439170160289,0.21162257667661105,550.2,0.14273166185447517,0.20221609631510884,0.0832472273938415,0.9750157599937512,6,False,False,False,False,False,ok,1,167498.0,2448,3264,
ISIC_4740515,0.2687556823302635,0.9416030387906227,0.24812566665846195,154.8,0.26020068337256613,0.3138765032216,0.20652486352353228,0.9720891979365237,5,False,False,False,False,False,ok,1,12469.0,450,600,
ISIC_4742379,0.30768160644329057,0.9399227421055525,0.2731443206759588,402.4,0.1683811624485,0.19753439275182405,0.13922793214517593,0.9921968209123146,6,False,False,False,False,False,ok,1,94594.0,450,600,
ISIC_4744679,0.21069454355988582,0.9669721901932811,0.21875708482602532,909.7,0.18624235060333183,0.2041763341083398,0.16830836709832386,0.9764704366513773,7,False,False,False,False,False,ok,1,446459.0,1936,2592,
ISIC_4750271,0.4544706137428022,0.8879080036867324,0.5067293484749499,993.8,0.2554864644257534,0.28727664929123264,0.22369627956027416,1.0137984769606236,7,True,False,False,False,False,fragmented(2_meaningful_blobs),2,476414.0,2448,3264,
ISIC_4753959,0.18035292856176333,0.9634629772812091,0.3121923539603465,969.6,0.09743508048220356,0.0943527869607832,0.10051737400362393,0.9736339831789443,7,False,False,False,False,False,ok,1,540807.0,2448,3264,
ISIC_4757362,0.2528234940656583,0.9488269751122477,0.35584530980699436,163.7,0.15799215607613443,0.1369184708004999,0.17906584135176895,0.97598470960165,5,False,False,False,False,False,ok,1,16174.0,450,600,
ISIC_4760114,0.2754240038843636,0.9498043669091277,0.3932344976395269,512.5,0.18005598374422915,0.18385360335668122,0.1762583641317771,1.00136370705675,6,False,False,False,False,True,oversized_mask,1,146207.0,450,600,
ISIC_4760917,0.14100577514054236,0.9844831634141309,0.14419857105239073,472.8,0.08552975543354574,0.0758899519607612,0.09516955890633028,0.9793836715288123,6,False,False,False,False,False,ok,1,138972.0,2448,3264,
ISIC_4773462,0.20981420374570137,0.9626730913937935,0.26020662291619323,975.6,0.13046592346944375,0.05552887594680356,0.20540297099208393,0.9732042240820267,7,False,False,False,False,False,ok,1,502071.0,2848,4288,
ISIC_4780727,0.4209715880787587,0.8581144069351773,0.3590425290921851,1165.7,0.3570160774492872,0.330711353497968,0.3833208014006064,1.0014538164078506,8,False,False,False,False,False,ok,1,703087.0,2448,3264,
ISIC_4781223,0.36567925749312413,0.873501180907189,0.3325656274675698,1390.7,0.28521087073809237,0.43781496535433806,0.13260677612184668,0.9834276638229686,8,False,False,False,False,False,ok,1,853712.0,2448,3264,
ISIC_4784251,0.2555205091250339,0.9436993386521769,0.1684569155487976,687.2,0.2144102806506087,0.3405723351418095,0.08824822615940786,0.9924318567742019,7,False,False,False,False,False,ok,1,222803.0,2448,3264,
ISIC_4787120,0.37978003746954414,0.9044879674397006,0.5067175610822617,392.8,0.22699635203726826,0.13268644676482733,0.3213062573097092,0.9951596872950085,6,False,False,False,False,False,ok,1,83338.0,450,600,
ISIC_4787531,0.1644721880091382,0.9676055557095727,0.21700125679510082,342.0,0.13499798845200567,0.11900490052862633,0.150991076375385,0.9855102109071239,6,False,False,False,False,False,ok,1,70245.0,2448,3264,
ISIC_4793606,0.487870129304969,0.8865771014148139,0.6976495188588034,583.9,0.17912662315289402,0.18591846880943386,0.17233477749635417,1.0340333185862183,6,False,False,False,False,True,oversized_mask,1,146123.0,450,600,
ISIC_4810485,0.2913616955471777,0.9168434091395167,0.3777681112074222,898.3,0.20900483480226645,0.18999960528397752,0.22801006432055537,0.9828701009908358,7,False,False,False,False,False,ok,1,412717.0,2448,3264,
ISIC_4817275,0.12383669810154518,0.9889611378519445,0.1976400959961292,424.0,0.07313751437332633,0.06460310613437759,0.08167192261227507,1.002631623626167,6,False,False,False,False,False,ok,1,107678.0,2448,3264,
ISIC_4835535,0.2308405513627111,0.9520548292544397,0.23622110685390107,829.7,0.15591652781907384,0.18209924254332666,0.12973381309482102,0.9783002882594265,7,False,False,False,False,False,ok,1,376532.0,2448,3264,
ISIC_4836901,0.1873322507813402,0.9619356663595298,0.2912287480304606,852.1,0.13653440726319604,0.12964218455948773,0.14342662996690436,1.0034180081628785,7,False,False,False,False,False,ok,1,397273.0,1936,2592,
ISIC_4842587,0.46426645180270565,0.8595461742156552,0.4160737089923913,1300.1,0.37736824886583853,0.37670229423690305,0.378034203494774,1.010649680273802,8,False,False,False,False,False,ok,1,869793.0,2448,3264,
ISIC_4845560,0.38755359091834185,0.9139040165352593,0.42654355841212055,405.1,0.21898324989186085,0.20451352699500935,0.23345297278871235,0.9862736979902071,6,False,False,False,False,False,ok,1,79245.0,450,600,
ISIC_4845899,0.22612796663155155,0.9360691956940723,0.27559583312666186,132.3,0.15228629472485045,0.1293835364406254,0.1751890530090755,0.9346776638868572,4,False,False,False,True,False,very_small_contour(lt_12445px),1,10131.0,450,600,
ISIC_4846741,0.1834092996711616,0.9840117338652064,0.16654428654547093,818.6,0.0648619252977714,0.05449465975599699,0.07522919083954582,1.0063968009025506,7,False,False,False,False,False,ok,1,338427.0,2448,3264,
ISIC_4848011,0.15776500878330912,0.9800626020685901,0.1636468922331216,255.4,0.10252932855639496,0.06136933670256228,0.14368932041022764,0.9502136318472559,5,False,False,False,False,False,ok,1,36323.0,2448,3264,
ISIC_4851185,0.6536349190957129,0.8034247165287166,0.597274588857615,624.8,0.3202165942157901,0.371534937002454,0.26889825142912616,1.0189554504080227,6,False,False,True,False,True,edge_adjacent(margin_5px);oversized_mask,1,142159.0,450,600,
ISIC_4851652,0.18392654396036634,0.9751826644671495,0.17341040402665958,1075.9,0.17330584730837845,0.08459956586443995,0.26201212875231694,0.9822005560634212,7,False,False,False,False,False,ok,1,671451.0,2448,3264,
ISIC_4854971,0.2438090426271814,0.9488167809633279,0.2833271908382353,734.3,0.18139100949113934,0.12882728278947275,0.23395473619280593,0.9896433942315439,7,False,False,False,False,False,ok,1,282410.0,2448,3264,
ISIC_4874581,0.29833415886386383,0.9671012260984745,0.1639349991255237,1434.4,0.14299929092306551,0.17098553925951,0.11501304258662104,0.9727470249516377,7,False,False,False,False,False,ok,1,747051.0,2448,3264,
ISIC_4886164,0.16532175420062345,0.9821542261591527,0.152138454391979,845.4,0.12001621405335433,0.1380575861572898,0.10197484194941886,0.9803133072137101,7,False,False,False,False,False,ok,1,436868.0,2448,3264,
ISIC_4886295,0.3386256917719719,0.9356823995870605,0.33096379985094754,438.9,0.18143981910451323,0.16431177447026735,0.19856786373875912,0.9705663522717217,6,False,False,False,False,False,ok,1,83009.0,450,600,
ISIC_4894802,0.27199883055656815,0.9648752484978445,0.1910601268648929,469.1,0.11769900029534225,0.10427160333285057,0.13112639725783393,0.9766061088123222,5,False,False,False,False,False,ok,1,86935.0,1936,2592,
ISIC_4916704,0.2263227689371865,0.9997010232481899,0.24542757343242197,3178.4,0.032427989637861865,0.009985313188582978,0.05487066608714075,1.005390128467841,8,False,False,True,False,True,edge_adjacent(margin_19px);oversized_mask,1,4871243.0,1936,2592,
ISIC_4918621,0.2636679015085921,0.9375146030499599,0.3884242745764249,615.5,0.19365985002015523,0.19519677690980697,0.1921229231305035,0.9761944503108286,6,False,False,False,False,False,ok,1,195384.0,2448,3264,
ISIC_4919503,0.17148418357393314,0.9813323979667128,0.2364138460032021,1231.7,0.13077155499133042,0.15238140228085495,0.10916170770180589,0.993214712414979,7,False,False,False,False,False,ok,1,866056.0,2848,4288,
ISIC_4923819,0.26235447790044775,0.9677572719021481,0.2407599696761194,641.6,0.12415724528569083,0.11141216118369734,0.13690232938768432,0.9893096120149043,6,False,False,False,False,False,ok,1,168680.0,2448,3264,
ISIC_4937672,0.4731636221625696,0.8727343094884861,0.5200580096586791,559.2,0.2570262797554748,0.31247226957877505,0.20158028993217458,1.0187656605120143,6,False,False,True,False,True,edge_adjacent(margin_5px);oversized_mask,1,149672.0,450,600,
ISIC_4939763,0.20516650416772708,0.9611709392764362,0.2741408779349864,783.4,0.10019856181760217,0.10089840689709872,0.09949871673810562,0.979786245932276,7,False,False,False,False,False,ok,1,363794.0,2448,2448,
ISIC_4951213,0.24410855572857004,0.9783015931570331,0.24025210658848012,599.6,0.20989567779590007,0.17195980440017222,0.24783155119162792,0.9867259542558177,6,False,False,False,False,False,ok,1,170458.0,2448,3264,
ISIC_4953281,0.22630385915875906,0.9359891450933671,0.19134073160855652,715.6,0.18584887100955977,0.14830887295453465,0.22338886906458488,0.9971036440042012,7,False,False,False,False,False,ok,1,283760.0,2448,3264,
ISIC_4955345,0.39085551442068533,0.9209780561925537,0.22428628340304496,706.6,0.20622645593186495,0.16367873348315942,0.24877417838057048,0.982260197023446,7,False,False,False,False,False,ok,1,148950.0,2448,3264,
ISIC_4961146,0.313699257957185,0.9513746427831515,0.25930822038709817,3857.1,0.08264162278302478,0.05558617831216417,0.1096970672538854,1.0072527419950505,9,False,False,True,False,True,edge_adjacent(margin_24px);oversized_mask,1,7519903.0,2448,3264,
ISIC_4968641,0.3752764131646502,0.9138089353582579,0.45509598243873167,579.5,0.2171730345361867,0.17039451221919866,0.26395155685317473,0.9970389714842469,6,True,False,False,False,True,fragmented(2_meaningful_blobs);oversized_mask,2,147540.0,450,600,
ISIC_4969277,0.2765798948080189,0.9707795331372281,0.3752626324750251,581.4,0.20537870974770872,0.12949458959890536,0.2812628298965121,1.0035537664730767,6,False,False,False,False,True,oversized_mask,1,167273.0,450,600,
ISIC_4974868,0.19027562525467656,0.9730850143615565,0.20496273716780825,1052.0,0.1501727480606609,0.13023385135453158,0.1701116447667902,0.9839361126720619,7,False,False,False,False,False,ok,1,692674.0,2448,3264,
ISIC_4980656,0.5104220763496872,0.8414383265647518,0.4710141559785923,2750.5,0.36781610784037144,0.35619621889835273,0.37943599678239015,0.9977619867424269,9,False,False,False,False,False,ok,1,3050962.0,2448,3264,
ISIC_4981008,0.29677817479285784,0.9263283668265144,0.34648365008674953,439.3,0.16679969451625742,0.13275673590819914,0.2008426531243157,0.9892587333386685,6,False,False,False,False,False,ok,1,116142.0,450,600,
ISIC_4985027,0.20408151735339464,0.9659828688436045,0.2261956181579865,841.0,0.13310042000576988,0.1595147272091746,0.10668611280236517,0.9788743594010576,7,False,False,False,False,False,ok,1,399007.0,2448,3264,
ISIC_4990737,0.2548899265795972,0.9648352420431392,0.2492248609855151,408.1,0.1376362182740014,0.15657670152607506,0.11869573502192776,0.9664179448152603,5,False,False,False,False,False,ok,1,69133.0,2448,3264,
ISIC_5010212,0.35336613069050504,0.9519006562433486,0.4059026751159189,1535.7,0.13039779427796877,0.11887382201388741,0.14192176654205013,0.9874792071017674,7,False,False,False,False,False,ok,1,802257.0,2448,3264,
ISIC_5010590,0.351756040339016,0.9693294763388222,0.623880480054392,674.6,0.22227522532620037,0.17204218637341917,0.27250826427898156,1.0080317574671778,6,True,False,True,False,True,fragmented(2_meaningful_blobs);edge_adjacent(margin_5px);oversized_mask,2,196576.0,450,600,
ISIC_5012399,0.2069337814206852,0.9931774891774892,0.1373641498976505,600.7,0.06293975573460708,0.045839758224598626,0.08003975324461554,0.9854430889933625,6,False,False,False,False,False,ok,1,158414.0,2448,3264,
ISIC_5017355,0.262144597987475,0.9697696161868002,0.30765508960040355,421.1,0.09681702517610286,0.07192762239689343,0.12170642795531228,0.9934634379075448,6,False,False,False,False,False,ok,1,81407.0,450,600,
ISIC_5019119,0.2860562450300439,0.9378035976762091,0.40023826986713323,255.4,0.1826643301767263,0.17870988587177716,0.1866187744816754,0.9854808459477099,5,False,False,False,False,False,ok,1,33825.0,450,600,
ISIC_5022731,0.3235593816099819,0.925629103024023,0.3527784004965723,380.3,0.26479850903229396,0.22955394967319265,0.3000430683913953,1.0074508881502018,6,False,False,False,False,False,ok,1,71050.0,450,600,
ISIC_5023550,0.3107170111366787,0.9412866784967362,0.29557191762521345,523.7,0.262536644490622,0.1463342561265798,0.37873903285466415,0.9849120919233023,6,False,False,False,False,False,ok,1,119464.0,450,600,
ISIC_5032675,0.16013509646139545,0.981626221241727,0.25093013734502784,168.2,0.07172298577846936,0.06960244654008552,0.0738435250168532,0.9663975229242057,4,False,False,False,False,False,ok,1,15785.0,450,600,
ISIC_5038394,0.13414399202997274,0.9785562209934596,0.19489385062489856,220.2,0.09056646704226529,0.07089440624974885,0.11023852783478172,0.9767382719768761,5,False,False,False,False,False,ok,1,32240.0,2448,3264,
ISIC_5055083,0.23554550861308154,0.9586869976714489,0.2565453419575822,262.0,0.1981082231701491,0.1731875445882295,0.2230289017520687,0.9578292519367935,5,False,False,False,False,False,ok,1,38416.0,450,600,
ISIC_5061591,0.23675571528645067,0.982140359130334,0.23374637671983378,1721.9,0.096709920485261,0.05491543397148879,0.1385044069990332,0.9790807641223721,7,False,False,False,False,False,ok,1,1269310.0,2848,4288,
ISIC_5063002,0.40511756164595003,0.937873357228196,0.37125945808664146,587.6,0.19443669600270863,0.179286813209803,0.20958657879561426,0.9943891958939519,6,False,False,False,False,False,ok,1,123549.0,450,600,
ISIC_5063454,0.49385380570185033,0.9079670080667089,0.227604741020524,794.9,0.22641204659501907,0.17424004256744552,0.2785840506225926,0.9727772519622401,6,False,False,False,False,False,ok,1,151104.0,2448,3264,
ISIC_5063476,0.2455710759624845,0.94434183845738,0.20812068979158113,695.5,0.24232631547794775,0.31666070506168065,0.16799192589421486,0.9841901998692139,7,False,False,False,False,False,ok,1,256792.0,2448,3264,
ISIC_5068413,0.4387836586556654,0.8907114696935586,0.5639749175023459,390.2,0.1850428710190954,0.19423535117976842,0.17585039085842236,1.0179657977368228,6,False,False,False,False,False,ok,1,85656.0,450,600,
ISIC_5076357,0.2320985400029365,0.9678665516118156,0.1962475320893928,434.2,0.17486823402397467,0.10883704411741835,0.240899423930531,0.9874593364372279,6,False,False,False,False,False,ok,1,85191.0,2448,3264,
ISIC_5077664,0.29495406837423155,0.9502684958982223,0.38402399698824335,876.4,0.11300553809693409,0.09962460630411651,0.12638646988975166,0.9902658544635303,7,False,False,False,False,False,ok,1,327030.0,4000,6000,
ISIC_5078271,0.13551738667020619,0.9861364120277272,0.16113200418635198,255.7,0.0940568059383281,0.12651623262739664,0.061597379249259565,0.9637507569708501,5,False,False,False,False,False,ok,1,42009.0,2448,3264,
ISIC_5080908,0.14642028008242525,0.9886051706668831,0.12903636469575364,725.0,0.16663370750934686,0.17032499764000042,0.1629424173786933,0.9711373060890133,7,False,False,False,False,False,ok,1,329723.0,2448,3264,
ISIC_5088064,0.17575490219611412,0.9882108537246355,0.13574863749966495,778.6,0.08413553131845564,0.07800430624443988,0.09026675639247139,0.9897982357097806,7,False,False,False,False,False,ok,1,300832.0,2448,3264,
ISIC_5091996,0.21398901681012783,0.9815391500550096,0.19993371883645333,343.3,0.1410834615009235,0.11382547473305904,0.16834144826878794,0.9685487680366613,5,False,False,False,False,False,ok,1,53042.0,2448,3264,
ISIC_5092532,0.1965130843210513,0.9714116556164538,0.3074092076900146,434.4,0.10504645273551017,0.11845438835658406,0.09163851711443627,0.9879695704029744,6,False,False,False,False,False,ok,1,112131.0,450,600,
ISIC_5093839,0.22373487286734883,0.9702554196318107,0.331520507599541,565.0,0.12856686799414008,0.12659390869788933,0.13053982729039082,0.9975036188405675,6,False,False,True,False,True,edge_adjacent(margin_5px);oversized_mask,1,150888.0,450,600,
ISIC_5103206,0.30029528502841396,0.9334141640803844,0.3843337092686844,449.9,0.1984757235553422,0.1596306772770486,0.23732076983363581,0.9971772137243791,6,False,False,True,False,False,edge_adjacent(margin_5px),1,103755.0,450,600,
ISIC_5105824,0.19595237846474622,0.9734360518013996,0.22573270829172667,468.6,0.10146314518011534,0.07946124575172353,0.12346504460850716,0.9696307918102709,6,False,False,False,False,False,ok,1,115073.0,2448,3264,
ISIC_5106902,0.15779939407517163,0.967023772983356,0.2599111009142079,1116.2,0.1267095907932012,0.1340905298797057,0.11932865170669671,0.9794107165611292,7,False,False,False,False,False,ok,1,782807.0,4000,6000,
ISIC_5123323,0.2156266325241245,0.9691217161661748,0.24854332215701466,653.4,0.13185065238396781,0.15730626356634436,0.10639504120159127,0.9861003059806285,6,False,False,False,False,False,ok,1,200599.0,2448,3264,
ISIC_5126567,0.41448669172832797,0.8649207279877287,0.4186130347462357,395.5,0.3534819106676445,0.32646857143626884,0.38049524989902017,0.9759662353867807,6,False,False,False,False,False,ok,1,73428.0,450,600,
ISIC_5127003,0.2791336459044226,0.942917882226679,0.2025915350016393,785.8,0.2471316397139799,0.3063760069195536,0.1878872725084062,1.0026592982715492,7,False,False,False,False,False,ok,1,298819.0,2448,3264,
ISIC_5129541,0.19661247568302898,0.9683562765754546,0.25751851357300987,392.7,0.06899881359597287,0.062491630595651326,0.07550599659629442,1.0131750462457538,6,False,False,False,False,False,ok,1,86811.0,450,600,
ISIC_5133582,0.2109594565448416,0.9650725981683798,0.21874681708482277,1214.8,0.13757450622773115,0.14035835220881654,0.13479066024664577,1.0038451340720533,7,False,False,False,False,False,ok,1,749254.0,2448,3264,
ISIC_5140952,0.13570004434725336,0.982934743420262,0.26776180054634763,415.0,0.06853687891755672,0.07344840865347269,0.06362534918164076,1.0062796382520147,6,False,False,False,False,False,ok,1,115078.0,2848,4288,
ISIC_5144082,0.22147380820757245,0.9497041534102686,0.23649564471031226,1047.4,0.14202540924624096,0.15710203666965994,0.126948781822822,0.9752627714265006,7,False,False,False,False,False,ok,1,617589.0,2448,3264,
ISIC_5144687,0.35257765094523064,0.9157886972449996,0.3685892799750881,396.4,0.22072396342598188,0.222180085809507,0.21926784104245678,0.9773071270265001,6,False,False,False,False,False,ok,1,75007.0,450,600,
ISIC_5153848,0.3346577939831642,0.9557677627861327,0.22607372153919092,762.2,0.09039535448399966,0.09653477513346509,0.08425593383453422,0.9860776635207932,6,True,False,False,False,False,fragmented(2_meaningful_blobs),2,193655.0,2448,3264,
ISIC_5156491,0.4404697926990552,0.8696625421956875,0.3079185857837538,1757.8,0.2944136637400689,0.354493396969907,0.23433393051023077,0.975277689628112,7,False,False,False,False,False,ok,1,1092282.0,2448,3264,
ISIC_5157183,0.24499622038212865,0.9614390632072304,0.29821994967338167,246.1,0.09652828689455956,0.13570827491905446,0.05734829887006465,0.9855791125672738,5,False,False,False,False,False,ok,1,33233.0,450,600,
ISIC_5157495,0.3067311466482092,0.9204197001155173,0.3653945427743787,442.9,0.18388775021996523,0.18056942301911771,0.18720607742081274,0.9899888500159421,6,False,False,True,False,False,edge_adjacent(margin_5px),1,120547.0,450,600,
ISIC_5168763,0.14863468995264228,0.9813835396848832,0.15943323831205677,550.1,0.12864817308393223,0.12568607580133817,0.13161027036652628,0.9838284036028487,6,False,False,False,False,False,ok,1,186832.0,2448,3264,
ISIC_5172440,0.2855398615728114,0.9696630523200797,0.27243485151338165,970.9,0.1846899999285625,0.19224640534092519,0.1771335945161998,0.9872045844097806,7,False,False,False,False,False,ok,1,387992.0,2448,3264,
ISIC_5172576,0.28660062032787137,0.9457534161928942,0.2873336660625294,1553.6,0.14311668871104,0.15026431020735964,0.13596906721472035,0.9985749108476423,8,True,False,False,False,False,fragmented(2_meaningful_blobs),2,1134489.0,2448,3264,
ISIC_5173718,0.17379397731393997,0.9742266606547431,0.2651083882604068,373.5,0.07642488724587782,0.08344769000540797,0.06940208448634766,0.9798150895592239,6,False,False,False,False,False,ok,1,87993.0,450,600,
ISIC_5175946,0.19587262030449415,0.9748842529776939,0.21266016707955518,447.5,0.18027630863552585,0.18029044032631591,0.18026217694473579,0.976147221212228,6,False,False,False,False,False,ok,1,117338.0,450,600,
ISIC_5176486,0.32252494760043315,0.9726815555840181,0.17699737133743493,663.0,0.11230455445205956,0.13995218386629515,0.08465692503782396,0.9851553102741638,6,False,False,False,False,False,ok,1,145002.0,2448,3264,
ISIC_5182820,0.4000021991717212,0.8787926476142516,0.36632361233968,1991.0,0.23990436324287429,0.3152605708371098,0.16454815564863878,0.9952914522616406,8,True,False,False,False,False,fragmented(2_meaningful_blobs),2,1747647.0,2448,3264,
ISIC_5182952,0.22787223422588654,0.9646525108688804,0.3842927018032471,372.9,0.1420312951457075,0.12414954680402279,0.15991304348739221,0.9821249912123499,6,False,False,False,False,False,ok,1,84655.0,450,600,
ISIC_5183234,0.16013939521672227,0.9823052841754106,0.20723371188456044,455.6,0.13915927777836806,0.08089327647257316,0.19742527908416296,0.986118134621369,6,False,False,False,False,False,ok,1,120137.0,2448,3264,
ISIC_5194092,0.23087584691922192,0.9592208737920367,0.3341397849145238,600.7,0.14296019112771163,0.1500913995311869,0.13582898272423638,0.9947959158965546,7,False,False,False,False,False,ok,1,207583.0,2448,3264,
ISIC_5197483,0.15585897859349473,0.9835478473870111,0.1858124501889993,385.3,0.15544107471431018,0.17889518414428474,0.13198696528433562,0.9818626425030589,6,False,False,False,False,False,ok,1,90427.0,2448,3264,
ISIC_5203599,0.35586610621349957,0.9055534944778973,0.38509289879353237,520.7,0.2672162720652472,0.23446452792070704,0.2999680162097873,0.9973657042504028,6,False,False,True,False,False,edge_adjacent(margin_5px),1,127609.0,450,600,
ISIC_5207549,0.45409155161744597,0.9183132829085829,0.5774362914581989,631.9,0.14336285014720196,0.1396819744982727,0.14704372579613123,1.0133786745984017,6,False,False,True,False,True,edge_adjacent(margin_5px);oversized_mask,1,200718.0,450,600,
ISIC_5218005,0.2835219114370462,0.9550065681548199,0.4192934621002354,540.1,0.11999971324537029,0.09417874487163924,0.14582068161910133,0.9882694574378018,6,False,False,False,False,True,oversized_mask,1,152651.0,450,600,
ISIC_5224960,0.19802527589425034,0.9812203243923296,0.24365213262405627,2142.9,0.0926495415097795,0.073951264720579,0.11134781829898,0.9960851740710053,8,False,False,False,False,False,ok,1,2161387.0,2848,4288,
ISIC_5230761,0.21374614139026926,0.9656956866026998,0.32058608571035385,543.1,0.10004039531282927,0.06879625516557697,0.13128453546008156,0.9689356312785756,6,False,False,True,False,True,edge_adjacent(margin_5px);oversized_mask,1,183077.0,450,600,
ISIC_5233519,0.411262197892151,0.9180858363744113,0.5652896262136208,372.3,0.17826862608949828,0.17270066246845328,0.18383658971054329,1.0029496985886746,5,False,False,False,False,False,ok,1,59345.0,450,600,
ISIC_5239106,0.39771841730335666,0.8459415647072446,0.34597475463371924,299.1,0.33833343212656697,0.34182813028254266,0.3348387339705913,0.9888025380137014,6,False,False,False,False,False,ok,1,44245.0,450,600,
ISIC_5240279,0.5200518992445233,0.8458970850437451,0.5096069855117923,392.2,0.30475471621892286,0.293724265630009,0.31578516680783675,1.004721844921244,5,False,False,False,False,False,ok,1,61747.0,450,600,
ISIC_5241686,0.17714391693651077,0.9863875771198342,0.13346850242988087,621.2,0.13358513899950675,0.19630647385203548,0.07086380414697802,0.9765089498028142,6,False,False,False,False,False,ok,1,196355.0,2448,3264,
ISIC_5242239,0.2340702476303549,0.9641721800212366,0.38003658737921353,488.6,0.16162486644833024,0.15907584154235477,0.1641738913543057,0.9763122036327168,6,False,False,True,False,True,edge_adjacent(margin_5px);oversized_mask,1,148221.0,450,600,
ISIC_5246923,0.29017201074370935,0.9514487622697044,0.4752446172272906,348.6,0.11462889738537424,0.14758542937283448,0.081672365397914,0.9911552977166485,6,False,False,False,False,False,ok,1,69008.0,450,600,
ISIC_5247560,0.3233803238362102,0.9704599865199098,0.3776569436763401,3983.4,0.22309909074923667,0.12644176127083961,0.31975642022763373,1.0114170023096607,9,False,False,False,False,True,oversized_mask,1,7304514.0,2848,4288,
ISIC_5250589,0.3340875713154372,0.8977632253846753,0.33970925354729803,1202.7,0.25462571943568946,0.2308889464298629,0.278362492441516,0.9723967528707572,7,False,False,False,False,False,ok,1,651717.0,4000,6000,
ISIC_5253746,0.6009556977794484,0.7716037186209692,0.4391764834515067,534.2,0.3391229452406755,0.4171634863391731,0.26108240414217787,0.9833149745055395,6,False,False,True,False,False,edge_adjacent(margin_5px),1,76828.0,450,600,
ISIC_5264073,0.16841763100322482,0.9853754911075788,0.22803380162905595,495.4,0.11343411865227165,0.09963444822477385,0.12723378907976945,0.9870681332102074,6,False,False,False,False,False,ok,1,132042.0,2448,3264,
ISIC_5267208,0.20629181856845458,0.9599429524753561,0.30063399976095423,2777.4,0.11397398568675443,0.12451274499049403,0.10343522638301483,0.9972688007891887,8,False,False,True,False,False,edge_adjacent(margin_28px),1,4335037.0,2848,4288,
ISIC_5268446,0.30083920171596,0.9553572945874755,0.21936208829389708,617.3,0.12251143077911136,0.08085597826711377,0.16416688329110896,0.9794459180099294,6,False,False,False,False,False,ok,1,141245.0,2448,2448,
ISIC_5270147,0.4535738184921415,0.8897035562089436,0.5292073672898314,481.9,0.2886616139959347,0.1842517308458539,0.3930714971460155,0.9677490007926567,6,False,False,False,False,False,ok,1,96256.0,450,600,
ISIC_5272223,0.35927126873866955,0.9024319285226413,0.33698537739966516,1214.8,0.1735596731074407,0.18523402036317127,0.16188532585171012,0.9930347966301151,7,False,False,False,False,False,ok,1,612533.0,1936,2592,
ISIC_5274586,0.3344848798136406,0.9209871281220697,0.26503542558558907,368.1,0.22027773892692193,0.20742544929222195,0.2331300285616219,0.9463502988615486,5,False,False,False,False,False,ok,1,54460.0,2448,3264,
ISIC_5277926,0.2902175083722045,0.9619044180634828,0.3411090900804807,616.4,0.10296144764403659,0.09632541181313958,0.10959748347493359,0.9918813425045436,6,False,False,False,False,False,ok,1,147234.0,2448,3264,
ISIC_5288393,0.16015308339182066,0.9751900000463133,0.22569414600363083,717.5,0.12050348031417374,0.1448244339249659,0.09618252670338157,0.990693272804628,7,False,False,False,False,False,ok,1,316772.0,4000,6000,
ISIC_5289026,0.1588601143425873,0.9822376327895123,0.1977567339106487,571.3,0.09854522753876077,0.10793785460995853,0.08915260046756301,0.9846338658877799,6,False,False,False,False,False,ok,1,178457.0,2448,3264,
ISIC_5291129,0.24133275891752015,0.9673490120237828,0.2478669450724856,842.2,0.09817734307010395,0.08053255583784003,0.11582213030236788,0.9921480131076562,7,False,False,False,False,False,ok,1,337130.0,2448,3264,
ISIC_5291409,0.3454793308798293,0.8802421382894642,0.22961390966465065,651.1,0.22251740272963488,0.24468905838955912,0.20034574706971064,0.990523320643633,7,False,False,False,False,False,ok,1,221380.0,1936,2592,
ISIC_5294377,0.3209177795673668,0.9505994184132558,0.34699178778784634,391.2,0.1386167368969185,0.17354005982510168,0.10369341396873533,0.9990294593454138,5,False,False,False,False,False,ok,1,69802.0,450,600,
ISIC_5296963,0.16485979442782395,0.9915547892463759,0.17218094123261926,325.6,0.16854926628208633,0.1785310734588711,0.15856745910530157,0.9709026865718423,5,False,False,False,False,False,ok,1,59650.0,2448,3264,
ISIC_5298608,0.16913500896987232,0.9844301382927992,0.19541513153683057,433.1,0.10959388843422091,0.08397200318487896,0.13521577368356286,0.9829594257022903,6,False,False,False,False,False,ok,1,103761.0,2448,3264,
ISIC_5299587,0.16292621492101111,0.98040124319876,0.22371687922436184,340.9,0.11183464920962355,0.1454086993194036,0.07826059909984351,0.9939959542929186,6,False,False,False,False,False,ok,1,61769.0,2448,3264,
ISIC_5302330,0.1834968756797265,0.9848077196704136,0.21758709922881142,375.2,0.15082050052603718,0.1574778505494332,0.14416315050264117,0.9856627056918207,6,False,False,False,False,False,ok,1,76597.0,1936,2592,
ISIC_5312996,0.2218819627107973,0.9852007691255622,0.140558027527742,933.4,0.11121722126453909,0.09309788009509279,0.1293365624339854,0.9987424163662774,7,False,False,False,False,False,ok,1,368452.0,3264,2448,
ISIC_5314606,0.12627536839263287,0.9852977408024935,0.15804759490604947,359.8,0.09954678383372922,0.10054908852294575,0.0985444791445127,0.9718641830649932,6,False,False,False,False,False,ok,1,86466.0,2448,3264,
ISIC_5315062,0.34550776262042304,0.8848980585937969,0.3631927859025092,1427.0,0.24297244183112426,0.22721721979313336,0.25872766386911517,1.0020183520788155,8,False,False,False,False,False,ok,1,1033737.0,2448,3264,
ISIC_5322852,0.32565769370165465,0.9424996748916558,0.4114872585240067,570.2,0.13660817647236817,0.15974048953606768,0.11347586340866866,1.0123329864798174,6,False,False,False,False,True,oversized_mask,1,156553.0,450,600,
ISIC_5324644,0.23727206158157998,0.9764545173142404,0.18746597388065459,399.2,0.20721011086938357,0.16491166345197505,0.24950855828679208,0.9597825190987055,6,False,False,False,False,False,ok,1,73009.0,2448,3264,
ISIC_5330187,0.22210604128278055,0.95194960590801,0.2392374711992398,1515.1,0.1752606060590668,0.19866949219361618,0.1518517199245174,0.9973096399462192,8,False,False,False,False,False,ok,1,1350927.0,2448,3264,
ISIC_5336115,0.19904922378650147,0.976507498722506,0.2970597925546366,634.8,0.07971116923603122,0.06191081453649905,0.0975115239355634,0.9834908426098353,7,False,False,False,False,False,ok,1,219586.0,2448,3264,
ISIC_5343231,0.20537344866017027,0.9564086213493177,0.194774569089049,480.6,0.16371368962355715,0.20094533498286793,0.12648204426424636,0.9700739674756051,6,False,False,False,False,False,ok,1,131855.0,2448,3264,
ISIC_5344574,0.17703024501744935,0.9808834621912125,0.20499526520131203,280.0,0.10524042443121456,0.10977477479482489,0.10070607406760423,0.9786321663981268,5,False,False,False,False,False,ok,1,41967.0,2448,3264,
ISIC_5350216,0.19490963240232562,0.9735391622414123,0.1991833029462563,289.3,0.18837050298517155,0.2480745699408322,0.1286664360295109,0.9764171866669206,5,False,False,False,False,False,ok,1,48694.0,2448,3264,
ISIC_5350988,0.4903757877237763,0.8332096542112741,0.43653284406700965,449.5,0.3210979690359808,0.252286642988394,0.38990929508356764,1.009707016109273,6,False,False,False,False,False,ok,1,92712.0,450,600,
ISIC_5356775,0.1681842809052395,0.9827247950863647,0.1611445407174811,872.3,0.14637305891604646,0.14283097865853112,0.1499151391735618,0.9907013359637445,7,False,False,False,False,False,ok,1,436164.0,2448,3264,
ISIC_5357781,0.21020147938583822,0.9661882036446721,0.19129607966760143,310.4,0.16488319013198993,0.19691383314220756,0.1328525471217723,0.9808489242975976,6,False,False,False,False,False,ok,1,52815.0,1936,2592,
ISIC_5358568,0.3546340915546319,0.9067885799853083,0.1997717648614006,836.9,0.27973860793224314,0.11897961122106604,0.44049760464342025,0.9623216173255059,6,False,False,False,False,False,ok,1,257692.0,2448,3264,
ISIC_5359186,0.26253642677105704,0.95736105148984,0.23933926211590134,805.6,0.14331295393053356,0.14098458377732093,0.1456413240837462,0.9740047888138215,6,False,False,False,False,False,ok,1,293149.0,2448,3264,
ISIC_5364599,0.19656436604286853,0.9803518505939848,0.16463803573147975,749.7,0.16653212803129797,0.14256395023344604,0.1905003058291499,1.001092056763431,7,False,False,False,False,False,ok,1,275136.0,2448,3264,
ISIC_5367118,0.22085392112171898,0.9998944611406311,0.2441688077199919,4019.1,0.04971613233401434,0.03634259050638233,0.06308967416164635,1.0117484995137414,9,False,False,True,False,True,edge_adjacent(margin_24px);oversized_mask,1,7663988.0,2448,3264,
ISIC_5367687,0.25509328224501426,0.9480927870193618,0.2163069892323136,596.0,0.21238043138468538,0.17943537437579737,0.24532548839357338,0.9672896163687354,6,False,False,False,False,False,ok,1,167602.0,2448,3264,
ISIC_5369000,0.2277066096165048,0.9758700006463392,0.26047621520771436,2386.3,0.1389588416217879,0.1849479497749934,0.0929697334685824,0.9945182998396013,8,False,False,False,False,False,ok,1,2879307.0,2848,4288,
ISIC_5369680,0.30129805521298825,0.9719971180660223,0.21093363981016638,986.4,0.23638516444802432,0.17545439825331066,0.297315930642738,0.9850128565155383,7,False,False,False,False,False,ok,1,360620.0,4000,6000,
ISIC_5372934,0.35724733282125043,0.9291256786175623,0.37009661337034916,353.3,0.15107429459387717,0.13548781366137952,0.16666077552637482,0.9805537074969377,6,False,False,False,False,False,ok,1,51859.0,450,600,
ISIC_5380664,0.5587679885339498,0.8251393057186629,0.5361212554269179,519.2,0.37367672333876123,0.27779225726981494,0.4695611894077075,0.9858531963469522,6,False,False,False,False,False,ok,1,86028.0,450,600,
ISIC_5383160,0.2844775576795696,0.9433891927470134,0.31039565088625876,378.6,0.14608830119272553,0.1119193791368942,0.18025722324855686,1.0190578326196853,6,False,False,False,False,False,ok,1,81500.0,450,600,
ISIC_5388184,0.6843879720819399,0.8369606172064232,0.7504919969321036,3130.6,0.36219903442493284,0.32926157898185593,0.39513648986800975,1.0567065364266424,9,True,False,False,False,True,fragmented(6_meaningful_blobs);oversized_mask,6,4076591.0,2448,3264,
ISIC_5390060,0.24756658764515516,0.9945861722249175,0.3270468427762331,3721.4,0.08490218391493964,0.03235601095347085,0.13744835687640844,1.013840146469056,9,False,False,True,False,True,edge_adjacent(margin_24px);oversized_mask,1,7077838.0,2448,3264,
ISIC_5412380,0.2691341539153782,0.9421292700492847,0.2907266793634326,414.5,0.18488819579601617,0.1736266129546321,0.19614977863740024,1.002128510224045,6,False,False,False,False,False,ok,1,100643.0,450,600,
ISIC_5412550,0.37603320037651367,0.9654211982265338,0.28425407446147755,576.3,0.13449365289302395,0.061999092705069536,0.20698821308097837,0.9868417172438515,6,False,False,False,False,False,ok,1,102533.0,450,600,
ISIC_5415749,0.2969669624612633,0.9760123749057931,0.38823236408946965,3626.9,0.17380724792778862,0.09199558683194342,0.2556189090236338,1.0152474471046733,9,False,False,True,False,True,edge_adjacent(margin_24px);oversized_mask,1,6262290.0,2448,3264,
ISIC_5415761,0.23582600005213095,0.9462647941864107,0.2739135279645751,1042.4,0.19301216836498142,0.15028446956738672,0.2357398671625761,0.9814715345536158,7,False,False,False,False,False,ok,1,599569.0,2448,3264,
ISIC_5420096,0.16437415481269957,0.9851889507061921,0.1905053666808957,551.9,0.07554506334949801,0.09849691179852771,0.05259321490046831,0.9864131868045857,6,False,False,False,False,False,ok,1,157641.0,2448,3264,
ISIC_5420979,0.21195358981329016,0.9811652742872542,0.1627400030791515,823.2,0.1102392611328441,0.11203020174840683,0.10844832051728137,0.9691857643021126,6,False,False,False,False,False,ok,1,314076.0,2448,3264,
ISIC_5423259,0.22707718184508552,0.9900197462948636,0.12669165254448544,1009.7,0.07333285810041607,0.057096982808783725,0.0895687333920484,0.9925166049596007,7,False,False,False,False,False,ok,1,435626.0,3264,2448,
ISIC_5425721,0.3654195960269436,0.9254326189476421,0.23807971421246651,2017.9,0.21901447950660358,0.1292663460276574,0.30876261298554974,0.9869652693640855,8,False,False,False,False,False,ok,1,1347742.0,2848,4288,
ISIC_5425768,0.15345656371682093,0.9787756610191595,0.17050772444928242,598.0,0.1038902832785541,0.10618163530821767,0.10159893124889052,0.9617547755028685,6,False,False,False,False,False,ok,1,225938.0,2448,3264,
ISIC_5426249,0.30956677604742144,0.9149914883474718,0.2855475980001861,1078.1,0.13080760695171378,0.13518673102904366,0.1264284828743839,0.9771468414248082,7,False,False,False,False,False,ok,1,513816.0,2448,3264,
ISIC_5428941,0.2775872113510144,0.9427621311303638,0.3262165787860368,408.6,0.21900779216747251,0.22304640688434385,0.21496917745060118,0.9485271345481034,6,False,False,False,False,False,ok,1,85991.0,450,600,
ISIC_5430595,0.21378528710883193,0.9674825608258111,0.23666764380650784,546.8,0.19364121878379692,0.14774472839446717,0.23953770917312667,0.9853684070753187,6,False,False,False,False,False,ok,1,172430.0,2448,3264,
ISIC_5457826,0.11726242475233384,0.9855458890646985,0.22495353802529863,386.3,0.05936164892475149,0.057176596896863274,0.0615467009526397,0.9998911241444406,6,False,False,False,False,False,ok,1,90487.0,2448,3264,
ISIC_5461210,0.1877764073754049,0.9667640344632907,0.2156128258972007,259.2,0.1074347146431569,0.09084354724607446,0.12402588204023934,0.9629067819556615,5,False,False,False,False,False,ok,1,39715.0,450,600,
ISIC_5464206,0.3469766815391083,0.9291123776250836,0.36621541091118576,1743.5,0.18222621737753703,0.1468356028218858,0.21761683193318826,0.994785203038012,8,False,False,False,False,False,ok,1,1178594.0,2448,3264,
ISIC_5470777,0.14880298750828747,0.9848936441217679,0.14073146734114478,1120.0,0.10777211009157817,0.1304215383025903,0.08512268188056604,0.980767829985923,7,False,False,False,False,False,ok,1,755354.0,4000,6000,
ISIC_5475653,0.20660831377867805,0.9818484528547065,0.1804394201085399,309.7,0.09562540922616941,0.08129504905507712,0.1099557693972617,0.9842284757143419,5,False,False,False,False,False,ok,1,48727.0,2448,3264,
ISIC_5475721,0.2753559758711084,0.9414061999820735,0.2826143951121361,281.4,0.15877712382298692,0.15804626230621355,0.1595079853397603,0.9875225756838559,5,False,False,False,False,False,ok,1,37105.0,450,600,
ISIC_5490004,0.20383931160506585,0.9636381684562908,0.21105925208683304,713.6,0.1493637971448955,0.15188805241512604,0.14683954187466497,1.0070696927569658,7,False,False,False,False,False,ok,1,278741.0,1936,2592,
ISIC_5490257,0.2535714950274448,0.9371436117213479,0.25422821496789544,880.6,0.16673095776483193,0.18342428030987423,0.15003763521978963,0.9934537583607936,7,False,False,False,False,False,ok,1,430476.0,2448,3264,
ISIC_5495413,0.19023255474195377,0.9736425190019049,0.18547182304718224,680.1,0.11903617479734563,0.14682687353600066,0.0912454760586906,0.9768464168142437,7,False,False,False,False,False,ok,1,258991.0,1936,2592,
ISIC_5509679,0.40779241964850943,0.8621039966401435,0.35197435785590264,398.4,0.2642771496456096,0.25751738288775194,0.2710369164034673,1.008933435771834,6,False,False,False,False,False,ok,1,76509.0,450,600,
ISIC_5510526,0.2687174371488604,0.941446431397373,0.3637335825365126,317.9,0.179098321495193,0.1304412420274781,0.22775540096290792,1.002257038201044,6,False,False,False,False,False,ok,1,62910.0,450,600,
ISIC_5511054,0.194387695124005,0.9524332879060975,0.2315014581898927,132.8,0.1256757630699049,0.12886773213797453,0.12248379400183529,0.9448598737309023,4,False,False,False,True,False,very_small_contour(lt_12445px),1,11009.0,450,600,
ISIC_5513367,0.32541356808797994,0.9347479540091379,0.37602058073949257,379.3,0.1427160192615896,0.16964917849698913,0.1157828600261901,1.0218167028488538,6,False,False,False,False,False,ok,1,74966.0,450,600,
ISIC_5517161,0.2041604891547537,0.9684391692314849,0.30266476188997526,329.7,0.12196011009333796,0.13141158990889423,0.11250863027778168,0.9843956924963184,5,False,False,False,False,False,ok,1,62894.0,450,600,
ISIC_5520837,0.21578804495137105,0.9780617038326563,0.29867458144086173,1139.2,0.12821732440005434,0.07246680225033375,0.18396784654977494,0.9954348980293707,7,False,False,False,False,False,ok,1,709356.0,2448,3264,
ISIC_5529223,0.20394816321619968,0.9797231089229141,0.2058982638206848,412.3,0.08325721300367922,0.11195559548686107,0.05455883052049737,0.9724327920975991,6,False,False,False,False,False,ok,1,81971.0,450,600,
ISIC_5531260,0.3915298287305671,0.9238622911020438,0.28679753722299545,1110.1,0.1963483624999331,0.1843142094939184,0.20838251550594777,1.003574229014856,7,False,False,False,False,False,ok,1,385530.0,2448,3264,
ISIC_5531874,0.24127558911834956,0.9983452450545928,0.29707945683562,664.6,0.16107236850249612,0.06587490679361863,0.2562698302113736,1.0333102550024325,6,False,False,False,False,True,oversized_mask,1,212685.0,450,600,
ISIC_5534730,0.21254723553914556,0.9975880330261442,0.26524563995866096,3988.3,0.03578612955739968,0.036021330647358574,0.03555092846744079,1.013542007291492,9,False,False,True,False,True,edge_adjacent(margin_24px);oversized_mask,1,7881029.0,2448,3264,
ISIC_5538169,0.17542735943144583,0.9726494428657165,0.22522453493466038,492.1,0.14842575206061975,0.1374138406455927,0.1594376634756468,0.9654770137953818,6,False,False,False,False,False,ok,1,135121.0,2448,3264,
ISIC_5539279,0.19585935096805718,0.9636625228149654,0.20226127882269895,386.1,0.14322731193961158,0.14885210165146512,0.13760252222775804,1.0171485696411182,6,False,False,False,False,False,ok,1,81521.0,2448,3264,
ISIC_5544367,0.2188918884695188,0.9878987702726787,0.16862940489263967,654.8,0.07987760059587207,0.08680576020566,0.07294944098608414,0.9895707551859025,6,False,False,False,False,False,ok,1,194775.0,2448,3264,
ISIC_5549257,0.10658178712849364,0.9940632603406326,0.1623624892687045,386.5,0.07466345041407052,0.09461571524347845,0.05471118558466259,0.9801066887236451,6,False,False,False,False,False,ok,1,97527.0,2448,3264,
ISIC_5552385,0.28825772894014157,0.9383098532582529,0.3268189384507436,766.6,0.12386670148547763,0.13235711369614356,0.1153762892748117,0.9986998337122057,7,False,False,False,False,False,ok,1,269873.0,2448,3264,
ISIC_5552683,0.4006686789947921,0.9668573620122087,0.32560171761225726,565.5,0.15446729645509266,0.09303393297828544,0.21590065993189989,0.9888358152205152,5,False,False,False,False,False,ok,1,91373.0,450,600,
ISIC_5553268,0.21873698837268196,0.9476821741897988,0.19886645035952646,670.3,0.17045723724875506,0.16790490342049136,0.17300957107701875,0.9752326527355429,7,False,False,False,False,False,ok,1,257699.0,2448,3264,
ISIC_5562336,0.2934744677604204,0.9508394946657766,0.2309261480485309,310.2,0.15235673894561652,0.1571055432147358,0.14760793467649724,0.9788690210254205,5,False,False,False,False,False,ok,1,38101.0,450,600,
ISIC_5565053,0.18370352335019025,0.984613474193003,0.1836954702039173,978.5,0.11346804610857769,0.12360397532458467,0.10333211689257071,0.9886016939771366,7,False,False,False,False,False,ok,1,472949.0,2448,3264,
ISIC_5566320,0.37137396899186237,0.9226166493789273,0.5337840777071603,334.9,0.14618002974574917,0.15827704424224776,0.1340830152492506,1.0276083343871623,5,False,False,False,False,False,ok,1,54263.0,450,600,
ISIC_5571037,0.3239684077570282,0.9239576138630037,0.3812331018661141,755.9,0.20712624003757396,0.2740709613790512,0.14018151869609674,0.9976643913418362,7,False,False,False,False,False,ok,1,286599.0,2448,3264,
ISIC_5581931,0.6120261437588764,0.8590062364474129,0.5179779101240365,3141.8,0.29369687750212614,0.21958158648474135,0.36781216851951093,1.0500213756253922,9,True,False,False,False,True,fragmented(6_meaningful_blobs);oversized_mask,6,4450986.0,2448,3264,
ISIC_5592362,0.23238160701522148,0.9742303260898689,0.16878439577195295,401.5,0.11807359147440122,0.11154114096664414,0.1246060419821583,0.9827606720108377,6,False,False,False,False,False,ok,1,73194.0,2448,3264,
ISIC_5594342,0.19102723176455716,0.9596947109582956,0.19314864171580498,703.7,0.1257489866412082,0.10600055051229706,0.14549742277011934,0.9856363034226361,7,False,False,False,False,False,ok,1,275245.0,4000,6000,
ISIC_5602394,0.35524995174154694,0.9079089201773589,0.4893468688370401,382.8,0.1911690978526645,0.18013054542338602,0.20220765028194299,0.985399319312996,6,False,False,False,False,False,ok,1,82252.0,450,600,
ISIC_5605645,0.3456063760771336,0.939626011903312,0.255896715133094,864.2,0.2385455294863817,0.3305955665735322,0.1464954923992312,0.976843918950336,7,False,False,False,False,False,ok,1,290301.0,1936,2592,
ISIC_5619717,0.16198305382069722,0.9781157770756882,0.15316577406899615,829.7,0.07700833353396408,0.08690316284054656,0.0671135042273816,0.978791111556524,7,False,False,False,False,False,ok,1,395941.0,2448,3264,
ISIC_5620802,0.28682616419578855,0.9254152363025063,0.21131926731429754,584.1,0.2802350092811523,0.3168220397974676,0.24364797876483701,0.9618858809872571,6,False,False,False,False,False,ok,1,170842.0,2448,3264,
ISIC_5629148,0.29612058323230517,0.9573572535426959,0.3109846847869001,604.3,0.13949360254088333,0.12379107939650336,0.1551961256852633,0.9889686496236723,6,False,False,True,False,True,edge_adjacent(margin_5px);oversized_mask,1,158590.0,450,600,
ISIC_5629312,0.20457945959763035,0.9756585136406397,0.245618366981793,93.3,0.15105683361028865,0.18672905164042353,0.11538461558015378,1.0075501941964373,4,False,False,False,True,False,very_small_contour(lt_12445px),1,4257.0,450,600,
ISIC_5635429,0.21167418347311895,0.9991404957091397,0.21910354453078595,3959.8,0.013798557949537882,0.02012085428770627,0.007476261611369495,1.0134248789237439,9,False,False,True,False,True,edge_adjacent(margin_24px);oversized_mask,1,7917848.0,2448,3264,
ISIC_5635819,0.335050390435059,0.9639594606648034,0.2084833858348217,1504.5,0.16095634967632932,0.20764295315745562,0.11426974619520303,0.9901312758337769,7,False,False,False,False,False,ok,1,779801.0,2448,3264,
ISIC_5638751,0.19885526510640916,0.9989295991892642,0.22460173626819444,3877.1,0.024352792864352046,0.03658067450755731,0.012124911221146784,1.0118313980291875,9,True,False,True,False,True,fragmented(2_meaningful_blobs);edge_adjacent(margin_24px);oversized_mask,2,7841756.0,2448,3264,
ISIC_5643047,0.36190699086596656,0.9807536678092416,0.19473142859480969,947.4,0.10749006240179676,0.10289841999298155,0.11208170481061197,0.9785745083329503,6,False,False,False,False,False,ok,1,273694.0,2448,3264,
ISIC_5644364,0.22430391973295416,0.9764215112468985,0.36091487053787225,1360.0,0.10782079090506158,0.11045709696384254,0.10518448484628062,0.9863804231005082,7,False,False,False,False,False,ok,1,865791.0,2848,4288,
ISIC_5651049,0.22180245047227587,0.9583855390237536,0.2656511922554227,365.8,0.14916456338636502,0.17759475255619062,0.12073437421653943,0.9780080084798898,6,False,False,False,False,False,ok,1,73908.0,450,600,
ISIC_5652749,0.16016633213598586,0.9781561543086452,0.18382690251933576,503.2,0.1336566216252248,0.14384194818451812,0.12347129506593146,1.0016935353525886,6,False,False,False,False,False,ok,1,140552.0,2448,3264,
ISIC_5659872,0.23953259747602562,0.9601469417525383,0.21495292501366925,449.5,0.2181911005156183,0.3336436851222503,0.1027385159089863,0.9777917394614708,6,False,False,False,False,False,ok,1,108521.0,2448,3264,
ISIC_5660553,0.3870804871897273,0.936698272095481,0.44751882775221064,567.5,0.19151499263357497,0.16575679492826023,0.2172731903388897,0.9950732374813118,6,False,False,False,False,False,ok,1,126047.0,450,600,
ISIC_5664695,0.3315090317161724,0.9344040030861925,0.2239401324498315,873.4,0.2555901222737247,0.1761507657265311,0.33502947882091827,0.9713508774683304,6,False,False,False,False,False,ok,1,292853.0,2448,3264,
ISIC_5665171,0.5117650691465285,0.8200149856059311,0.3762508920994004,455.1,0.3790392135327531,0.36590501443544265,0.39217341263006356,0.9772464494353386,5,False,False,False,False,False,ok,1,62941.0,450,600,
ISIC_5683180,0.16812226810724584,0.989502568148117,0.12611421139090642,1125.5,0.06590377722251206,0.04463126889059321,0.08717628555443091,0.983976656339234,7,False,False,False,False,False,ok,1,637275.0,2448,3264,
ISIC_5683310,0.28766165338551664,0.9580882657334195,0.26848205924112245,849.5,0.18901175016764243,0.21466729398546058,0.16335620634982428,0.9818742245812913,6,False,False,False,False,False,ok,1,301886.0,2448,3264,
ISIC_5692444,0.20477464593334493,0.9603369312081494,0.20930276514130414,407.1,0.17034661126240208,0.1804694982586299,0.16022372426617426,0.9706249296324718,6,False,False,False,False,False,ok,1,93084.0,1936,2592,
ISIC_5699349,0.24801597227442407,0.9510618400384968,0.3227392569973114,297.0,0.18824476945875246,0.20370433422076706,0.17278520469673786,0.9864962446278284,6,False,False,False,False,False,ok,1,52783.0,450,600,
ISIC_5713218,0.509421471303398,0.8708112271093617,0.4717007525733072,340.4,0.3078638813711952,0.27996110255382,0.3357666601885704,0.9895736224348144,5,False,False,False,False,False,ok,1,51373.0,450,600,
ISIC_5714835,0.4751506434859547,0.8650130236019562,0.36153488317349664,443.2,0.2563599335256768,0.22695706218787037,0.28576280486348327,0.9758112701869343,6,False,False,False,False,False,ok,1,65614.0,450,600,
ISIC_5719436,0.35724489980742,0.9051806747593223,0.37913302084062667,1247.8,0.18437321732529838,0.11988539829352773,0.24886103635706902,1.0001714517829883,7,False,False,False,False,False,ok,1,694929.0,2848,4288,
ISIC_5733808,0.15979644792701764,0.9934135482209221,0.20156537235245897,213.5,0.12562006961576744,0.056943056976703876,0.194297082254831,1.0191604423647316,5,False,False,False,False,False,ok,1,27284.0,2448,3264,
ISIC_5744011,0.3028276849204463,0.9480737072499887,0.3681531232810742,548.6,0.21109161228154727,0.13012344427815448,0.29205978028494006,1.0079360387943808,6,False,False,False,False,True,oversized_mask,1,147540.0,450,600,
ISIC_5744196,0.23904097967038007,0.9781197533028955,0.23072154490203348,1582.5,0.13875148672541748,0.14113571014977777,0.1363672633010572,0.9924094032047779,8,False,False,False,False,False,ok,1,1097928.0,2448,3264,
ISIC_5747907,0.31919048014264806,0.9966170452586424,0.5348113412191239,4034.6,0.04274743008532922,0.021524602808742355,0.06397025736191608,1.0227368495559794,9,False,False,True,False,True,edge_adjacent(margin_24px);oversized_mask,1,7717537.0,2448,3264,
ISIC_5747942,0.2868663611052992,0.9427475,0.25417093940414903,1146.6,0.17356702426001686,0.20069756141353579,0.14643648710649793,0.9948044139149965,7,False,False,False,False,False,ok,1,566993.0,1936,2592,
ISIC_5753291,0.1866423234831499,0.9635481490215602,0.1738267616136483,451.5,0.13858781331395997,0.15228764704628361,0.12488797958163633,0.9893165008298261,6,False,False,False,False,False,ok,1,110893.0,2448,3264,
ISIC_5753627,0.18697235982012606,0.9709438745430964,0.1761326506348703,542.5,0.1923235990486467,0.17537181694263115,0.20927538115466227,0.994149414407991,6,False,False,False,False,False,ok,1,165396.0,2448,3264,
ISIC_5754710,0.15641969569842495,0.979147879190596,0.25260805791510205,237.0,0.08400677727229294,0.08665033683139467,0.08136321771319122,0.9519569070263106,5,False,False,False,False,False,ok,1,31245.0,450,600,
ISIC_5763228,0.3421234065798273,0.9170248746582434,0.3830983896935791,371.2,0.18792869822917024,0.19675993253451274,0.17909746392382775,1.0102878628956982,6,False,False,False,False,False,ok,1,62008.0,450,600,
ISIC_5767646,0.5236276128811043,0.9248785199046268,0.28882030985290663,276.3,0.21739744620842616,0.21892478032080098,0.21587011209605134,0.9447047342111663,5,False,False,False,False,False,ok,1,15592.0,450,600,
ISIC_5767870,0.2280087857176304,0.9638382034986569,0.2910430123045776,450.0,0.12919879155646968,0.09704458066591815,0.16135300244702122,1.0072218941372995,6,False,False,False,False,False,ok,1,118284.0,450,600,
ISIC_5770437,0.4958207376125442,0.7957529898809312,0.37138043592193415,934.6,0.3286808660149766,0.3370878636372936,0.3202738683926596,0.9997143196871652,7,False,False,False,False,False,ok,1,348908.0,2448,3264,
ISIC_5771732,0.3100076143968541,0.9183494507100577,0.20593443518003982,503.5,0.24975502454171533,0.1853637510242392,0.3141462980591915,0.9911924686127436,6,False,False,False,False,False,ok,1,113728.0,2448,3264,
ISIC_5771994,0.2566917707248172,0.9793070463191589,0.1997520436838331,813.8,0.12417404370558544,0.1619431658260676,0.08640492158510327,0.9791896795341729,6,False,False,False,False,False,ok,1,290716.0,2848,4288,
ISIC_5785135,0.43173675684864543,0.8773582177320621,0.31277441719784815,496.7,0.28483255668847907,0.1463399830135319,0.4233251303634262,0.9819881620181681,5,False,False,True,False,False,edge_adjacent(margin_5px),1,91636.0,450,600,
ISIC_5789952,0.34308512655361145,0.9192768800644459,0.2707636313864681,1190.2,0.19471358181450132,0.19388184925733887,0.19554531437166378,0.9829796657226963,7,True,False,False,False,False,fragmented(2_meaningful_blobs),2,525143.0,2448,3264,
ISIC_5791118,0.18363423172727023,0.9907815205175713,0.18085106761623557,270.2,0.08385796448600596,0.07756054861168482,0.09015538036032711,0.9784504036252573,5,False,False,False,False,False,ok,1,32934.0,1936,2592,
ISIC_5791954,0.24468618297482458,0.9424102623461043,0.1978044534829452,714.4,0.17538467204295793,0.17464067311122944,0.17612867097468643,0.9861368899076951,7,False,False,False,False,False,ok,1,257332.0,2448,3264,
ISIC_5795436,0.18718967691487443,0.971553361096616,0.24181723805957325,1004.7,0.1036438207075801,0.13342753571472565,0.07386010570043455,0.975415526619383,7,False,False,False,False,False,ok,1,627859.0,1936,2592,
ISIC_5797062,0.2863803821144333,0.945409227601528,0.21690863238922276,535.1,0.2046727985134026,0.20224076491617493,0.20710483211063024,1.0091189932825817,6,False,False,False,False,False,ok,1,122775.0,1936,2592,
ISIC_5798015,0.21145367682062843,0.9739752736873646,0.1827395411911307,666.8,0.1687060432138105,0.1752324893214019,0.1621795971062191,0.9930613794634726,7,False,False,False,False,False,ok,1,225086.0,2448,3264,
ISIC_5802893,0.17112143428415105,0.9752116385876995,0.21742314029816337,392.4,0.09350764427922426,0.09660998592985359,0.09040530262859492,1.002459476902888,6,False,False,False,False,False,ok,1,87873.0,2448,3264,
ISIC_5807024,0.3867189670474448,0.8939097151083917,0.39847712354402737,549.9,0.3119662450519973,0.2999330594504317,0.32399943065356296,0.9922006486089953,6,False,False,False,False,False,ok,1,129850.0,450,600,
ISIC_5809270,0.3371333645545236,0.9618171410919201,0.4727926533324904,2364.0,0.17929636727669807,0.17227039091906293,0.1863223436343332,0.9899196800305728,8,True,False,True,False,False,fragmented(3_meaningful_blobs);edge_adjacent(margin_24px),3,2649775.0,2448,3264,
ISIC_5809901,0.2550559296479341,0.9267576126674787,0.20534204490695207,594.1,0.20365568381053128,0.078634581073873,0.32867678654718957,0.9841975476888833,7,False,False,False,False,False,ok,1,190984.0,2448,3264,
ISIC_5810696,0.28134464064232234,0.9624677345396279,0.25387068457680984,977.8,0.17151616072400683,0.1645612402361819,0.17847108121183175,0.984686653965041,7,False,False,False,False,False,ok,1,374718.0,2448,3264,
ISIC_5815193,0.31662910096245067,0.9150869799878857,0.44703289765193177,655.1,0.13584680945122657,0.11340216161204564,0.1582914572904075,0.9993011574740217,6,False,False,False,False,False,ok,1,194979.0,1936,2592,
ISIC_5820693,0.16990056536431508,0.9727928126660718,0.21476657187686346,630.8,0.11470520542292673,0.11612928198522887,0.11328112886062458,0.9916662335674473,7,False,False,False,False,False,ok,1,243349.0,2448,3264,
ISIC_5832792,0.21629446203219282,0.9578128792944113,0.18311536831322486,480.0,0.10056170069572984,0.10731331536593947,0.09381008602552021,0.9770690589061918,6,False,False,False,False,False,ok,1,113017.0,2448,3264,
ISIC_5850457,0.22194976300621205,0.9445723797853779,0.3581585986807288,1558.8,0.15022343227064128,0.146226705330759,0.15422015921052357,0.9965190533572083,8,False,False,False,False,False,ok,1,1417046.0,4000,6000,
ISIC_5856859,0.15803658828286926,0.9767285383540235,0.16720952411155104,513.6,0.14453680849730477,0.11994841433190728,0.16912520266270226,0.9843947178450043,6,False,False,False,False,False,ok,1,160362.0,2448,3264,
ISIC_5863516,0.2670722374496485,0.9465576702005365,0.3305670142765125,363.2,0.15571189213241593,0.13513310649600752,0.17629067776882434,0.9990792720158123,6,False,False,False,False,False,ok,1,74589.0,450,600,
ISIC_5863689,0.20629560468003183,0.9992847697870075,0.20161557150589282,3854.4,0.0285564834179865,0.028716859051493016,0.028396107784479985,1.0107496317386602,9,False,False,True,False,True,edge_adjacent(margin_24px);oversized_mask,1,7576551.0,2448,3264,
ISIC_5864088,0.39614967070697826,0.8887077995399463,0.3779475989657129,1039.2,0.2433702111044732,0.20417260562953488,0.28256781657941155,0.9922158324074031,7,False,False,False,False,False,ok,1,456658.0,2448,3264,
ISIC_5867911,0.32862232724236495,0.9415270105765533,0.4457605159279452,2482.3,0.2285773337203073,0.20325164369218374,0.2539030237484309,1.0032979743740225,8,False,False,True,False,True,edge_adjacent(margin_19px);oversized_mask,1,2960983.0,1936,2592,
ISIC_5874097,0.25321527913339503,0.930444331661045,0.23358497389654584,617.4,0.2215589572946326,0.14721526769627125,0.29590264689299395,0.9760919488123574,7,False,False,False,False,False,ok,1,207956.0,2448,3264,
ISIC_5879011,0.54175924726126,0.9169665693964072,0.5894656829126325,449.9,0.25564962340234837,0.18292995136589008,0.32836929543880666,1.0411972856486813,6,False,False,False,False,False,ok,1,92286.0,450,600,
ISIC_5882472,0.1790258005016342,0.9826220286492982,0.1897517023948678,703.1,0.07933321119963699,0.07578705930570162,0.08287936309357236,0.9820413120602481,7,False,False,False,False,False,ok,1,260058.0,2448,3264,
ISIC_5889500,0.15402220997372995,0.99026640881083,0.20009286706691487,670.6,0.09431070916507717,0.0871142956235329,0.10150712270662143,0.9766748338789714,6,False,False,False,False,False,ok,1,248413.0,4000,6000,
ISIC_5889858,0.5133453940980754,0.7914162957943853,0.5322810534740531,542.2,0.36787831767985885,0.3130705093631827,0.422686125996535,1.0112711070824782,6,False,False,True,False,False,edge_adjacent(margin_5px),1,129281.0,450,600,
ISIC_5891587,0.15419146949514317,0.9782496959728771,0.19034154816885135,627.4,0.0860943123636202,0.09266016314441194,0.07952846158282845,0.9892041386909987,7,False,False,False,False,False,ok,1,253002.0,2448,3264,
ISIC_5891752,0.20504721049559316,0.969634694931931,0.21564575554085538,1077.6,0.1529520829442565,0.16203507767507397,0.14386908821343902,0.9921281014702829,7,False,False,False,False,False,ok,1,590626.0,4000,6000,
ISIC_5892763,0.2342055080325418,0.9664548397367863,0.2793919185314703,529.0,0.1440788283401842,0.1505664576222021,0.1375911990581663,0.9669305271269762,6,False,False,False,False,True,oversized_mask,1,146361.0,450,600,
ISIC_5893703,0.3196703413582843,0.928236729645251,0.43443339943642667,377.4,0.17979909041765924,0.1522592021252781,0.20733897871004037,1.0045072696139403,6,False,False,False,False,False,ok,1,83836.0,450,600,
ISIC_5901805,0.1898456169155026,0.9741367896076383,0.21932121694892814,672.5,0.15782978071291348,0.11522610392227273,0.20043345750355424,1.0071650532546828,7,False,False,False,False,False,ok,1,265710.0,2448,3264,
ISIC_5903611,0.2541985255693353,0.9973777920449116,0.30227881028927484,747.2,0.008841473047682402,0.008752783968044797,0.008930162127320007,0.9959099964812128,6,False,False,True,False,True,edge_adjacent(margin_5px);oversized_mask,1,268257.0,450,600,
ISIC_5905688,0.15238041216664844,0.9928713864560959,0.1547049720451079,749.5,0.1282904268866451,0.06799232576348524,0.18858852800980497,0.9946571461901917,7,False,False,False,False,False,ok,1,323595.0,2448,3264,
ISIC_5909403,0.27786731307688395,0.9779901553010639,0.18571451021012428,449.6,0.17249064194995695,0.1892314772297603,0.1557498066701536,0.9718081650619295,5,False,False,False,False,False,ok,1,78702.0,1936,2592,
ISIC_5912360,0.29023383482677934,0.9379860198277662,0.23782816262408665,262.7,0.1646024504932071,0.17404073900582562,0.15516416198058858,0.9596036562808625,5,False,False,False,False,False,ok,1,38537.0,450,600,
ISIC_5916190,0.31465353184521505,0.962405507255512,0.2828829743180347,537.4,0.11557585891284927,0.10677230379105396,0.12437941403464459,0.9814703702302126,6,False,False,False,False,False,ok,1,107479.0,450,600,
ISIC_5918279,0.19691252763213873,0.9621532664609629,0.23802383601635335,837.8,0.11745972512076458,0.121027353081534,0.11389209715999515,0.9854670836855167,7,False,False,False,False,False,ok,1,431110.0,1936,2592,
ISIC_5923557,0.18980405243849263,0.9654545936215928,0.2723373326491702,1112.6,0.07158558937837722,0.06277845168417806,0.08039272707257639,0.9826323695580469,7,False,False,False,False,False,ok,1,693838.0,2448,3264,
ISIC_5926017,0.2531460628381357,0.9841783029998978,0.19754988971944037,359.2,0.09535652060223071,0.0737506765456657,0.11696236465879573,0.9831758757671548,5,False,False,False,False,False,ok,1,53387.0,2448,3264,
ISIC_5926550,0.2626100296302113,0.9262706926100636,0.2694314245366287,1049.0,0.15464041346346902,0.14843706243792676,0.16084376448901128,0.9659573960719137,7,False,False,False,False,False,ok,1,595054.0,4000,6000,
ISIC_5937588,0.40503921330420567,0.8619133225083121,0.3244247471686967,327.6,0.2949869933092,0.2858561173192711,0.3041178692991289,0.9786676375185349,5,False,False,False,False,False,ok,1,45007.0,450,600,
ISIC_5951892,0.3656549886033498,0.8974140088014954,0.3893116188509708,423.3,0.25594728978288583,0.2694743986193586,0.24242018094641304,0.9852551517108761,6,False,False,True,False,False,edge_adjacent(margin_5px),1,92031.0,450,600,
ISIC_5953692,0.28736705056451795,0.9564459389320427,0.3377372204420519,484.8,0.2098464137532754,0.09398463189416406,0.32570819561238673,0.9808801271908981,6,False,False,False,False,False,ok,1,108379.0,450,600,
ISIC_5955057,0.19349464312145803,0.9739504468204147,0.23634267813806023,1121.7,0.09315963640306046,0.11495011529413146,0.07136915751198947,0.9798652245536523,7,False,False,False,False,False,ok,1,665505.0,2448,3264,
ISIC_5962932,0.4465590592910459,0.8934830006441097,0.46186236440717093,605.6,0.38140282308051204,0.2947186820439155,0.4680869641171086,1.0250593463634332,6,False,False,True,False,True,edge_adjacent(margin_5px);oversized_mask,1,148572.0,450,600,
ISIC_5970162,0.28354560868316747,0.9533327591575517,0.22968426579358528,609.9,0.20043049390680062,0.20200952535407934,0.1988514624595219,0.992387738944135,6,False,False,False,False,False,ok,1,144595.0,2448,3264,
ISIC_5971127,0.2723878415196457,0.9785598490371832,0.16156818500598605,842.8,0.12711864955038055,0.2023041561857125,0.05193314291504858,0.970177112613699,6,False,False,False,False,False,ok,1,286184.0,2448,3264,
ISIC_5981219,0.17606716642921016,0.9686162565024753,0.2589419538045743,442.4,0.119397833270447,0.11420544965156854,0.12459021688932548,0.9878808169259368,6,False,False,False,False,False,ok,1,116129.0,1936,2592,
ISIC_5988729,0.11934206502925016,0.9888251066203595,0.20368032692051063,479.9,0.08372610028786359,0.08323378247615487,0.08421841809957231,0.9765673361259033,6,False,False,False,False,False,ok,1,137999.0,2448,3264,
ISIC_5989151,0.16691705247463973,0.978186794022162,0.19909110609127445,462.7,0.10910478660126799,0.11314867689699803,0.10506089630553794,0.9858975405577557,6,False,False,False,False,False,ok,1,128202.0,2448,3264,
ISIC_5989969,0.147144530257858,0.990589047504417,0.1489726401971064,438.6,0.1224410811941235,0.10320715856566443,0.14167500382258258,1.0051089551508767,6,False,False,False,False,False,ok,1,109599.0,2448,3264,
ISIC_5993356,0.21511863719087032,0.9781261387963374,0.24237619661340587,1567.4,0.0863336913291376,0.0800737426583189,0.09259363999995629,0.9915790752305914,8,False,False,False,False,False,ok,1,1146643.0,2848,4288,
ISIC_5993743,0.3281918140612623,0.9390037723696922,0.5323534606973755,543.3,0.22152383299167788,0.17406944010470715,0.2689782258786486,0.9910589719644456,6,False,False,False,False,True,oversized_mask,1,163562.0,450,600,
ISIC_5994944,0.38832141011986254,0.9616665486166033,0.42533455148182214,3867.1,0.20625880146914732,0.2717189303589259,0.14079867257936873,1.0277347359832119,9,True,False,True,False,True,fragmented(6_meaningful_blobs);edge_adjacent(margin_24px);oversized_mask,6,6145898.0,3264,2448,
ISIC_5997924,0.2923600472274175,0.9340912057381175,0.4270184006474172,359.5,0.12008873762096883,0.16745437360130566,0.072723101640632,0.9783524710218264,6,False,False,False,False,False,ok,1,75643.0,450,600,
ISIC_5998513,0.3239139821438267,0.951458173265901,0.46555163067806593,1479.0,0.1078806507829323,0.15485538994574866,0.06090591162011594,0.995060453523076,8,False,False,False,False,False,ok,1,1016065.0,2448,3264,
ISIC_6008220,0.2893856348109106,0.9585482301190139,0.15352893243042315,881.7,0.16534411027560592,0.13025337807892134,0.2004348424722905,0.9908928110083864,7,False,False,False,False,False,ok,1,313697.0,2448,3264,
ISIC_6012370,0.14933359017766146,0.9927452192188673,0.1577029335894648,911.7,0.061606572077233135,0.059452560411831334,0.06376058374263494,0.9876001742428246,7,False,False,False,False,False,ok,1,450058.0,2448,3264,
ISIC_6013008,0.21596471762555802,0.961008587611913,0.20319097999037478,460.4,0.21709679708966217,0.21932885102634492,0.21486474315297943,0.9810588225904027,6,False,False,False,False,False,ok,1,118937.0,2448,3264,
ISIC_6013412,0.5072928215045547,0.8029673705156193,0.4104813104841858,390.7,0.2764983023144514,0.340518835534679,0.21247776909422378,1.010417961064871,6,False,False,False,False,False,ok,1,62815.0,450,600,
ISIC_6014600,0.44872332554256367,0.7983351558564425,0.3538944778683173,1239.6,0.39728377244377155,0.35612432645632686,0.43844321843121625,0.9941240597872103,8,False,False,False,False,False,ok,1,651418.0,2448,3264,
ISIC_6015221,0.2912371567951111,0.9895973907449244,0.16756535388255547,971.0,0.1528591486378611,0.12582013574907858,0.17989816152664362,0.9902065350128831,7,False,False,False,False,False,ok,1,331754.0,2448,3264,
ISIC_6023245,0.32923790111505047,0.9197340479320457,0.36467091111496325,193.0,0.20616614042724218,0.14939759040414669,0.2629346904503377,0.9737044388765075,5,False,False,False,False,False,ok,1,18443.0,450,600,
ISIC_6023795,0.27846158137398735,0.9330046714178015,0.27419190788976017,870.0,0.21441898955854372,0.2489317296743574,0.17990624944273004,0.9908377266470494,7,False,False,False,False,False,ok,1,410800.0,2848,4288,
ISIC_6029052,0.20892851289952608,0.9684628004754307,0.19392569218761493,1617.6,0.12821428871801005,0.11897740591192185,0.13745117152409825,1.0039804185487895,8,False,False,False,False,False,ok,1,1293908.0,2848,4288,
ISIC_6033409,0.2309338904150171,0.9497437124378135,0.23378703819558688,598.9,0.1774893529083384,0.2074016133013572,0.14757709251531959,0.9771676637740289,6,False,False,False,False,False,ok,1,183354.0,2448,3264,
ISIC_6041385,0.21277973161297803,0.9804343084038581,0.21953193322477835,539.0,0.06350564755440025,0.06109797087600466,0.06591332423279583,0.9724675561812429,6,False,False,False,False,False,ok,1,155752.0,2448,3264,
ISIC_6044114,0.5301388296710801,0.8216641178624507,0.390223843749568,599.0,0.35373302835512477,0.21795313738092925,0.4895129193293203,1.0182664810479396,6,True,False,True,False,False,fragmented(3_meaningful_blobs);edge_adjacent(margin_5px),3,96068.0,450,600,
ISIC_6048752,0.34209324770701355,0.905919131977313,0.34061265237609134,321.0,0.18371972172054463,0.20337444438735097,0.16406499905373828,1.005667962766734,6,False,False,False,False,False,ok,1,57399.0,450,600,
ISIC_6049882,0.22768291396898477,0.9440908248810215,0.22584566588158472,1204.4,0.23628305580285774,0.29375331405505034,0.17881279755066515,0.9864063203127971,7,False,False,False,False,False,ok,1,771039.0,2448,3264,
ISIC_6056121,0.3359568040636175,0.9065827040584892,0.4038220070245778,1457.6,0.17089984543205922,0.1574200180277564,0.18437967283636203,1.009672198712289,8,False,False,False,False,False,ok,1,1208155.0,2448,3264,
ISIC_6059858,0.3317181923188114,0.8888829157122917,0.21536860953201478,710.7,0.28529187025961444,0.3960168598545978,0.1745668806646311,0.99032042532288,7,False,False,False,False,False,ok,1,232391.0,2448,3264,
ISIC_6078205,0.2532568858771289,0.959912476764117,0.4039635168258474,1722.8,0.07271724204399177,0.07289503348557247,0.07253945060241107,0.9976685959066854,8,False,False,False,False,False,ok,1,1420667.0,2848,4288,
ISIC_6080966,0.2813073399988588,0.9488637282216821,0.21318687268878386,621.3,0.2680222712279921,0.1304039838071831,0.4056405586488011,0.9646404664784786,6,False,False,False,False,False,ok,1,176821.0,2448,3264,
ISIC_6091412,0.12631053881585352,0.9908115936356342,0.13360624293668938,407.6,0.08343858479900473,0.10714750684335039,0.059729662754659074,0.9658034285155832,6,False,False,False,False,False,ok,1,101772.0,2448,3264,
ISIC_6095734,0.16278643867716747,0.9861336707302477,0.1316265863259209,502.7,0.0983704402683781,0.09445058415499397,0.10229029638176224,0.9922643328755926,6,False,False,False,False,False,ok,1,144840.0,2448,3264,
ISIC_6098021,0.25767155141342446,0.9418999642287531,0.25449353904968364,806.2,0.18492237900668607,0.194380778246261,0.17546397976711114,0.9802479643691849,7,False,False,False,False,False,ok,1,351254.0,2448,3264,
ISIC_6099563,0.3080950791427097,0.9229516384924127,0.3216480318175574,932.6,0.17359547268654418,0.16185044265734594,0.18534050271574243,0.9945844499306112,7,False,False,False,False,False,ok,1,493740.0,2448,3264,
ISIC_6115342,0.23950442669210514,0.9585896584790146,0.36220237521349163,535.8,0.20246815225205061,0.1673358446351063,0.23760045986899492,0.9651861687980267,6,False,False,True,False,True,edge_adjacent(margin_5px);oversized_mask,1,163155.0,450,600,
ISIC_6119036,0.27315057986799185,0.9583630429646702,0.2873044606183003,998.7,0.1213995697786327,0.12379048080397281,0.11900865875329258,0.9765694172421031,7,False,False,False,False,False,ok,1,449456.0,2448,3264,
ISIC_6119202,0.27028539318150735,0.9590168263913877,0.28330894710981913,776.2,0.15093934934007924,0.08264696595217802,0.21923173272798047,1.0013371436460772,7,False,False,False,False,False,ok,1,291475.0,2448,3264,
ISIC_6119319,0.2739750451091236,0.9411461188687156,0.31907225375071707,484.9,0.19525830919038872,0.20629052208610532,0.18422609629467213,0.9846646118486425,6,False,False,False,False,False,ok,1,131971.0,450,600,
ISIC_6119517,0.28804199181180334,0.9393674978465394,0.3054823296857047,303.5,0.18669943615094425,0.19318230301648576,0.18021656928540275,0.9853183705953609,5,False,False,False,False,False,ok,1,42355.0,450,600,
ISIC_6128367,0.2210046466519714,0.9671610768621685,0.21109572969024973,505.8,0.14454274822762064,0.10814307144552149,0.1809424250097198,0.9714298949378627,6,False,False,False,False,False,ok,1,137466.0,2448,3264,
ISIC_6134081,0.2596076444172313,0.9513942847276181,0.38913320908041016,404.0,0.09992710052660903,0.08028854972102484,0.11956565133219321,0.9941159842552587,6,False,False,False,False,False,ok,1,94207.0,450,600,
ISIC_6135643,0.15704809331586989,0.9834221766994663,0.2560661985682039,1179.9,0.08869852454867216,0.08779331513597444,0.08960373396136989,0.9961991647219058,7,False,False,False,False,False,ok,1,776851.0,2448,3264,
ISIC_6138020,0.1758083408755169,0.9676896171583255,0.1696275692362031,671.6,0.10927942090002402,0.14332808430166988,0.07523075749837815,0.9963825936645273,7,False,False,False,False,False,ok,1,252335.0,2448,3264,
ISIC_6141356,0.3427259872176448,0.9201946285582928,0.3425997884600093,490.4,0.1879674315605201,0.1642924976337673,0.2116423654872729,0.9737612569000311,6,False,False,False,False,False,ok,1,96662.0,450,600,
ISIC_6159600,0.23951192190187542,0.9980774201299462,0.28861099959037756,4078.6,0.00908675415454624,0.006112422124670336,0.012061086184422143,1.0173619054807463,9,False,False,True,False,True,edge_adjacent(margin_24px);oversized_mask,1,7960008.0,2448,3264,
ISIC_6160419,0.4659798858436651,0.882105375647872,0.4547417205887493,518.3,0.2983695651447846,0.293990946265978,0.30274818402359116,1.0016773093591553,6,False,False,False,False,True,oversized_mask,1,141106.0,450,600,
ISIC_6161362,0.4053526151658101,0.9109293161681923,0.4480866137924094,367.8,0.19721545620739545,0.21008784494402166,0.18434306747076923,0.9994009151875182,6,True,False,False,False,False,fragmented(2_meaningful_blobs),2,74978.0,450,600,
ISIC_6163910,0.16953963917232207,0.9833496899208619,0.16328756309405126,449.4,0.12431654876050008,0.13927059231604033,0.10936250520495983,1.0150685534986963,6,False,False,False,False,False,ok,1,118310.0,2448,3264,
ISIC_6164551,0.34064830391555345,0.9522937429449548,0.36367470984662476,577.6,0.14189972740704948,0.12018469830135003,0.16361475651274893,0.9845742803191143,6,False,False,False,False,True,oversized_mask,1,143710.0,450,600,
ISIC_6165518,0.15934146417529382,0.9766479181748993,0.19758389412332128,218.0,0.0998626014425818,0.0610815150309757,0.1386436878541879,0.9920600252318874,5,False,False,False,False,False,ok,1,26579.0,1936,2592,
ISIC_6179369,0.21348803114610848,0.9617353468134118,0.21917910739088195,400.7,0.20612686336168978,0.22314962563701202,0.18910410108636755,1.0118190539214866,6,False,False,False,False,False,ok,1,86940.0,2448,3264,
ISIC_6180140,0.5734593763311026,0.9261681767896955,0.20962614559463846,1026.7,0.17882937556559553,0.2190260161132348,0.13863273501795625,0.9999730388075457,6,False,False,False,False,False,ok,1,192398.0,2448,3264,
ISIC_6186510,0.2630686316731443,0.9260900287533831,0.25408370154327814,461.1,0.222377223008088,0.14974744799592254,0.29500699802025343,0.9893414095420706,6,False,False,False,False,False,ok,1,104771.0,2448,3264,
ISIC_6195452,0.5846660663503532,0.7716574472153952,0.4908112131823098,513.0,0.3069572608476146,0.3214631671254712,0.292451354569758,0.9989195328113109,6,False,False,True,False,False,edge_adjacent(margin_5px),1,109723.0,450,600,
ISIC_6195604,0.21574330526580232,0.9673385918784692,0.361445874158145,383.3,0.07350633618736396,0.07506674235274569,0.07194593002198224,1.0082376838354101,6,False,False,False,False,False,ok,1,91571.0,450,600,
ISIC_6202682,0.14059410102439018,0.9916020301240436,0.12243661320532657,856.4,0.07625752379733497,0.0729535024148219,0.07956154517984804,0.9831692608673925,7,False,False,False,False,False,ok,1,424522.0,2448,3264,
ISIC_6207818,0.41027716996526553,0.9139650930517743,0.4354368283643209,1086.7,0.29882678887846853,0.3289249771796725,0.26872860057726455,0.9998184806322336,7,False,False,False,False,False,ok,1,594097.0,2448,3264,
ISIC_6220625,0.15798010178677158,0.9790396591119375,0.2006757727640726,2049.2,0.13964989384328463,0.17672589447106302,0.10257389321550625,0.9926957334092609,8,False,False,False,False,False,ok,1,2476093.0,2848,4288,
ISIC_6225486,0.15266147688319553,0.9883741079324238,0.2917951482626532,1101.9,0.10884583970075717,0.10551359867804577,0.11217808072346858,0.994371829656402,7,False,False,False,False,False,ok,1,774393.0,2848,4288,
ISIC_6228536,0.3120149449128735,0.9575188194041742,0.4566706472450446,920.7,0.09792111750649041,0.0829033758448181,0.11293885916816271,1.0041601269427014,7,False,False,False,False,False,ok,1,354475.0,1936,2592,
ISIC_6228963,0.2797521933465781,0.9926675745467574,0.33712708937857405,3968.1,0.022821437507827058,0.021834722585150956,0.02380815243050316,1.0183111629345358,9,True,False,True,False,True,fragmented(2_meaningful_blobs);edge_adjacent(margin_24px);oversized_mask,2,7857711.0,2448,3264,
ISIC_6232156,0.20875459404796093,0.9644079805281466,0.1773274062599145,818.1,0.11567645456939069,0.10953344434961676,0.12181946478916461,0.9872268471214568,7,False,False,False,False,False,ok,1,316737.0,2448,3264,
ISIC_6242110,0.29162763865867536,0.9240614971266512,0.3292374957998156,329.9,0.14273357915989315,0.14480768659986298,0.14065947171992332,1.0336164305807676,6,False,False,False,False,False,ok,1,62366.0,450,600,
ISIC_6248008,0.2640565714490536,0.9515904636289858,0.31839722938553155,2988.4,0.20486337798801157,0.21636954426042598,0.19335721171559717,0.994768716722711,9,False,False,True,False,True,edge_adjacent(margin_24px);oversized_mask,1,4360315.0,2448,3264,
ISIC_6250232,0.2546128852785572,0.9515279736718383,0.2625948370823023,427.3,0.09466836592411637,0.07263545503342828,0.11670127681480447,0.9780503448940788,6,False,False,False,False,False,ok,1,91601.0,450,600,
ISIC_6256967,0.1739920519092374,0.9777016739728983,0.2210314817891227,468.8,0.10268767214353064,0.09864666306473857,0.10672868122232271,0.972541226048326,6,False,False,False,False,False,ok,1,122927.0,2448,3264,
ISIC_6259246,0.5223492364772042,0.8607612504770826,0.5425325682576887,387.3,0.2235429059860105,0.24737358174467883,0.1997122302273422,1.008885045534881,6,True,False,False,False,False,fragmented(2_meaningful_blobs),2,62564.0,450,600,
ISIC_6278558,0.25982626931195163,0.9379898072463078,0.2507066020374328,490.0,0.21495564937084927,0.19558691505445813,0.2343243836872404,0.9953065502770871,6,False,False,False,False,False,ok,1,128649.0,2448,3264,
ISIC_6278944,0.435415715188042,0.8646893438403358,0.36625928442629496,169.9,0.2205828309238272,0.20009705603363825,0.24106860581401612,0.9606377654993205,4,False,False,False,True,False,very_small_contour(lt_12445px),1,11134.0,450,600,
ISIC_6279341,0.40989932023266995,0.9300996243671403,0.19583446343973518,936.0,0.18172175282060815,0.13856312286326555,0.22488038277795075,0.9505911118919322,6,False,False,False,False,False,ok,1,243009.0,2448,3264,
ISIC_6284312,0.2959736748223394,0.9574806549254663,0.26514865723723063,1260.7,0.23714196119673353,0.23398536803182313,0.24029855436164393,0.9903547146194959,7,False,False,False,False,False,ok,1,728986.0,2448,3264,
ISIC_6285871,0.21512589522901293,0.9677607721998703,0.24308797678480687,689.8,0.11729718668912359,0.17498057726155847,0.05961379611668871,0.9903966415691521,6,False,False,False,False,False,ok,1,249456.0,2448,3264,
ISIC_6289619,0.29611145443674636,0.9367874582932073,0.260266394947877,1374.3,0.1396719540666967,0.11363358696663484,0.16571032116675855,0.9894094369831093,7,False,False,False,False,False,ok,1,772002.0,2448,3264,
ISIC_6289926,0.27611061311591867,0.9487291941210539,0.21420851256672518,687.1,0.231325046712062,0.14403978927741223,0.31861030414671176,0.9815594316235109,6,False,False,False,False,False,ok,1,226927.0,2448,3264,
ISIC_6295805,0.27645900467503104,0.9300465037386745,0.257435441021064,628.0,0.15880129492273648,0.1543942992907924,0.16320829055468056,0.9999983389970634,7,False,False,False,False,False,ok,1,231161.0,2448,3264,
ISIC_6296285,0.26427941477758987,0.989969106210717,0.1345081739938999,1117.9,0.09884706996887116,0.06812413953450136,0.12957000040324096,0.9857175702402265,7,False,False,False,False,False,ok,1,465866.0,2448,3264,
ISIC_6299036,0.35637186258108344,0.8578584236376393,0.273897227931813,360.0,0.17245483480529178,0.18209648764272102,0.16281318196786254,0.9866553885954892,6,False,False,False,False,False,ok,1,66516.0,2448,3264,
ISIC_6319742,0.19335693678503885,0.9762769877013274,0.3001243610716514,1144.3,0.09828407469986467,0.09432294659506679,0.10224520280466254,0.9919724096040354,7,False,False,False,False,False,ok,1,826167.0,2448,3264,
ISIC_6327728,0.42510186506264314,0.9149863604280727,0.3612323792657413,366.7,0.18796159074651453,0.1974042442248647,0.17851893726816437,0.9993140399686149,6,True,False,False,False,False,fragmented(2_meaningful_blobs),2,48394.0,450,600,
ISIC_6336781,0.21190374833200443,0.9538473801679244,0.21089881221266302,264.1,0.16082416166539826,0.16012391450002228,0.16152440883077424,0.9803009879764162,5,False,False,False,False,False,ok,1,36229.0,1936,2592,
ISIC_6343626,0.30934175261699526,0.9208607999434192,0.38146653642686323,731.6,0.16804364844778197,0.15212303577671438,0.18396426111884956,0.986436813218453,7,False,False,False,False,False,ok,1,287417.0,2448,3264,
ISIC_6345354,0.1114850363506702,0.993633999820676,0.17307166314096153,729.7,0.05521849539344448,0.05270378619434979,0.05773320459253917,0.9856761751742238,7,False,False,False,False,False,ok,1,327863.0,4000,6000,
ISIC_6348638,0.24450135075223545,0.9576837918980549,0.2168071103577382,1922.7,0.18697569449954882,0.2274863460236911,0.14646504297540652,1.0019990800342937,8,False,False,False,False,False,ok,1,1594019.0,2848,4288,
ISIC_6352343,0.2922174996102106,0.9298768453461751,0.33957204304161515,296.1,0.1553068658975561,0.15580835535106752,0.15480537644404468,0.9703123386059044,5,False,False,False,False,False,ok,1,47511.0,450,600,
ISIC_6352858,0.24583724648249228,0.9584891525739885,0.37527530204031645,797.2,0.09203877294523921,0.09029566631277663,0.09378187957770179,0.9860294038491118,7,False,False,False,False,False,ok,1,319578.0,2448,3264,
ISIC_6352997,0.3071459077132199,0.9254027673604865,0.35068870942212643,561.7,0.1839481199837359,0.21978823437987716,0.14810800558759463,0.9715075464824802,6,False,False,False,False,False,ok,1,137001.0,1936,2592,
ISIC_6353654,0.2821007819033393,0.9197727414621965,0.3343594695462006,108.1,0.1700914912630268,0.17209528449537004,0.16808769803068357,0.981065283680079,4,False,False,False,True,False,very_small_contour(lt_12445px),1,7525.0,450,600,
ISIC_6355154,0.2539119668944142,0.9777727843005075,0.3760634177024531,213.4,0.16137432270340196,0.11127012525541069,0.21147852015139323,0.982533795651219,5,False,False,False,False,False,ok,1,26395.0,450,600,
ISIC_6365981,0.2522624429511807,0.997381189914747,0.2859947633249808,741.8,0.010360248024073149,0.009059673554741243,0.011660822493405054,1.026054921686502,6,False,False,True,False,True,edge_adjacent(margin_5px);oversized_mask,1,264955.0,450,600,
ISIC_6366417,0.2022108417223728,0.9608884131207656,0.22306081387386575,1311.5,0.1761746860874861,0.1699271267689827,0.1824222454059895,0.993040010207993,8,False,False,False,False,False,ok,1,1033149.0,2448,3264,
ISIC_6367092,0.15439910912130617,0.9847347116512424,0.21858134849362879,1342.5,0.06456570808352302,0.05477483733670807,0.07435657883033797,0.9796344464082645,8,False,False,False,False,False,ok,1,1053243.0,2448,3264,
ISIC_6368918,0.3846165143818364,0.9149619915696942,0.5158339857449459,798.8,0.21145060569947766,0.17806408277890418,0.24483712862005114,0.9881537469662134,6,False,False,False,False,False,ok,1,254976.0,2448,3264,
ISIC_6369189,0.4436016626578151,0.8429320538123405,0.3397372421687728,1712.2,0.2616726426806486,0.2070576741162733,0.3162876112450239,0.9990167341056131,8,False,False,False,False,False,ok,1,1156237.0,2448,3264,
ISIC_6374674,0.2574555158309375,0.9379316840386789,0.28672093930606246,294.0,0.14589678786227533,0.1272998508385691,0.16449372488598157,0.9964006342612364,5,False,False,False,False,False,ok,1,45187.0,450,600,
ISIC_6384448,0.2686029065038633,0.9165816248476897,0.32792219608228856,690.6,0.19573823088079434,0.21570681359780552,0.17576964816378315,1.0107001489431233,7,False,False,False,False,False,ok,1,255540.0,2448,3264,
ISIC_6389005,0.20669101443459625,0.9741889587609831,0.2400936595981617,403.8,0.0975830432991418,0.10291890983446617,0.09224717676381744,0.9879351342380573,6,False,False,False,False,False,ok,1,90215.0,450,600,
ISIC_6393708,0.155847788539755,0.9830439195730275,0.18710072892630916,655.9,0.09399824694137482,0.09232678324508625,0.09566971063766339,0.9750590162614823,7,False,False,False,False,False,ok,1,252153.0,2448,3264,
ISIC_6394582,0.22781391848057042,0.9701383732703341,0.2873324726680601,275.8,0.10908811544979524,0.09296944841213206,0.12520678248745842,0.9750246324797694,5,False,False,False,False,False,ok,1,36267.0,450,600,
ISIC_6396310,0.1587465476183999,0.9918523059721168,0.13116866251716003,542.6,0.08608116734608495,0.11736305442322903,0.054799280268940875,0.9670290154388841,6,False,False,False,False,False,ok,1,156773.0,2448,3264,
ISIC_6398283,0.5192404714707307,0.8939433526061636,0.4366257453535433,3628.9,0.472900931478098,0.2487345801935238,0.6970672827626722,0.9998740183848855,8,True,False,True,False,True,fragmented(4_meaningful_blobs);edge_adjacent(margin_24px);oversized_mask,4,4536795.0,2448,3264,
ISIC_6398669,0.36486989265721903,0.8830120119142564,0.24294182434589048,1014.3,0.2629643834807597,0.29907855937418193,0.22685020758733743,0.9789593499477259,7,False,False,False,False,False,ok,1,435256.0,2448,3264,
ISIC_6400148,0.3802193630386591,0.9308247444203963,0.4618149586291478,577.7,0.21000489087342755,0.19407735697559714,0.22593242477125797,0.9988283317175658,6,False,False,True,False,False,edge_adjacent(margin_5px),1,134461.0,450,600,
ISIC_6405019,0.2427702565037132,0.9803207058743909,0.24431913479849834,745.7,0.11519163428500079,0.0823790325942867,0.14800423597571488,0.977935086459293,6,False,False,False,False,False,ok,1,232597.0,2448,3264,
ISIC_6411939,0.16818027030099192,0.9751110320333404,0.16894112866732033,584.8,0.1364921982182094,0.12568382539967926,0.14730057103673955,0.9728593829230126,6,False,False,False,False,False,ok,1,214519.0,2448,3264,
ISIC_6414435,0.15857652214153495,0.9880329191016928,0.18179031654131314,866.3,0.07043646966140044,0.09053110924324803,0.05034183007955284,0.9885113129045106,7,False,False,False,False,False,ok,1,424349.0,2448,3264,
ISIC_6420151,0.2437789598870428,0.9646872464552022,0.45662966795624743,360.2,0.10308459705410955,0.10360960886550608,0.10255958524271303,1.0066871887966446,6,False,False,False,False,False,ok,1,75383.0,450,600,
ISIC_6428004,0.3856159791470801,0.9018087739436115,0.4613671831499281,428.5,0.19954332821173415,0.24694609534033107,0.15214056108313723,0.9464095926027237,6,False,False,False,False,False,ok,1,101174.0,450,600,
ISIC_6428132,0.432244658238951,0.9112505449016088,0.5126861455165418,488.1,0.2304029171202442,0.1900829835865444,0.27072285065394397,1.009501984909568,6,True,False,False,False,False,fragmented(2_meaningful_blobs),2,133484.0,450,600,
ISIC_6434822,0.33249069319818536,0.9376746419839329,0.33959479302262713,219.0,0.17032184852366972,0.19794514876137437,0.14269854828596507,0.9823353507646291,5,False,False,False,False,False,ok,1,21740.0,450,600,
ISIC_6442452,0.3205522198715194,0.9532974929472507,0.3375271738630919,567.9,0.14876243719736876,0.13884905973129902,0.1586758146634385,0.9823936355008968,6,False,False,False,False,False,ok,1,134998.0,450,600,
ISIC_6450034,0.24895733612941662,0.9681563650930209,0.20141321720653854,1162.1,0.11856032877704137,0.1259649500769905,0.11115570747709225,0.9779674690332015,7,False,False,False,False,False,ok,1,574137.0,2448,3264,
ISIC_6455558,0.4728293562404905,0.94283917274039,0.307263054148321,513.3,0.2116390216333352,0.12152838684556022,0.3017496564211102,0.9795495348916964,5,False,False,False,False,False,ok,1,64258.0,450,600,
ISIC_6461484,0.4198270254138343,0.9491314619914678,0.2719713084480936,2464.5,0.11809715988988195,0.11128723787403605,0.12490708190572786,0.9982521552133174,7,False,False,True,False,False,edge_adjacent(margin_24px),1,1792331.0,2448,3264,
ISIC_6465119,0.27243406515337176,0.9437667149991945,0.3349543353823004,514.0,0.17428264754725575,0.13736138539206189,0.21120390970244962,0.984113676881729,6,False,False,True,False,True,edge_adjacent(margin_5px);oversized_mask,1,147140.0,450,600,
ISIC_6466831,0.13227398376689836,0.9853988347838596,0.15324850808320786,578.1,0.09078931496523401,0.0664046514839961,0.11517397844647193,0.984802421576388,7,False,False,False,False,False,ok,1,226814.0,2448,3264,
ISIC_6472700,0.3034909234352817,0.9149203513407926,0.2132021287071129,932.4,0.23408949063385098,0.30545227205565495,0.16272670921204702,0.9827922104731573,7,False,False,False,False,False,ok,1,418067.0,2448,3264,
ISIC_6480143,0.3406680321090354,0.9257117888665559,0.45167330642407244,507.2,0.2442756048477105,0.1481094922059304,0.3404417174894906,1.0048258377146704,6,False,False,True,False,False,edge_adjacent(margin_5px),1,133096.0,450,600,
ISIC_6503533,0.21333565783479091,0.959980727676225,0.23958142919999564,411.4,0.1195720792542348,0.1180210270702734,0.1211231314381962,0.965186411658187,6,False,False,False,False,False,ok,1,99165.0,450,600,
ISIC_6508737,0.37511155163613874,0.915921400116378,0.38077703033707055,513.8,0.19256065576407644,0.21986269390405977,0.1652586176240931,1.0083533605261397,6,False,False,False,False,False,ok,1,102938.0,450,600,
ISIC_6522875,0.11268170916521081,0.9936608709370534,0.155265042250309,401.6,0.06098356349624462,0.04761103634806696,0.07435609064442228,0.9736004585498719,6,False,False,False,False,False,ok,1,104443.0,2448,3264,
ISIC_6529890,0.14060939109281267,0.9842010839251076,0.24711652822670135,598.6,0.07785802579261669,0.07557653777579487,0.08013951380943851,0.9773550669880517,7,False,False,False,False,False,ok,1,237245.0,2848,4288,
ISIC_6532815,0.19322072082225583,0.9770835006559044,0.18277493831990468,505.3,0.13574445855941658,0.1270809320304711,0.14440798508836206,0.9962452772066944,6,False,False,False,False,False,ok,1,128359.0,2448,3264,
ISIC_6534791,0.11203589857253382,0.9926436654298425,0.12930032262112937,634.5,0.08235309929485685,0.08928014737463064,0.07542605121508306,0.9957000911218192,7,False,False,False,False,False,ok,1,269687.0,2448,3264,
ISIC_6538108,0.31010899897901334,0.9534326921975416,0.34334238569518327,423.0,0.1341891065953531,0.14707769934774284,0.12130051384296336,0.993689977359143,6,False,False,False,False,False,ok,1,83724.0,450,600,
ISIC_6539281,0.36240927173896675,0.9435388384579296,0.3428973563399905,431.4,0.16360767583671487,0.10341344584083334,0.2238019058325964,0.9802607084919347,5,False,False,False,False,False,ok,1,63842.0,450,600,
ISIC_6549798,0.2836085343486531,0.9585871716270227,0.259457535888305,869.3,0.12606324584370188,0.0871265225305563,0.16499996915684745,0.9654345724422976,6,False,False,False,False,False,ok,1,297447.0,2448,3264,
ISIC_6550801,0.5261320747484683,0.9614330100392062,0.7042434319584953,679.9,0.10230514171879995,0.10225820547648934,0.10235207796111057,1.0376916781481107,6,False,False,True,False,True,edge_adjacent(margin_5px);oversized_mask,1,232771.0,450,600,
ISIC_6551749,0.3801984697684253,0.9020769386447195,0.36072025381987627,431.4,0.17420879170747305,0.15387386769872113,0.19454371571622497,1.0099043490066992,6,False,False,False,False,False,ok,1,107612.0,450,600,
ISIC_6561111,0.2262515421410195,0.9750060130559536,0.25955596528459834,569.6,0.08200205050827175,0.07808366677470802,0.08592043424183549,0.9755490830314325,6,False,False,False,False,False,ok,1,144576.0,2448,3264,
ISIC_6562871,0.27176190001127387,0.9393186673436993,0.21654303184576632,1526.8,0.17544411035995233,0.17487581745838265,0.176012403261522,0.9932061295870975,8,False,False,False,False,False,ok,1,1131205.0,2848,4288,
ISIC_6563965,0.3218815721053825,0.9411248135465031,0.49330661147556254,473.2,0.14820727366546033,0.14924293488788487,0.14717161244303578,1.0100647711527513,6,False,False,False,False,False,ok,1,112602.0,450,600,
ISIC_6576436,0.30967482288960224,0.9402710091525021,0.41022770101668826,478.1,0.16734523261797307,0.14691806651253403,0.18777239872341212,0.9899748380418287,6,False,False,False,False,True,oversized_mask,1,135151.0,450,600,
ISIC_6584815,0.43951270490497485,0.866518402874943,0.4389515889532948,256.8,0.2928349388689699,0.3662860906969402,0.2193837870409996,0.9517689774304883,5,False,False,False,False,False,ok,1,29764.0,450,600,
ISIC_6590224,0.5174566152603705,0.8917369757165842,0.6066313396977585,1775.6,0.2382446558212034,0.22885214058461412,0.2476371710577927,0.9998096723969716,8,True,False,False,False,False,fragmented(2_meaningful_blobs),2,1023620.0,2448,3264,
ISIC_6596655,0.2141993673358703,0.9888131845868586,0.1391134029325589,503.8,0.1663421668470526,0.1410497183030126,0.1916346153910926,0.9889759543246449,6,False,False,False,False,False,ok,1,112851.0,2448,3264,
ISIC_6596926,0.34778815478486613,0.8966427334903653,0.2815171738937057,427.4,0.24348793176994893,0.1643734416940117,0.32260242184588617,0.999700191979235,6,False,False,False,False,False,ok,1,79526.0,450,600,
ISIC_6604352,0.13660742453679975,0.982117711232098,0.20265841713236832,1480.5,0.06141103296895056,0.061078406073860836,0.06174365986404029,0.9889989761714985,8,False,False,False,False,False,ok,1,1525279.0,2448,3264,
ISIC_6625102,0.23228500197631508,0.9687748301935153,0.2944671147273138,393.9,0.14666219816766052,0.11730502772271734,0.1760193686126037,1.0016555668189635,6,False,False,False,False,False,ok,1,76090.0,1936,2592,
ISIC_6634524,0.2310716320679671,0.9647106119423611,0.18511928423326202,493.1,0.22701292852565025,0.2483158341988202,0.2057100228524803,0.9742381239791702,6,False,False,False,False,False,ok,1,115761.0,1936,2592,
ISIC_6635963,0.41225308531246896,0.9677070161321225,0.317785400078686,604.1,0.1143468744254133,0.13539712901692325,0.09329661983390336,0.9891008760501918,6,False,False,True,False,False,edge_adjacent(margin_5px),1,101665.0,450,600,
ISIC_6636694,0.4896010304717723,0.8753727038995825,0.5192350739107585,442.3,0.2929228884879925,0.3037315974784871,0.28211417949749795,1.0121950717624768,6,False,False,True,False,False,edge_adjacent(margin_5px),1,90180.0,450,600,
ISIC_6637633,0.27027721193993604,0.9423095904786148,0.24343888700401822,687.9,0.1526183006457683,0.14224856581236012,0.1629880354791765,0.9826681283341493,7,False,False,False,False,False,ok,1,272976.0,2448,3264,
ISIC_6638137,0.38815605306247547,0.8759997889229795,0.39505731875526445,510.6,0.3971780747522639,0.40275990472166334,0.3915962447828645,1.00717325616449,6,False,False,True,False,False,edge_adjacent(margin_5px),1,116883.0,450,600,
ISIC_6640040,0.2215939269119931,0.968287319282355,0.41143471515193325,268.9,0.08525127572514035,0.07973279666253308,0.09076975478774763,0.995616011543379,5,False,False,False,False,False,ok,1,44845.0,450,600,
ISIC_6646939,0.23279217147328357,0.9679340411044494,0.23681641245573207,1434.5,0.09727707592882201,0.08420619836718557,0.11034795349045845,0.9847848158283444,7,False,False,False,False,False,ok,1,950549.0,2448,3264,
ISIC_6648449,0.3437618360382627,0.9151263080926809,0.43276028869355265,473.7,0.19602575927193655,0.10789354547351648,0.2841579730703566,0.9849096738394124,6,True,False,False,False,False,fragmented(2_meaningful_blobs),2,117023.0,450,600,
ISIC_6648628,0.2566414548167927,0.9579052844096769,0.2665188225072825,466.6,0.18599816680191117,0.09624997550530001,0.2757463580985223,0.974374742484295,6,False,False,False,False,False,ok,1,97109.0,450,600,
ISIC_6655070,0.4345933147478831,0.8803639126277077,0.42860463101798985,482.8,0.28489696791464164,0.2420949951283703,0.327698940700913,1.0096347455540946,6,False,False,False,False,False,ok,1,117144.0,450,600,
ISIC_6667219,0.1743738807164431,0.9856534361821611,0.2666686289183942,290.3,0.14872491532876042,0.17298476644771532,0.12446506420980552,0.999331311385126,5,False,False,False,False,False,ok,1,46896.0,2448,3264,
ISIC_6667632,0.2752971329288614,0.9413343659517545,0.23354762263106393,352.3,0.19021517260643173,0.16776036178355447,0.21266998342930898,0.9793575563783665,5,False,False,False,False,False,ok,1,53899.0,2448,3264,
ISIC_6674202,0.1961705931533202,0.9646313862650816,0.15461313170718388,953.2,0.17811568634144265,0.15068040692453377,0.20555096575835152,0.9871654881989583,7,False,False,False,False,False,ok,1,506072.0,2448,3264,
ISIC_6683697,0.3398798719130355,0.9188303077102252,0.20782011972434186,1103.9,0.19455234777412073,0.21264075748405165,0.1764639380641898,0.9925000214181081,7,False,False,False,False,False,ok,1,470702.0,2448,3264,
ISIC_6691035,0.34361377302125673,0.9188347613913636,0.4765878314794217,334.1,0.22084626237279187,0.1799520276791996,0.26174049706638414,1.0087772020801233,6,False,False,False,False,False,ok,1,65256.0,450,600,
ISIC_6693050,0.46044900628400187,0.8835227677871108,0.42919842169444195,403.8,0.24516778536531564,0.2661760622151321,0.22415950851549915,0.9745257879844099,5,False,False,False,False,False,ok,1,62482.0,450,600,
ISIC_6703027,0.2633167717628464,0.9524879363900991,0.21066779961533127,885.3,0.12508165213345923,0.16357548435457436,0.0865878199123441,1.000410187726266,7,False,False,False,False,False,ok,1,366736.0,2448,3264,
ISIC_6708112,0.3123384836347808,0.9367382231373753,0.22473799606843906,954.1,0.21981871793008328,0.19689269920281616,0.2427447366573504,0.9952294169195665,7,False,False,False,False,False,ok,1,373238.0,2448,3264,
ISIC_6714325,0.3349919130132092,0.9700246823907619,0.4470667296751126,386.9,0.09697953621096594,0.06708550741312036,0.12687356500881153,0.9925340926643103,6,False,False,False,False,False,ok,1,72605.0,450,600,
ISIC_6721526,0.17824648587256553,0.9767759245597143,0.15214643446802958,718.6,0.1392493113252406,0.14885447245285,0.1296441501976312,1.0033043119888287,7,False,False,False,False,False,ok,1,274305.0,2448,3264,
ISIC_6729594,0.30523997417800175,0.9591726334928661,0.209281015809792,577.6,0.17515869611734225,0.1364989472218363,0.2138184450128482,0.997077036723598,6,False,False,False,False,False,ok,1,128331.0,2448,3264,
ISIC_6730312,0.3809253267995891,0.9092734017019419,0.4698355051967946,410.5,0.18100033173463553,0.20121768212492797,0.1607829813443431,1.0220320507597331,6,True,False,False,False,False,fragmented(2_meaningful_blobs),2,83898.0,450,600,
ISIC_6736963,0.14802471740580592,0.9886751423389607,0.22586742896459713,986.5,0.12526693605089462,0.15776853898011645,0.09276533312167279,0.9914442133719095,7,False,False,False,False,False,ok,1,549106.0,2448,3264,
ISIC_6744732,0.39800899048842486,0.8529736651742947,0.2923784409451718,451.7,0.32147796527746303,0.32423716200098995,0.3187187685539361,1.0197681139235217,6,False,False,False,False,False,ok,1,87811.0,2448,3264,
ISIC_6747251,0.5432572151135018,0.8632984936846757,0.5131163300169826,578.7,0.20214110903744154,0.19124499454685795,0.21303722352802512,0.9920565574937107,5,False,False,False,False,False,ok,1,99374.0,450,600,
ISIC_6749742,0.5082186653445331,0.854671222947085,0.5408935788105232,467.9,0.25029940124623484,0.22818001911399455,0.27241878337847514,1.0006257801773288,6,False,False,False,False,False,ok,1,103862.0,450,600,
ISIC_6765543,0.22748178233815397,0.9439609717968673,0.2841742747932551,517.5,0.16611178090673956,0.13503378826596646,0.19718977354751266,0.9860219521253866,6,False,False,False,False,False,ok,1,140752.0,2448,3264,
ISIC_6767569,0.4035042033924362,0.9650094868577376,0.4750025384151536,3002.7,0.21093694985901018,0.1826118074582047,0.23926209225981565,1.0280443587950907,8,True,False,True,False,True,fragmented(2_meaningful_blobs);edge_adjacent(margin_19px);oversized_mask,2,4036727.0,1936,2592,
ISIC_6768098,0.2598445506933956,0.9256580237084572,0.2554655916110182,492.6,0.11474161769686514,0.12276425389744006,0.10671898149629022,1.0038033610231567,6,False,False,False,False,False,ok,1,116293.0,2448,3264,
ISIC_6771825,0.16462064924065767,0.9857323285560415,0.13984549346937283,931.9,0.05836090467512728,0.05104864440020296,0.0656731649500516,0.9909690120772333,7,False,False,False,False,False,ok,1,515562.0,2448,3264,
ISIC_6773668,0.34362041792739706,0.8922003804692454,0.3404866146772306,104.8,0.31231593553765974,0.3165110852805556,0.3081207857947639,0.942311472497196,4,False,False,False,True,False,very_small_contour(lt_12445px),1,5772.0,450,600,
ISIC_6780966,0.311233908047718,0.9334959604005462,0.36999691110713584,347.3,0.13265592811085014,0.12097530479523455,0.14433655142646573,1.0203125394120611,6,True,False,False,False,False,fragmented(2_meaningful_blobs),2,66106.0,450,600,
ISIC_6784593,0.21023383434360587,0.9684774343327605,0.23040006289308954,1311.3,0.1414230884847869,0.18350177506213794,0.09934440190743588,0.9985369263720895,7,False,False,False,False,False,ok,1,974109.0,1936,2592,
ISIC_6788333,0.16448692815189137,0.9754459321204573,0.20932844464130695,131.0,0.11459425146425106,0.12814914350620177,0.10103935942230036,0.9971006467483964,4,False,False,False,True,False,very_small_contour(lt_12445px),1,11141.0,450,600,
ISIC_6790517,0.34824725914746435,0.9249666221628838,0.42049011602543285,373.4,0.21817169322547997,0.2583698390805278,0.17797354737043214,0.9868993322101226,6,False,False,False,False,False,ok,1,76731.0,450,600,
ISIC_6793626,0.3978181187940337,0.8955934836734296,0.3622574561574807,761.1,0.19528406088376804,0.20111615156424034,0.18945197020329574,1.015642883660917,7,False,False,False,False,False,ok,1,276566.0,2448,3264,
ISIC_6801081,0.39806037780566106,0.8814880677170395,0.38783908068978334,414.9,0.3348223018394886,0.32429894003321746,0.3453456636457597,0.9817343356932422,6,False,False,False,False,False,ok,1,62448.0,450,600,
ISIC_6804655,0.2513322586880875,0.9999347240724703,0.24415866381996854,4902.8,0.09099162094611268,0.004888870044238769,0.1770943718479866,1.0040516040371712,9,False,False,True,False,True,edge_adjacent(margin_28px);oversized_mask,1,10921234.0,2848,4288,
ISIC_6806266,0.2469948496938188,0.9463081106520943,0.35669951886482143,251.5,0.12178179230437286,0.10218181820513816,0.14138176640360756,0.9555393213353776,5,False,False,False,False,False,ok,1,36533.0,450,600,
ISIC_6808448,0.20244568280971575,0.9729094708001582,0.21718812666969375,596.4,0.10004844322499867,0.12039121005483289,0.07970567639516446,0.9689827312325588,6,False,False,False,False,False,ok,1,183956.0,2448,3264,
ISIC_6809586,0.2104715514626574,0.9542223095349781,0.22864940438981154,2767.9,0.1615503016644677,0.16924679416746835,0.15385380916146707,1.0019540465176333,9,False,False,False,False,False,ok,1,4081212.0,4000,6000,
ISIC_6813763,0.1924613151926039,0.9754178791364959,0.20409944337151353,236.7,0.16104253234316923,0.09487045279066764,0.22721461189567083,0.966323455978523,5,False,False,False,False,False,ok,1,29123.0,2448,3264,
ISIC_6814727,0.37428778928344864,0.9071268483982078,0.3647993332741977,1038.2,0.2150773420547386,0.21402672329330708,0.21612796081617014,0.9926121241899907,7,False,False,False,False,False,ok,1,446118.0,1936,2592,
ISIC_6821008,0.178823427116661,0.9836556467796216,0.15943313445239082,666.6,0.08779093103363522,0.08408288591874447,0.09149897614852598,0.9780932235144687,6,False,False,False,False,False,ok,1,220886.0,2448,3264,
ISIC_6829536,0.24076938134701975,0.953509048504435,0.22239095363794495,827.2,0.18842962358727233,0.24700207048336786,0.1298571766911768,1.0058774264197587,7,False,False,False,False,False,ok,1,412441.0,2448,3264,
ISIC_6851408,0.22249125941653303,0.9700331295012506,0.20367346463421046,1164.1,0.1559719714619615,0.0841014497846293,0.22784249313929372,0.9851843630396021,7,False,False,False,False,False,ok,1,656403.0,2448,3264,
ISIC_6854168,0.2066198811227663,0.9869016703289949,0.1587684493715879,599.7,0.1007280592455575,0.090113352368969,0.111342766122146,0.9947312096037894,6,False,False,False,False,False,ok,1,161259.0,2448,3264,
ISIC_6867242,0.11054565655979542,0.9944503794553048,0.17309501457862528,241.5,0.07244933112186835,0.10372856470964054,0.04117009753409617,0.9611846340449315,5,False,False,False,False,False,ok,1,36152.0,2448,3264,
ISIC_6871942,0.16862597755575837,0.9944370970408332,0.17107919826598061,362.7,0.07352181203334768,0.07716725392697255,0.06987637013972281,0.9632086389705979,5,False,False,False,False,False,ok,1,60571.0,2448,3264,
ISIC_6873786,0.1777488167772121,0.9749953034003381,0.22193121488070536,354.9,0.08790494414527117,0.08557038776727821,0.09023950052326413,0.96911848951671,6,False,False,False,False,False,ok,1,78311.0,450,600,
ISIC_6876691,0.30472901149191944,0.9573634263566595,0.1912936769607585,776.2,0.17349952121477202,0.16403276841418224,0.1829662740153618,0.9808624874437001,6,False,False,False,False,False,ok,1,211782.0,2448,3264,
ISIC_6881589,0.33894800334789943,0.9258043009923248,0.3959002927743898,415.4,0.2676000864132036,0.2533672120387811,0.2818329607876261,0.9946969987445144,6,False,False,False,False,False,ok,1,84548.0,450,600,
ISIC_6885654,0.2051613714672922,0.9791073666101328,0.2989864385572413,2150.3,0.14183627367546253,0.10508533533488951,0.17858721201603556,1.0005928001611704,8,False,False,False,False,False,ok,1,2354410.0,2848,4288,
ISIC_6898183,0.326826643974383,0.9107709295322225,0.2586750387814271,320.0,0.13723131255784016,0.10929300443970724,0.16516962067597307,0.9813280844167326,6,False,False,False,False,False,ok,1,45756.0,450,600,
ISIC_6904950,0.2516132114159224,0.9585783470804133,0.4147480216858412,545.4,0.1711547900393975,0.16560089870614192,0.17670868137265305,0.990578356186268,6,True,False,True,False,True,fragmented(2_meaningful_blobs);edge_adjacent(margin_5px);oversized_mask,2,170770.0,450,600,
ISIC_6915882,0.24763197205062348,0.9576963949971389,0.24089080304146207,354.4,0.16811034330372754,0.17118150261636533,0.16503918399108974,0.9784851873770183,5,False,False,False,False,False,ok,1,59007.0,2448,3264,
ISIC_6941420,0.35294007167073305,0.8968814149128107,0.4170696757160281,448.4,0.17443700371825982,0.15457878028559635,0.1942952271509233,1.0202601037260637,6,False,False,True,False,False,edge_adjacent(margin_5px),1,105253.0,450,600,
ISIC_6949373,0.34658081565408616,0.9371796873502012,0.3677126782090128,590.5,0.15227464031728405,0.15523632993967695,0.14931295069489114,0.9838642281281763,6,False,False,False,False,False,ok,1,171843.0,2448,3264,
ISIC_6952242,0.2926559197150276,0.9440917197452229,0.3531764444946804,594.0,0.16044983838113974,0.187536743096279,0.1333629336660005,0.9721275803133347,6,False,False,False,False,False,ok,1,186054.0,2448,3264,
ISIC_6953221,0.3167341086862525,0.9114980328175322,0.3838090582516568,306.2,0.1604998880485396,0.145855482027061,0.1751442940700182,0.9902434350545212,6,False,False,False,False,False,ok,1,54061.0,450,600,
ISIC_6954063,0.3148909128522436,0.937213263161125,0.4377171256751834,435.7,0.21812381916945517,0.20329766708371533,0.232949971255195,1.022785989981942,6,False,False,False,False,False,ok,1,92181.0,450,600,
ISIC_6958882,0.2994738451548784,0.9351228045292296,0.25743709110535545,289.8,0.21663467488601462,0.2482222807644583,0.18504706900757095,0.9714846515400659,5,True,False,False,False,False,fragmented(2_meaningful_blobs),2,39908.0,450,600,
ISIC_6981855,0.48141747268468793,0.8095370401791774,0.3088178808201857,744.7,0.34746280576321914,0.35568955756739595,0.3392360539590423,0.9945362024133682,7,False,False,False,False,False,ok,1,191770.0,2448,3264,
ISIC_6985763,0.130068579165598,0.9886834394260887,0.14200027032295032,671.8,0.06328127042812787,0.05550182678159421,0.07106071407466152,0.9785881900124149,7,False,False,False,False,False,ok,1,289531.0,2448,3264,
ISIC_6987320,0.20242747237266412,0.9759532317295961,0.2349151427907812,403.8,0.07008949738945847,0.070512352451375,0.06966664232754194,0.9780307765667555,6,False,False,False,False,False,ok,1,79276.0,450,600,
ISIC_6989261,0.1964794840510341,0.9791770655028681,0.22927542495174819,631.5,0.12615403285103488,0.12991675700837446,0.1223913086936953,0.9801285874771075,6,False,False,False,False,False,ok,1,188097.0,2448,3264,
ISIC_6990939,0.20479593046257505,0.9707339435974032,0.2608056448070039,249.6,0.08293868176662827,0.06973898860784966,0.09613837492540689,0.9803899989219984,5,False,False,False,False,False,ok,1,33127.0,450,600,
ISIC_6993040,0.443136456123122,0.8871146916746653,0.48447351417014756,541.6,0.26866398737706343,0.1866798363252391,0.35064813842888776,0.9971286802761826,6,False,False,True,False,True,edge_adjacent(margin_5px);oversized_mask,1,141707.0,450,600,
ISIC_6999149,0.26186727095814766,0.9562011871290221,0.23328231773285488,282.0,0.24255331136441516,0.2971899951630599,0.18791662756577043,0.9676791392974479,5,False,False,False,False,False,ok,1,38614.0,2448,3264,
ISIC_7009636,0.3307524992588168,0.9240037161050574,0.18188914988108196,560.6,0.26228707455601535,0.31128500534209746,0.21328914376993324,0.9880433971907403,6,False,False,False,False,False,ok,1,143942.0,1936,2592,
ISIC_7010626,0.3690282080470144,0.9585916647774801,0.17894995309395328,1409.1,0.11230457185316545,0.10975617335883203,0.11485297034749886,0.9745865818367899,7,False,False,False,False,False,ok,1,608294.0,2448,3264,
ISIC_7018101,0.3707468663876735,0.9387285052477294,0.29054249993954767,385.4,0.18272487352235461,0.1414528890101474,0.22399685803456182,0.9691003798226558,5,False,False,False,False,False,ok,1,54264.0,450,600,
ISIC_7020654,0.2770207958611318,0.9496171063630775,0.34800887181146856,1773.8,0.18377013250352686,0.19244372973263701,0.1750965352744167,1.0027015418091798,8,False,False,False,False,False,ok,1,1697791.0,4000,6000,
ISIC_7027535,0.23227543145126683,0.968073283287177,0.22006660749748358,1231.0,0.22508377215270092,0.2452057547903158,0.20496178951508603,0.9981579299931523,7,False,False,False,False,False,ok,1,724622.0,2448,3264,
ISIC_7035517,0.41946551364836593,0.8991133702856583,0.39254454982087095,928.0,0.24742497577532196,0.3167396318803447,0.17811031967029922,0.9815299628884872,7,False,False,False,False,False,ok,1,359090.0,2448,3264,
ISIC_7037056,0.49424688930388583,0.8340807926420508,0.5206033466178308,538.9,0.2734831910020767,0.2471891233477983,0.2997772586563551,1.0081093119446123,6,True,False,False,False,False,fragmented(2_meaningful_blobs),2,125184.0,450,600,
ISIC_7044414,0.31486065488190484,0.9154356819374917,0.3488533979343438,1134.0,0.10479817699605443,0.1098300043281274,0.09976634966398146,0.9697623443703132,7,False,False,False,False,False,ok,1,730479.0,2448,3264,
ISIC_7045012,0.3913775193794682,0.9315354585081309,0.45042928745599714,514.5,0.18578076541272126,0.14695882131481308,0.22460270951062944,1.019202228202875,6,False,False,False,False,False,ok,1,103000.0,450,600,
ISIC_7053064,0.3334183183704823,0.9281323283082077,0.3350958765819353,469.7,0.19114412639751654,0.16538531189465955,0.21690294090037354,1.0020313322262346,6,False,False,False,False,False,ok,1,111435.0,450,600,
ISIC_7064511,0.42758767896420447,0.8941932627428573,0.4288147224625706,1788.1,0.20610728044777876,0.15847199754146768,0.25374256335408985,1.012904080294852,8,False,False,False,False,False,ok,1,1497210.0,1936,2592,
ISIC_7064613,0.11728783550127542,0.9933337912435516,0.141144608503275,476.7,0.09409689857289011,0.08006567779561924,0.10812811935016098,0.9798809725750579,6,False,False,False,False,False,ok,1,137984.0,2448,3264,
ISIC_7078388,0.25907275313410916,0.9360811419617522,0.20170498853986188,1017.1,0.25925079784698196,0.25634734222650446,0.26215425346745946,0.9932614465845053,7,False,False,False,False,False,ok,1,498867.0,2448,3264,
ISIC_7079349,0.48369396974243317,0.8824810131198658,0.44459472750429685,1497.9,0.24561006087381165,0.2212635319949975,0.2699565897526258,0.999073874786806,8,False,False,False,False,False,ok,1,727741.0,2448,3264,
ISIC_7081220,0.1070084397155745,0.9915359318561647,0.16330833193916092,512.1,0.06661419468150903,0.06793001221259132,0.06529837715042675,0.9790609700229823,6,False,False,False,False,False,ok,1,166184.0,2448,3264,
ISIC_7081248,0.1856171110544017,0.9673136419248839,0.192460240714187,487.1,0.17106557413547963,0.15948987877509668,0.18264126949586257,0.9871407194453923,6,False,False,False,False,False,ok,1,131471.0,2448,3264,
ISIC_7083060,0.1688904602568181,0.9741210012660373,0.18186396705152957,490.0,0.1321389610371394,0.1472428947455251,0.1170350273287537,0.980301490271717,6,False,False,False,False,False,ok,1,147232.0,2448,3264,
ISIC_7100755,0.23293028471408062,0.9990005207692882,0.23143747767297615,3114.9,0.020157146861378816,0.024985012700778353,0.01532928102197928,1.0122379120678981,8,False,False,True,False,True,edge_adjacent(margin_19px);oversized_mask,1,4826084.0,1936,2592,
ISIC_7101732,0.2120219078799458,0.9805111934814161,0.20509974524607902,3043.5,0.12746776600433918,0.1067997851896515,0.14813574681902686,1.0047789487977195,9,False,False,False,False,False,ok,1,4273089.0,2848,4288,
ISIC_7108282,0.2591051391094238,0.9399741723040379,0.19258506167811543,525.9,0.2184828903836573,0.12784193544911715,0.3091238453181975,0.9771716857251795,6,False,False,False,False,False,ok,1,150269.0,1936,2592,
ISIC_7110687,0.32468323572410485,0.9610062893081761,0.27503609999436596,183.5,0.12332358865739118,0.10670781231876669,0.13993936499601567,0.9940591718178713,4,False,False,False,True,False,very_small_contour(lt_12445px),1,11660.0,450,600,
ISIC_7115931,0.2983149512249882,0.9106370748655104,0.27776885953205954,911.1,0.2083442165858012,0.2082271401073883,0.20846129306421413,0.9843919065442422,7,False,False,False,False,False,ok,1,467009.0,2448,3264,
ISIC_7116014,0.20894599668145686,0.9615126821180372,0.263559734108465,336.7,0.12374060982597523,0.09682878784927951,0.15065243180267096,1.0002053697280915,6,False,False,False,False,False,ok,1,68597.0,450,600,
ISIC_7116818,0.32100512224979494,0.9059270414789252,0.3430874910280153,382.9,0.20930842947332046,0.18922778989119782,0.2293890690554431,1.0012044459364455,6,False,False,False,False,False,ok,1,74800.0,450,600,
ISIC_7126269,0.24603806382094018,0.9589895167540532,0.36885675038826715,771.2,0.10684754169575611,0.10719819258419128,0.10649689080732094,0.981150659469133,7,False,False,False,False,False,ok,1,306616.0,2448,3264,
ISIC_7126708,0.20923155877067479,0.9535587328876393,0.18195457418651018,655.4,0.20231377422697644,0.2170293150520639,0.18759823340188897,0.9752028332992998,7,False,False,False,False,False,ok,1,254854.0,2448,3264,
ISIC_7127226,0.307888529532214,0.9297152246639793,0.2516188616432743,675.4,0.17887859794830313,0.1796933346894175,0.17806386120718876,0.9725746854324443,6,False,False,False,False,False,ok,1,197424.0,1936,2592,
ISIC_7130929,0.4748198122602211,0.8068293102891642,0.33830243874734306,938.8,0.34817758690106876,0.19879489187804333,0.4975602819240942,0.980498908393896,7,False,False,False,False,False,ok,1,338575.0,1936,2592,
ISIC_7132780,0.19451023390978428,0.9799659535642745,0.43716173051450274,1520.4,0.0975684630821867,0.1011583640706416,0.09397856209373179,1.001953598930964,8,False,False,False,False,False,ok,1,1282225.0,2848,4288,
ISIC_7133618,0.2771075108312656,0.9538954769841703,0.22557660801185941,348.0,0.2045974355187556,0.2447736351656995,0.16442123587181168,0.9926700063343513,5,False,False,False,False,False,ok,1,52796.0,2448,3264,
ISIC_7137230,0.203593153228263,0.9659904831195123,0.25611001118183907,610.9,0.07611486420363273,0.07414853040577007,0.07808119800149538,0.9918709778288969,6,False,False,False,False,False,ok,1,214577.0,2448,3264,
ISIC_7139452,0.36367897970090424,0.915425692303203,0.3983512387067902,341.4,0.17687188417226324,0.16944969343316008,0.1842940749113664,0.977287343453791,5,False,False,False,False,False,ok,1,47470.0,450,600,
ISIC_7143359,0.2169312077294765,0.9612195129892329,0.29439372779319456,488.6,0.11844014569325084,0.08109752152280403,0.15578276986369766,0.9879591942020256,6,False,False,True,False,True,edge_adjacent(margin_5px);oversized_mask,1,148281.0,450,600,
ISIC_7143489,0.13378374298390983,0.9825063813549589,0.17709778943876056,454.7,0.15723469298531317,0.1562019743367702,0.15826741163385616,0.9824728732946999,6,False,False,False,False,False,ok,1,133175.0,2448,3264,
ISIC_7145266,0.20277116970529319,0.9703179533156159,0.17457125512696733,304.5,0.1199437370423782,0.07992121036251787,0.15996626372223854,0.9816345526861204,5,False,False,False,False,False,ok,1,45821.0,2448,3264,
ISIC_7149626,0.4617922766511309,0.8729572355861016,0.5129216936263457,487.7,0.18133887291655576,0.16758208956052156,0.19509565627258996,0.9838726481170532,6,True,False,False,False,False,fragmented(2_meaningful_blobs),2,92077.0,450,600,
ISIC_7154536,0.1446405061608328,0.9903279276588197,0.1603398371906538,735.8,0.08680601034983643,0.12919956377524966,0.044412456924423194,0.9844785970937746,7,False,False,False,False,False,ok,1,372330.0,2448,3264,
ISIC_7160082,0.3429781671422649,0.9520140736109197,0.4953284761392142,1352.1,0.13367438150049515,0.13603674307067193,0.13131201993031838,0.9982731962645665,7,False,False,False,False,False,ok,1,900143.0,2848,4288,
ISIC_7168654,0.15542932641132157,0.9789576721983695,0.17426443573893213,1392.6,0.07970226059036462,0.07266169745000772,0.08674282373072151,0.9772106528447007,8,False,False,False,False,False,ok,1,1249935.0,2448,3264,
ISIC_7170025,0.27206365181210723,0.9297069751108761,0.2915592576905151,430.4,0.19462379413586184,0.18550870992859114,0.20373887834313253,1.0014713907790957,6,False,False,False,False,False,ok,1,107802.0,450,600,
ISIC_7171032,0.4217502686331457,0.9261423721266767,0.2080522477794544,499.1,0.24892317807575365,0.20582965638179118,0.2920166997697161,0.96791553266738,5,False,False,False,False,False,ok,1,67094.0,2448,3264,
ISIC_7175690,0.33402613318718266,0.9551689658943553,0.24780573567628683,1246.3,0.1253722092297267,0.12084496277591483,0.12989945568353856,0.9898520313973459,7,False,False,False,False,False,ok,1,551704.0,2448,3264,
ISIC_7176466,0.21085854908972745,0.9793395631946585,0.287246650826568,351.3,0.17326257416153013,0.19762331509246933,0.14890183323059092,0.961883957712046,6,False,False,False,False,False,ok,1,73503.0,450,600,
ISIC_7179756,0.20925206031828902,0.9373046584313142,0.2424398616329207,374.8,0.16684151960391985,0.1723171410402473,0.1613658981675924,0.9809004204693205,6,False,False,False,False,False,ok,1,88687.0,2448,3264,
ISIC_7183212,0.2360066076173577,0.9676439280453898,0.37323159707782505,903.7,0.09252243425567219,0.0788916048075966,0.10615326370374778,0.9837044194531973,7,False,False,False,False,False,ok,1,425191.0,1936,2592,
ISIC_7183651,0.44020178945596833,0.8928675581347948,0.30601457115063047,2918.5,0.28001037111521815,0.08308281686134611,0.4769379253690902,0.9849300087894556,8,False,False,False,False,False,ok,1,2565874.0,2448,3264,
ISIC_7188705,0.2673792446599774,0.9439892127372679,0.40016707600466334,124.2,0.18275499625167857,0.17225068987265957,0.19325930263069757,0.9396973785209972,4,False,False,False,True,False,very_small_contour(lt_12445px),1,9266.0,450,600,
ISIC_7191988,0.1275873639336248,0.9963873566314971,0.12281236072975138,436.1,0.09315352840091651,0.057290238560312456,0.12901681824152056,0.9825408428546839,6,False,False,False,False,False,ok,1,113354.0,2448,3264,
ISIC_7196573,0.18413073483004982,0.9635140572991656,0.2756516950137982,612.8,0.08916608180219143,0.11963167987662526,0.0587004837277576,0.975652811436637,7,False,False,False,False,False,ok,1,207884.0,2448,3264,
ISIC_7200761,0.21105734156873657,0.9675558315387088,0.30673297165099667,411.1,0.12211468385781193,0.14034999074376941,0.10387937697185445,0.958846743650183,6,False,False,False,False,False,ok,1,110408.0,450,600,
ISIC_7201198,0.21827895833189104,0.9591118306491844,0.24913899255332367,291.3,0.12217890272906157,0.14024346063436988,0.10411434482375326,1.0000000000000007,5,False,False,False,False,False,ok,1,51338.0,450,600,
ISIC_7203426,0.1822096014616431,0.972474616395892,0.16835426953718896,429.8,0.15211318219127734,0.1668000582147955,0.1374263061677592,0.9788209037512269,6,False,False,False,False,False,ok,1,100765.0,2448,3264,
ISIC_7206588,0.39317225893130336,0.9413832765468001,0.29157931278320287,371.7,0.1890134792045945,0.15804972447187648,0.2199772339373125,0.9576273399782,5,False,False,False,False,False,ok,1,43792.0,450,600,
ISIC_7214986,0.3165246778592493,0.9299289995823505,0.39737107155434837,366.2,0.1997185250604056,0.12954123263891704,0.2698958174818942,0.9863162277068245,6,False,False,False,False,False,ok,1,79558.0,450,600,
ISIC_7227677,0.3760250664907695,0.9143651011447389,0.40329051922251413,469.8,0.17216532738676205,0.1377819213383672,0.2065487334351569,1.0132014647689482,6,False,False,False,False,False,ok,1,93880.0,450,600,
ISIC_7230249,0.3275139277742112,0.9277207225745303,0.4568526498648163,741.7,0.2555032159181979,0.2357543880407903,0.2752520437956055,0.9951548148010257,7,False,False,False,False,False,ok,1,298587.0,2448,3264,
ISIC_7230569,0.35333726279448696,0.9003280397217195,0.41784860844548977,487.8,0.24999338702188045,0.21817772335614927,0.28180905068761164,0.9946696290001265,6,False,False,True,False,False,edge_adjacent(margin_5px),1,126777.0,450,600,
ISIC_7235047,0.37644914637985116,0.9245813435725349,0.4333663334784938,546.6,0.2584057487055224,0.13993868001339405,0.3768728173976508,0.9905687437868056,6,False,False,False,False,False,ok,1,115274.0,450,600,
ISIC_7241668,0.17169614063289895,0.9763066597209672,0.18906916515259273,510.6,0.14023682794050607,0.16575628298203327,0.11471737289897888,0.9506165775584415,6,False,False,False,False,False,ok,1,138367.0,2448,3264,
ISIC_7242284,0.2879249910082965,0.94273777722557,0.3334402539705932,247.6,0.1631366045766749,0.15488721807052974,0.17138599108282004,0.984185289959762,5,False,False,False,False,False,ok,1,30670.0,450,600,
ISIC_7251830,0.4282502671727807,0.9119780604062339,0.27167357044678764,975.2,0.14587683829915188,0.1418280527781961,0.14992562382010766,0.9888065108972629,7,False,False,False,False,False,ok,1,265729.0,2448,3264,
ISIC_7252283,0.1707594386716461,0.9893606739270788,0.17449084918286434,492.6,0.09857281200269868,0.12634863242020222,0.07079699158519515,0.9811575617771122,6,False,False,False,False,False,ok,1,128561.0,2448,3264,
ISIC_7260982,0.1108311066359089,0.9942636729059239,0.12054639636541924,668.6,0.07349721087965877,0.07682813753296402,0.07016628422635351,0.9811692987356869,7,False,False,False,False,False,ok,1,306967.0,2448,3264,
ISIC_7261174,0.2127404918257635,0.9606390101750297,0.29957157822072283,1797.0,0.15238349519877747,0.1665465618935945,0.13822042850396044,0.9895466951258316,8,False,False,False,False,False,ok,1,1922790.0,2848,4288,
ISIC_7261379,0.14024939533113356,0.9906670782968011,0.15137256608407526,314.0,0.11368351345665667,0.09747183376480084,0.1298951931485125,0.9929172712393485,6,False,False,False,False,False,ok,1,62984.0,2448,3264,
ISIC_7267098,0.2840400357905245,0.937223072585193,0.2663119400226216,329.7,0.17451869250400404,0.17217614766241918,0.1768612373455889,0.9688643305860051,5,False,False,False,False,False,ok,1,46939.0,1936,2592,
ISIC_7280473,0.2367961239176105,0.9953324317972545,0.32946306081977855,700.0,0.07447391440399959,0.07988281840219313,0.06906501040580604,1.0219750426490402,6,False,False,True,False,True,edge_adjacent(margin_5px);oversized_mask,1,258486.0,450,600,
ISIC_7294776,0.18206581798522237,0.9746917729142552,0.22192385352936875,792.2,0.06500275132695738,0.07926194825580002,0.05074355439811473,1.0010284251321397,7,False,False,False,False,False,ok,1,332358.0,2448,3264,
ISIC_7302180,0.1695261207017168,0.9708947052382466,0.33675508165724427,352.4,0.07394925118173751,0.08997973845217833,0.05791876391129669,1.0097627620581304,6,False,False,False,False,False,ok,1,82953.0,450,600,
ISIC_7303073,0.14392420705113762,0.98973954222573,0.14307247555011482,447.1,0.05861376043097938,0.06512394955117518,0.05210357131078358,1.0055790138498615,6,False,False,False,False,False,ok,1,110286.0,2448,3264,
ISIC_7303630,0.4217432936187654,0.8927734893327334,0.4293575791433535,552.7,0.28729459478372676,0.23003790751152364,0.3445512820559299,0.9801266055350377,6,False,False,False,False,False,ok,1,116755.0,450,600,
ISIC_7304977,0.428189433073771,0.9266474446120979,0.47937705229670885,577.4,0.18798383678095998,0.18299685127480647,0.19297082228711349,1.009906990624611,6,False,False,True,False,False,edge_adjacent(margin_5px),1,124794.0,450,600,
ISIC_7307945,0.4121524570801759,0.9035590570491401,0.3029254853306259,219.7,0.20546262855240244,0.20632259614379578,0.2046026609610091,1.025261589900271,5,False,False,False,False,False,ok,1,14980.0,450,600,
ISIC_7308563,0.20414379408195882,0.9784561735327147,0.33560909592259663,310.9,0.06641486353643339,0.06835726418348853,0.06447246288937825,0.9863776004888806,5,False,False,False,False,False,ok,1,50047.0,450,600,
ISIC_7308959,0.5399496422219354,0.794298033198613,0.4678412895064289,443.9,0.3241152921590652,0.30960963681451303,0.3386209475036174,0.9816706068834583,6,False,False,False,False,False,ok,1,93330.0,450,600,
ISIC_7316506,0.2615392589607686,0.9615410549604759,0.29269156488598846,1021.4,0.1287339886504354,0.07503171041257684,0.18243626688829395,0.9946085958204802,7,False,False,False,False,False,ok,1,493230.0,2448,3264,
ISIC_7320560,0.5537944804313897,0.8652298631736602,0.5267446830654904,313.6,0.3281116165875597,0.3494375540969753,0.30678567907814414,0.9819312297190274,5,True,False,False,False,False,fragmented(2_meaningful_blobs),2,34497.0,450,600,
ISIC_7321960,0.15170048098859945,0.9876288018045069,0.18272990570796252,702.9,0.15821629483137717,0.15008100847290462,0.16635158118984972,0.9999220540322543,7,False,False,False,False,False,ok,1,270613.0,4000,6000,
ISIC_7322599,0.24945845128598998,0.9520138980131096,0.30104421983404506,335.4,0.23337113518000485,0.2310656069078395,0.2356766634521702,0.9821804800208378,6,False,False,False,False,False,ok,1,65658.0,450,600,
ISIC_7323448,0.2472769195793092,0.9546707398992816,0.2260975551387223,1065.4,0.13709030641184194,0.1715520974125616,0.10262851541112228,0.9881406893466351,7,False,False,False,False,False,ok,1,559165.0,2448,3264,
ISIC_7325772,0.2725305487283234,0.9938348315584916,0.36541582212159046,3929.9,0.049114429773940815,0.042305429901486113,0.05592342964639552,1.0201545449383727,9,False,False,True,False,True,edge_adjacent(margin_24px);oversized_mask,1,7572896.0,3264,2448,
ISIC_7327423,0.18618178055651635,0.9690869017147077,0.2548982209264062,1201.4,0.12941958303925644,0.14134913338198052,0.11749003269653235,0.9838641551994214,8,False,False,False,False,False,ok,1,819125.0,2848,4288,
ISIC_7334939,0.39929317288487487,0.9101444335563035,0.37453056133432916,368.6,0.27105261845551276,0.311651066790967,0.23045417012005853,1.0071567426324493,6,False,False,False,False,False,ok,1,53862.0,450,600,
ISIC_7340333,0.19970215622751086,0.9552421385910628,0.24356772652760303,214.1,0.1939562887027128,0.2427222659571623,0.14519031144826333,0.9671299011904977,5,False,False,False,False,False,ok,1,26832.0,450,600,
ISIC_7345857,0.2915776627032699,0.9535960423063801,0.2012296314005285,992.0,0.2145184089797756,0.16521773285683217,0.263819085102719,0.9905383403831146,7,False,False,False,False,False,ok,1,420414.0,2448,3264,
ISIC_7347156,0.16855629400193806,0.9744794875219169,0.21737609305119449,444.0,0.11467464551200085,0.12156914586709866,0.10778014515690304,0.9834953689994002,6,False,False,False,False,False,ok,1,113674.0,2448,3264,
ISIC_7351614,0.3168731876598456,0.8906741030970599,0.3176582017063799,626.1,0.19230043084679904,0.16371300199562877,0.2208878596979693,0.991301399403463,7,False,False,False,False,False,ok,1,198345.0,2448,3264,
ISIC_7358998,0.3357207926973369,0.9691693281192215,0.46354568813874,1526.2,0.07680883952228806,0.07140329908928655,0.08221437995528957,0.9950308559481971,7,False,False,False,False,False,ok,1,894149.0,1936,2592,
ISIC_7362828,0.18149614609383957,0.9806496838331429,0.2064638427925816,644.6,0.120622943365843,0.06949978223723041,0.1717461044944556,1.005112320888165,7,False,False,False,False,False,ok,1,239340.0,2448,3264,
ISIC_7365059,0.3234428407971991,0.920319678909452,0.1874613340798881,1114.6,0.20016114554744524,0.2023070461984091,0.19801524489648137,0.9762368997747334,7,False,False,False,False,False,ok,1,483757.0,2448,3264,
ISIC_7376121,0.5005743644592009,0.857365278678791,0.2697823149840969,856.7,0.38058063460824826,0.43076070750836826,0.33040056170812826,1.0027113095969975,7,False,False,False,False,False,ok,1,195866.0,2448,3264,
ISIC_7376567,0.1487940900295942,0.9766549081187361,0.20637748721705299,422.7,0.11183038742102969,0.1478365990098235,0.07582417583223588,0.9822207252588693,6,False,False,False,False,False,ok,1,110326.0,2448,3264,
ISIC_7381816,0.23427609272908712,0.9987009090335041,0.23673344353859443,3890.2,0.08020427728267882,0.03194088088924696,0.12846767367611067,1.013787455795265,9,False,False,True,False,True,edge_adjacent(margin_24px);oversized_mask,1,7264884.0,2448,3264,
ISIC_7384432,0.18803591216578086,0.9816555650276698,0.15705646032413192,559.1,0.17634152122561303,0.22448553441138208,0.12819750803984398,0.9925131332985359,6,False,False,False,False,False,ok,1,170539.0,2448,3264,
ISIC_7390977,0.32656222864748496,0.944618333540842,0.42413746533633356,539.4,0.2544496817352178,0.23865266802228102,0.2702466954481546,1.010148250451353,6,False,False,True,False,True,edge_adjacent(margin_5px);oversized_mask,1,162647.0,450,600,
ISIC_7391014,0.17214415628191593,0.9715546950629236,0.23058844587265562,320.3,0.11352524573871986,0.10481934943126836,0.12223114204617136,1.0004439094795363,6,False,False,False,False,False,ok,1,63154.0,450,600,
ISIC_7394862,0.18901114484828718,0.9718794333825238,0.23292737715636289,535.4,0.068690998607636,0.06715217207873125,0.07022982513654075,0.9915280318764035,6,False,False,False,False,False,ok,1,136955.0,1936,2592,
ISIC_7399648,0.30359732123550953,0.9097142568282399,0.2539253575499047,839.2,0.23504493978257918,0.20085928598746472,0.26923059357769363,0.9940327720484111,7,False,False,False,False,False,ok,1,379027.0,2448,3264,
ISIC_7400819,0.20522359386131883,0.9831778415357383,0.18940393766051647,501.5,0.16928446544536935,0.21900615481167574,0.11956277607906296,0.9788918572324654,6,False,False,False,False,False,ok,1,125868.0,2448,3264,
ISIC_7402642,0.259519245612685,0.9471478507084957,0.3416260051752777,367.0,0.1476880376030431,0.11334506781474385,0.18203100739134237,0.999994738838671,6,False,False,False,False,False,ok,1,76089.0,450,600,
ISIC_7410175,0.3530142314588727,0.9476007866484282,0.43523051165721444,2095.2,0.1924401634189497,0.1534336406512985,0.23144668618660091,0.9883091844022945,8,False,False,True,False,False,edge_adjacent(margin_19px),1,1990266.0,1936,2592,
ISIC_7412327,0.4091911540565921,0.8950866495291098,0.3523751028820557,2387.7,0.3546328474502028,0.2145430572199516,0.494722637680454,0.9938597551506404,8,False,False,True,False,False,edge_adjacent(margin_24px),1,2131157.0,2448,3264,
ISIC_7415285,0.29090220359647,0.9497143041872419,0.3016417228394847,519.1,0.1932110874608386,0.23319359186080857,0.15322858306086862,0.9815733862526738,6,False,False,False,False,False,ok,1,118142.0,2848,4288,
ISIC_7437913,0.2715286496964844,0.9756992785723326,0.17109641792708977,619.4,0.1237897370433994,0.13358888107164735,0.11399059301515146,0.9661057674869786,6,False,False,False,False,False,ok,1,143310.0,2448,3264,
ISIC_7441957,0.3097349554615474,0.9422738775123227,0.3137354484793223,997.1,0.18290126196279477,0.21024892474463064,0.1555535991809589,0.9978065334580287,7,False,False,False,False,False,ok,1,483300.0,2448,3264,
ISIC_7443971,0.21556572454577605,0.9798679233185869,0.18379744120996755,979.9,0.09999927778567408,0.06911735058769419,0.13088120498365396,0.9833547293531597,7,False,False,False,False,False,ok,1,421427.0,3264,2448,
ISIC_7450231,0.36121169721637836,0.9171703217636562,0.3650416047346811,590.7,0.19974067422225777,0.18510331936047408,0.21437802908404147,0.9858775691982425,6,False,False,False,False,True,oversized_mask,1,144130.0,450,600,
ISIC_7453676,0.3596562694194846,0.9134760940418235,0.3040567712626329,1279.3,0.17704516886397043,0.20630771399820502,0.14778262372973583,0.9711881301898485,7,False,False,False,False,False,ok,1,610682.0,2448,3264,
ISIC_7454892,0.34219158155339024,0.8975058126302542,0.3547478265776022,439.2,0.2824265421810943,0.2673506440183324,0.2975024403438562,0.9646593899159712,6,False,False,True,False,False,edge_adjacent(margin_5px),1,101152.0,450,600,
ISIC_7457700,0.32076581208910215,0.9375207065791062,0.3659769957113334,887.7,0.21798859193377035,0.1287667032905062,0.3072104805770345,0.9808737870666845,7,False,False,False,False,False,ok,1,366188.0,1936,2592,
ISIC_7462953,0.6804854426359133,0.8247161697171174,0.6368705094581144,2048.2,0.33059891093016286,0.32285895905842776,0.33833886280189795,1.0289966442742724,8,False,False,False,False,False,ok,1,1857408.0,2448,3264,
ISIC_7472087,0.2187780712564299,0.961935553759364,0.23344797720119992,320.0,0.13697993894267546,0.13587531669281538,0.13808456119253554,0.9872235299766943,6,False,False,False,False,False,ok,1,58130.0,450,600,
ISIC_7484771,0.15272735544564897,0.9780370803435549,0.24279713501645359,1420.9,0.1412039647407144,0.1589443529499729,0.1234635765314559,0.9938150160635485,8,False,False,False,False,False,ok,1,1277912.0,2448,3264,
ISIC_7488034,0.18653276341941194,0.9648082255136878,0.2306238929285649,591.0,0.12265276350489168,0.1314833583005306,0.11382216870925277,0.9696057613480251,6,False,False,False,False,False,ok,1,208326.0,2448,3264,
ISIC_7501779,0.3483876150070261,0.9335088649677934,0.5031903160610974,507.9,0.18313686992602501,0.1986895589443749,0.16758418090767513,1.0075864788779918,6,False,False,True,False,True,edge_adjacent(margin_5px);oversized_mask,1,151266.0,450,600,
ISIC_7501825,0.3550279046048579,0.9332426940664713,0.40860987952389344,535.7,0.1823968282265198,0.18668695977380845,0.17810669667923118,0.9951420341720048,6,False,False,False,False,False,ok,1,126292.0,450,600,
ISIC_7503950,0.2166716266264922,0.9617479990581042,0.3040113993728778,1425.8,0.12440375612211046,0.10898919782825345,0.13981831441596748,0.9981515069576541,8,False,False,False,False,False,ok,1,1231319.0,3456,5184,
ISIC_7508527,0.180635160947212,0.9889233647029106,0.15049261062122207,554.1,0.11674322945046878,0.12365258652377864,0.10983387237715891,0.9986947756926439,6,False,False,False,False,False,ok,1,145520.0,2448,3264,
ISIC_7510790,0.11828779059289374,0.9864309279153477,0.13555861512706632,361.8,0.09612141552462627,0.06967781050721367,0.12256502054203888,0.9991966463004983,6,False,False,False,False,False,ok,1,89152.0,2448,3264,
ISIC_7528364,0.1606466707599178,0.9804130080001475,0.1561631359786311,729.6,0.11990415037938307,0.11323091440122302,0.12657738635754312,0.9956868426347345,7,False,False,False,False,False,ok,1,319924.0,2448,3264,
ISIC_7531562,0.3410148662350263,0.9348169141090464,0.40326828433920053,404.7,0.1339254833852891,0.1331153069938792,0.134735659776699,0.9753065116872733,6,False,False,False,False,False,ok,1,73067.0,450,600,
ISIC_7540782,0.3600485097750059,0.9328314837439761,0.25277102002045126,762.1,0.253864543555068,0.2899740267920732,0.2177550603180628,0.9801353735029419,6,False,False,False,False,False,ok,1,220798.0,2448,3264,
ISIC_7544069,0.36069052971312343,0.9098778101192906,0.3405814437647183,530.7,0.19071539588050757,0.18536563224050662,0.19606515952050851,0.9985330645752302,6,False,False,False,False,False,ok,1,119933.0,450,600,
ISIC_7545432,0.22269592137164607,0.9989579091204537,0.27877136439091404,3956.8,0.044738974436616896,0.04762766734437163,0.041850281528862165,1.0150015267752064,9,False,False,True,False,True,edge_adjacent(margin_24px);oversized_mask,1,7825879.0,2448,3264,
ISIC_7546219,0.5351871709130386,0.8276761711483706,0.388960337561502,2487.4,0.2689864007901598,0.28361680109123477,0.2543560004890848,0.9947687959427033,8,False,False,True,False,True,edge_adjacent(margin_19px);oversized_mask,1,2632437.0,1936,2592,
ISIC_7548342,0.2354582154254291,0.9511238230231852,0.2902049480080291,255.6,0.11433420266594868,0.0952596163730225,0.13340878895887487,0.992751594920925,5,False,False,False,False,False,ok,1,37920.0,450,600,
ISIC_7559316,0.1479623495426987,0.98903940927903,0.1425625402472827,510.5,0.1032261407700904,0.07791417398882561,0.1285381075513552,0.9753222886230677,6,False,False,False,False,False,ok,1,148437.0,2448,3264,
ISIC_7560933,0.22696944389854268,0.9581603567668433,0.3482406000691031,330.0,0.08460708613092838,0.07946884577665192,0.08974532648520483,0.9828307811190583,5,False,False,False,False,False,ok,1,56400.0,450,600,
ISIC_7569242,0.23086918974797388,0.9710318603605672,0.3121377529145369,841.8,0.07993039029343241,0.07171598024772985,0.08814480033913497,0.99259923289451,7,False,False,False,False,False,ok,1,349845.0,2448,3264,
ISIC_7573463,0.38477594506030155,0.985031603963259,0.19999664198035758,609.5,0.1603594318905367,0.10729628544100944,0.21342257834006395,0.9935060790816361,5,False,False,False,False,False,ok,1,109702.0,2448,3264,
ISIC_7577395,0.3016723038607616,0.9591317259421622,0.22453640538312244,902.2,0.17185592816306894,0.19152835140236868,0.1521835049237692,0.9703691420844468,6,False,False,False,False,False,ok,1,326666.0,2448,3264,
ISIC_7578283,0.248376334205882,0.9515907450383813,0.2285212424213576,774.6,0.20161780268387547,0.2232873387902069,0.17994826657754404,1.004088118833909,7,False,False,False,False,False,ok,1,307502.0,1936,2592,
ISIC_7581139,0.23389137578647268,0.9634083680346498,0.25962267891138296,777.7,0.17337772157635845,0.12382669045741812,0.22292875269529877,0.9936658349317051,7,False,False,False,False,False,ok,1,306560.0,2448,3264,
ISIC_7584363,0.24084421741202,0.9700638223945285,0.21132789213439698,637.1,0.15122611765664506,0.15267455457541734,0.1497776807378728,0.9810182009793275,6,False,False,False,False,False,ok,1,186418.0,2448,3264,
ISIC_7587095,0.14418710300845194,0.9888685087335509,0.21467019016847666,308.6,0.07084044778028808,0.073482012061314,0.06819888349926218,0.9760252189073599,5,False,False,False,False,False,ok,1,59173.0,2448,3264,
ISIC_7592920,0.3671477107321036,0.9549858593596052,0.22914709634715374,1055.6,0.09261742627818986,0.09285982630468703,0.0923750262516927,0.9938314761169164,7,False,False,False,False,False,ok,1,345207.0,2448,3264,
ISIC_7603703,0.4485886322050098,0.9199990383261379,0.5629164969422009,567.6,0.14762207741452166,0.14834324790718068,0.14690090692186264,1.015286703177124,6,False,False,True,False,False,edge_adjacent(margin_5px),1,134687.0,450,600,
ISIC_7603831,0.2383164462984274,0.9459240892398382,0.20190557931907174,797.3,0.15166808235859874,0.18884510959762923,0.11449105511956825,1.0063212792176361,7,False,False,False,False,False,ok,1,328543.0,1936,2592,
ISIC_7615926,0.4197947017632111,0.8887861618325952,0.5458036765685947,517.4,0.20503577360370756,0.21438290329916498,0.19568864390825014,0.991254286371207,6,False,False,False,False,True,oversized_mask,1,143035.0,450,600,
ISIC_7621123,0.25019777158580203,0.9965634249209513,0.3207581696348719,3869.1,0.06973077217265217,0.07544584650078234,0.06401569784452199,1.0267558515880233,9,False,False,True,False,True,edge_adjacent(margin_24px);oversized_mask,1,7088150.0,3264,2448,
ISIC_7622188,0.1337620295867129,0.989745813906659,0.18849705695366475,396.8,0.0963868349395886,0.12250545682177161,0.0702682130574056,0.9853052387171736,6,False,False,False,False,False,ok,1,96358.0,2448,3264,
ISIC_7632373,0.22383692443652392,0.9673491057504064,0.33025151965707766,536.0,0.12169266182123012,0.1204439620512795,0.12294136159118074,0.9725836069884533,6,False,False,True,False,True,edge_adjacent(margin_5px);oversized_mask,1,161046.0,450,600,
ISIC_7634311,0.2370467864064716,0.9526454502757821,0.21850816160040945,482.1,0.2095751518181473,0.3058969584157122,0.11325334522058239,0.9651297585457332,6,False,False,False,False,False,ok,1,123324.0,2448,3264,
ISIC_7636412,0.2326386825450747,0.9673012280760143,0.2786662187371361,857.5,0.12000003358560185,0.15854701685696038,0.08145305031424332,0.9969106757928483,7,False,False,False,False,False,ok,1,378919.0,2448,3264,
ISIC_7638974,0.4610271123748124,0.8712299936034555,0.44921513656222845,400.7,0.29694401738592785,0.28860895203311965,0.30527908273873605,0.9885286857810586,6,False,False,False,False,False,ok,1,63853.0,450,600,
ISIC_7640631,0.3279608535101114,0.9292108334722851,0.39853348861676263,417.0,0.2211857385637051,0.25531725232875757,0.18705422479865264,1.0240912916587919,6,False,False,False,False,False,ok,1,98106.0,450,600,
ISIC_7647712,0.32046525918535196,0.9336619492712063,0.3092759570950409,461.8,0.20825750866579185,0.23349231792453284,0.18302269940705085,0.987168347297775,6,False,False,False,False,False,ok,1,90907.0,450,600,
ISIC_7652731,0.22404999706764106,0.9566914092347997,0.21031102334424187,591.2,0.10086403458455734,0.08933573647103576,0.11239233269807891,0.9832213665075609,6,False,False,False,False,False,ok,1,176017.0,2448,3264,
ISIC_7656591,0.2176324919804049,0.9621771675011154,0.2782888195189079,358.7,0.11559311441330927,0.15499645642387194,0.0761897724027466,0.9949351560209504,6,False,False,False,False,False,ok,1,78119.0,450,600,
ISIC_7659537,0.37741624563949105,0.9883822449841109,0.42745026461068814,3715.4,0.15137643129568246,0.07217834123813205,0.23057452135323286,1.0250110904712797,9,False,False,True,False,True,edge_adjacent(margin_24px);oversized_mask,1,6392779.0,2448,3264,
ISIC_7679270,0.182348571360348,0.9911724590087163,0.16664257733839674,425.4,0.05893956539586359,0.05553272138814058,0.0623464094035866,0.9776218710268869,6,False,False,False,False,False,ok,1,85155.0,2448,3264,
ISIC_7682533,0.38952773813176633,0.9027593486127865,0.5593194123397086,346.0,0.22146930498889877,0.2307985459775035,0.21214006400029406,0.9482855259949625,5,False,False,False,False,False,ok,1,60355.0,450,600,
ISIC_7683745,0.16613564583761609,0.9730157723680338,0.19131103629490823,695.2,0.11576578484796929,0.07866909053961413,0.15286247915632445,0.9871574038766869,7,False,False,False,False,False,ok,1,300145.0,2448,3264,
ISIC_7692464,0.2294222561203869,1.0,0.2660057962713001,743.0,0.011666666670349046,0.023333333336950646,3.747446797319753e-12,1.0051126429779322,6,False,False,True,False,True,edge_adjacent(margin_5px);oversized_mask,1,266850.0,450,600,
ISIC_7693611,0.27094734803778964,0.938125899920726,0.27396441725610393,493.0,0.237747042565231,0.1789396400963904,0.2965544450340716,0.9772168068561425,6,False,False,False,False,False,ok,1,116584.0,2448,3264,
ISIC_7695263,0.26825007833243,0.942777506214184,0.3626533789521937,398.5,0.11540945446203293,0.08365730137344585,0.14716160755062002,1.0021634861440656,6,False,False,False,False,False,ok,1,91191.0,450,600,
ISIC_7702191,0.29902923438467266,0.9195712235229696,0.3480218071892642,325.6,0.2121985184190826,0.2946576604345309,0.1297393764036343,0.9580886802597691,5,False,False,False,False,False,ok,1,55845.0,450,600,
ISIC_7702697,0.38378147313522704,0.9150197628458498,0.44260680808334824,475.3,0.2959433434248375,0.19246933536947353,0.3994173514802015,0.9910411801713135,6,False,False,False,False,False,ok,1,95050.0,450,600,
ISIC_7710386,0.18802840190285952,0.9809063796680498,0.19467943345606908,389.3,0.1289888871318492,0.11312194760253458,0.1448558266611638,0.9638433301815832,6,False,False,False,False,False,ok,1,76099.0,2448,3264,
ISIC_7714994,0.30043793772397265,0.9283585920671958,0.2479043898367036,855.5,0.2029110493501186,0.1947048192795341,0.21111727942070313,0.9857793259327656,7,False,False,False,False,False,ok,1,301179.0,2448,3264,
ISIC_7716941,0.15353410683594992,0.9771968872248944,0.1717458636684921,477.7,0.10439714847275533,0.1486568837805391,0.060137413164971565,0.9824105785587697,6,False,False,False,False,False,ok,1,151902.0,2448,3264,
ISIC_7718206,0.3306989520093446,0.9166613229293581,0.2726415674320094,532.5,0.32147312567446307,0.316027422646433,0.3269188287024931,0.955369713731403,6,False,False,False,False,True,oversized_mask,1,136485.0,450,600,
ISIC_7731447,0.33643903771168626,0.9575359331923664,0.22141985921526078,647.0,0.13086986969508502,0.10790543474557701,0.15383430464459302,0.9656084894342716,6,False,False,False,False,False,ok,1,143826.0,2448,3264,
ISIC_7733999,0.4302910617384095,0.8607487237663074,0.41374135535157613,414.5,0.30696371440617315,0.35098188590495405,0.26294554290739225,0.9949953804156213,6,False,False,False,False,False,ok,1,77960.0,450,600,
ISIC_7743124,0.14431547344945594,0.9882038726908524,0.2414978531991176,196.7,0.11693313807156297,0.0892142675113129,0.14465200863181304,0.978861774558401,5,False,False,False,False,False,ok,1,22443.0,1936,2592,
ISIC_7744063,0.3068034678664874,0.90248245493326,0.2900162616903377,588.4,0.22974232778308712,0.23377905604497773,0.2257055995211965,0.9596331134377873,6,False,False,False,False,False,ok,1,164690.0,2448,3264,
ISIC_7747712,0.3212167672450693,0.9121307672259684,0.29143952563991166,1188.1,0.16141176165348492,0.09680526127652456,0.22601826203044528,0.9874467858518456,7,False,False,False,False,False,ok,1,622685.0,2448,3264,
ISIC_7747998,0.15803687032618763,0.9732107929429253,0.21241410421979534,783.9,0.0896547233102874,0.10040885730330806,0.07890058931726673,0.997047467703571,7,False,False,False,False,False,ok,1,399122.0,2448,3264,
ISIC_7748311,0.1949327363518828,0.955517009473207,0.30046041235086907,1180.9,0.153941253278626,0.15199998120307634,0.15588252535417568,0.985065410595612,7,False,False,False,False,False,ok,1,786481.0,2848,4288,
ISIC_7749901,0.45766898187375804,0.8349899173100099,0.4193719527567892,442.6,0.28434295645377844,0.20251809563662804,0.36616781727092884,0.9806261753168184,6,False,False,False,False,False,ok,1,70520.0,450,600,
ISIC_7751373,0.16635300784335283,0.9917770910805007,0.20718000577124837,331.7,0.09286363624025873,0.06759450057312444,0.11813277190739302,0.9663281061582157,5,False,False,False,False,False,ok,1,57205.0,2448,3264,
ISIC_7761552,0.28931947560206506,0.9534659778345046,0.451591319644606,1455.6,0.13217211440755988,0.13354409371044162,0.13080013510467814,1.0106637375198753,8,False,False,False,False,False,ok,1,1052244.0,2848,4288,
ISIC_7764660,0.30247846442109827,0.9537026723913409,0.44410247183211154,2360.0,0.18936959443591078,0.17259114624942817,0.2061480426223934,0.9893482454956984,8,False,False,False,False,False,ok,1,2291924.0,2448,3264,
ISIC_7769213,0.3450934937317719,0.9123921359854036,0.26283348028017967,1079.8,0.2850761271177335,0.24079157908096038,0.3293606751545066,0.9801017868564741,7,False,False,False,False,False,ok,1,448563.0,2448,3264,
ISIC_7776586,0.41526765188354575,0.9060704289842592,0.3989530402276366,608.0,0.28448684640849514,0.18233851186108097,0.3866351809559093,1.0044636242753027,6,False,False,True,False,True,edge_adjacent(margin_5px);oversized_mask,1,150181.0,450,600,
ISIC_7778161,0.23433020667739612,0.9647915161593719,0.22851443396444127,280.7,0.16049223491821513,0.16636713737698672,0.15461733245944353,0.9631064340336523,5,False,False,False,False,False,ok,1,35712.0,450,600,
ISIC_7779155,0.21447498013860145,0.972370493903389,0.24081581066902305,422.2,0.1033935153057039,0.12681784026072107,0.07996919035068673,0.9815786173683302,6,False,False,False,False,False,ok,1,84753.0,2448,3264,
ISIC_7779198,0.2236999762862446,0.9628199460579431,0.16367370547240476,962.1,0.1490150173021199,0.1602327713018561,0.13779726330238373,0.982068401302399,7,False,False,False,False,False,ok,1,432361.0,2448,3264,
ISIC_7781907,0.18233287762767603,0.9708361030107969,0.17072874608938177,943.6,0.1261389955973229,0.12474231575955042,0.12753567543509536,0.9684233692340646,7,False,False,False,False,False,ok,1,527708.0,2448,3264,
ISIC_7784876,0.20710982240688358,0.9547397267581029,0.25867946875750686,337.3,0.14317239326100856,0.1415933768454647,0.14475140967655242,0.9808195179400572,6,False,False,False,False,False,ok,1,72055.0,450,600,
ISIC_7799008,0.2461219534313569,0.9501628933151882,0.3414637640054683,460.0,0.14342901531272656,0.11700138223337664,0.16985664839207648,0.9866577111649136,6,False,False,False,False,False,ok,1,115798.0,450,600,
ISIC_7805699,0.13534229051734548,0.9850022723829722,0.19322793890976137,223.9,0.0665277225434237,0.05279810167250687,0.08025734341434054,0.9803590293210831,5,False,False,False,False,False,ok,1,29538.0,450,600,
ISIC_7808642,0.28706894182767817,0.9411480915652813,0.2732632008406707,407.6,0.16393770140593272,0.18453243391861784,0.1433429688932476,1.008602608617899,6,False,False,False,False,False,ok,1,76579.0,450,600,
ISIC_7808755,0.18276394753578562,0.9706809817466264,0.2991111345704488,310.1,0.06272736433133991,0.056437620731062954,0.06901710793161686,0.986926966476193,6,False,False,False,False,False,ok,1,59360.0,450,600,
ISIC_7809510,0.34363139095160455,0.9202465676172061,0.25427886412881345,1058.7,0.2510811569806614,0.11956685683047896,0.38259545713084386,1.0069710594672232,7,False,False,False,False,False,ok,1,423904.0,2448,3264,
ISIC_7812529,0.6139514321005857,0.9345511470239534,0.5677933460415953,737.4,0.1892561449000405,0.21070329375030383,0.16780899604977717,1.073515853948527,6,False,False,True,False,True,edge_adjacent(margin_5px);oversized_mask,1,244770.0,450,600,
ISIC_7819707,0.18385350363742103,0.9899646718107067,0.1511094078204266,764.3,0.07245092674696879,0.062243241621536494,0.08265861187240109,0.9848612541593967,7,False,False,False,False,False,ok,1,290092.0,2448,3264,
ISIC_7826735,0.20848002310256364,0.9633370271400508,0.24234646369227517,881.4,0.1552633381695091,0.14662800303359091,0.1638986733054273,0.9779777436433129,7,False,False,False,False,False,ok,1,435335.0,2448,3264,
ISIC_7828218,0.4150044567427479,0.8715336645486577,0.46911708499615057,499.0,0.22780160883989337,0.21919973505736146,0.23640348262242528,0.9877193222018824,6,True,False,False,False,False,fragmented(4_meaningful_blobs),4,118920.0,450,600,
ISIC_7837335,0.17900940990785175,0.9667407358174342,0.21595919294509036,647.1,0.13718297245491334,0.13832054120329385,0.13604540370653284,0.9996081566713939,7,False,False,False,False,False,ok,1,269958.0,2448,3264,
ISIC_7839162,0.2783138871689428,0.9468675432925099,0.3157446412650808,430.2,0.18914680034574216,0.17274739398139416,0.20554620671009016,0.9955974522952615,6,False,False,False,False,False,ok,1,102362.0,450,600,
ISIC_7843146,0.22459551245907083,0.9761161314336525,0.2628046687493316,323.8,0.09247490214447834,0.10222062753454086,0.08272917675441582,0.9709597479994566,5,False,False,False,False,False,ok,1,47598.0,450,600,
ISIC_7851081,0.29932263599599496,0.949715170621094,0.42711843630189594,277.6,0.12139381877390237,0.1292176092122258,0.11357002833557894,0.9908237385915901,5,False,False,False,False,False,ok,1,43307.0,450,600,
ISIC_7852467,0.18265959722923597,0.988851255997742,0.17239487761067349,289.8,0.13478055920742743,0.11598968982499358,0.15357142858986128,0.9819201985279872,5,False,False,False,False,False,ok,1,42387.0,2448,3264,
ISIC_7855982,0.3771746270974923,0.9255059631369714,0.2502677983671731,246.3,0.21254456775942243,0.22687997265690485,0.19820916286194,1.0002440689553855,5,False,False,False,False,False,ok,1,20761.0,450,600,
ISIC_7870559,0.29281191248291594,0.9278317893657184,0.31627541485743066,390.7,0.1465854817332582,0.1588302382221295,0.1343407252443869,0.9834038543555775,6,False,False,False,False,False,ok,1,85555.0,450,600,
ISIC_7875640,0.13239080425362193,0.9938267920635055,0.15857727031516336,623.2,0.0672996373804946,0.06630953267087336,0.06828974209011585,0.9762354121007072,6,False,False,False,False,False,ok,1,233907.0,2448,3264,
ISIC_7876616,0.2860379577826544,0.9369688831070732,0.3052372053753573,228.6,0.13916616672185678,0.1289013991585023,0.14943093428521126,1.0017176715915599,5,False,False,False,False,False,ok,1,22597.0,450,600,
ISIC_7888517,0.21110964421474898,0.9849521522395662,0.16606469184216996,856.1,0.12623447764163903,0.1276312812812026,0.12483767400207546,0.9900239351084843,7,False,False,False,False,False,ok,1,339343.0,2448,3264,
ISIC_7889097,0.20830233319112812,0.9620726176102231,0.19944635577489397,1297.7,0.1292923537621185,0.11999440995116695,0.13859029757307006,0.9811438264331706,7,False,False,False,False,False,ok,1,942285.0,2448,3264,
ISIC_7890093,0.3226481359290678,0.9162465441535209,0.3921926096462024,241.3,0.21279649232881814,0.2178021404537248,0.20779084420391147,0.9665865440048034,5,False,False,False,False,False,ok,1,34138.0,450,600,
ISIC_7890222,0.5337800662013238,0.8831130281283164,0.49485568238420125,683.4,0.3052697060144687,0.1938863208799222,0.41665309114901516,1.0328092134448805,6,False,False,True,False,True,edge_adjacent(margin_5px);oversized_mask,1,169072.0,450,600,
ISIC_7898880,0.25601864177238576,0.9582255268502826,0.2159720477509421,771.0,0.21501242417725702,0.2082387069057362,0.22178614144877784,0.9969181327863362,7,False,False,False,False,False,ok,1,297241.0,2448,3264,
ISIC_7902497,0.2749290959640487,0.9519970262986711,0.3899105448294527,505.0,0.1253863513004692,0.1049303559650312,0.14584234663590723,0.9959858005938509,6,False,False,False,False,False,ok,1,128703.0,450,600,
ISIC_7907495,0.4526327380483165,0.8919520378154688,0.4164167709915254,1377.2,0.18494360648319402,0.19515623090500478,0.17473098206138327,1.0076867979961266,8,False,False,False,False,False,ok,1,712335.0,1936,2592,
ISIC_7914731,0.26025976839094944,0.9594841819456291,0.26693887924265153,1452.4,0.15682701710527935,0.16440843693337825,0.14924559727718045,0.9981214956585217,8,False,False,False,False,False,ok,1,910614.0,2448,3264,
ISIC_7914964,0.17301208664659318,0.978642893791688,0.20527029514730785,312.0,0.12708845208264424,0.16320322648227492,0.09097367768301357,0.9801922806340261,5,False,False,False,False,False,ok,1,53796.0,1936,2592,
ISIC_7917197,0.15464367475747576,0.9864399535991208,0.17339333367470788,367.5,0.16434950967741113,0.14291264799626413,0.18578637135855813,0.9566965134452752,6,False,False,False,False,False,ok,1,81257.0,2448,3264,
ISIC_7917913,0.2953844969314121,0.929369425064029,0.30938913439344995,203.5,0.2095851599751148,0.2089840470525196,0.21018627289770997,0.9614986578171866,5,False,False,False,False,False,ok,1,21318.0,450,600,
ISIC_7922659,0.26144515022876247,0.9619108522853922,0.21679628997899716,946.4,0.1372389088512544,0.11639927644222425,0.15807854126028453,0.9877822170559314,7,False,False,False,False,False,ok,1,445678.0,2448,3264,
ISIC_7925908,0.1126783126530152,0.9893132946774487,0.18724862560333305,412.4,0.07842951999100772,0.06938342676135445,0.087475613220661,0.9799973661461965,6,False,False,False,False,False,ok,1,114690.0,2448,3264,
ISIC_7927525,0.2197496552777486,0.9700681846291339,0.236031906447602,1058.7,0.11944561370826501,0.11650527461519977,0.12238595280133024,0.9908676403397318,7,False,False,False,False,False,ok,1,609195.0,2448,3264,
ISIC_7931618,0.3697568619325944,0.9054384398199514,0.3182065046351548,366.4,0.1978053985177743,0.18314610775610762,0.21246468927944095,0.9679921201499667,5,False,False,False,False,False,ok,1,50620.0,450,600,
ISIC_7934896,0.1875307441005487,0.9908040258696568,0.16078130814409336,526.6,0.07962508583509997,0.07345553695691176,0.08579463471328819,0.9842826285649421,6,False,False,False,False,False,ok,1,130057.0,2448,3264,
ISIC_7941055,0.2902452053301432,0.9760072031354825,0.23192757221316412,271.2,0.07981598428974823,0.0837732227639757,0.07585874581552077,0.9951849037198635,5,False,False,False,False,False,ok,1,27949.0,450,600,
ISIC_7942881,0.285384137875656,0.9862787197717753,0.38305597685217635,3862.7,0.11542137739836555,0.1264713643919806,0.10437139040475052,1.0204195800188511,9,False,False,True,False,True,edge_adjacent(margin_24px);oversized_mask,1,7391923.0,2448,3264,
ISIC_7944238,0.18818654310122207,0.9679334054417661,0.19682620747407878,449.9,0.11259492539799931,0.13525515139713895,0.08993469939885967,0.9882408176965092,6,False,False,False,False,False,ok,1,127225.0,2448,3264,
ISIC_7945791,0.12495789998627926,0.9937935759815626,0.134983566863114,948.6,0.07207606825949225,0.07911878069949163,0.06503335581949288,0.985466103620077,7,False,False,False,False,False,ok,1,599534.0,2448,3264,
ISIC_7949783,0.21028765409935846,0.9785661892584042,0.14546661685310514,731.8,0.08461135121204316,0.08617382322882661,0.08304887919525972,0.987035494851426,7,False,False,False,False,False,ok,1,272359.0,1936,2592,
ISIC_7962171,0.6754822868612917,0.805382472071085,0.6950789958715923,641.9,0.2864533753504484,0.23374191352185336,0.33916483717904344,1.0880008480184258,6,True,False,True,False,True,fragmented(2_meaningful_blobs);edge_adjacent(margin_5px);oversized_mask,2,154019.0,450,600,
ISIC_7964735,0.14888142944918914,0.9813698562799928,0.2206821915136203,503.3,0.0953426443150881,0.07417325104424843,0.11651203758592776,0.9755935891401188,6,False,False,False,False,False,ok,1,160367.0,2448,3264,
ISIC_7973098,0.4409593110868073,0.9034841182031293,0.44109167292303714,549.1,0.1663406123539798,0.16778305595188314,0.16489816875607644,0.9692525454036917,6,False,False,False,False,False,ok,1,107225.0,450,600,
ISIC_7974235,0.4445976118511,0.8733527568845925,0.4599018113124088,533.9,0.2559653895754069,0.20061998450538354,0.3113107946454302,0.985347580933864,6,False,False,True,False,True,edge_adjacent(margin_5px);oversized_mask,1,144061.0,450,600,
ISIC_7974271,0.32209687622929883,0.9206531460755638,0.38545031980659733,448.2,0.2235532211635139,0.24470714670112292,0.20239929562590486,0.9815721236405248,6,False,False,False,False,False,ok,1,114884.0,450,600,
ISIC_7974869,0.13288690640352918,0.9861328769383042,0.25741900891277975,270.9,0.09157948493114842,0.0963803050838461,0.08677866477845075,0.958408478820961,5,False,False,False,False,False,ok,1,48178.0,450,600,
ISIC_7978498,0.2432175336329383,0.9695935656703152,0.31045258540508397,397.6,0.14057616234362164,0.14418780586841062,0.13696451881883265,1.0016440371361506,6,False,False,False,False,False,ok,1,78494.0,450,600,
ISIC_7982020,0.27656820116997083,0.9785663556158162,0.4634223405480771,773.9,0.3171713120554093,0.2569537701369722,0.37738885397384647,1.0126011542707554,7,False,False,True,False,False,edge_adjacent(margin_19px),1,258673.0,1936,2592,
ISIC_7982443,0.19395924827506206,0.9779963306416385,0.22027684007987466,276.1,0.10803105909451627,0.13488130635860873,0.0811808118304238,0.9902868278181616,5,False,False,False,False,False,ok,1,39520.0,450,600,
ISIC_7984223,0.5474667923408392,0.959952972901868,0.47903903368303424,704.0,0.18655420220793045,0.20315906527697358,0.16994933913888732,1.0353631219849793,6,True,False,True,False,True,fragmented(2_meaningful_blobs);edge_adjacent(margin_5px);oversized_mask,2,234432.0,450,600,
ISIC_7987042,0.19847453300773454,0.971445233369483,0.2601005937013696,307.8,0.09133546071381748,0.06999153330101215,0.11267938812662281,0.9963178549207917,5,False,False,False,False,False,ok,1,47865.0,450,600,
ISIC_7989369,0.49794993266226495,0.8824625354394492,0.5040842783760836,469.3,0.25960947538015083,0.20606085375885252,0.31315809700144914,1.016431424684949,6,False,False,False,False,False,ok,1,87790.0,450,600,
ISIC_7993120,0.11865119150194736,0.9962875192939975,0.14287511695123442,384.1,0.06510052236223196,0.05787330619831921,0.07232773852614471,0.9928191876697514,6,False,False,False,False,False,ok,1,87294.0,2448,3264,
ISIC_8001976,0.17234537025859065,0.9896242864987738,0.16773959372382757,911.5,0.13201813128962792,0.10439693762476598,0.15963932495448985,0.9929756899938148,7,False,False,False,False,False,ok,1,453441.0,2448,3264,
ISIC_8002362,0.20050988832812244,0.9807491855037288,0.2127280817998557,442.0,0.14559998740464897,0.10901892623494569,0.18218104857435224,0.9844315880350434,6,False,False,False,False,False,ok,1,97921.0,450,600,
ISIC_8002875,0.2856160462807067,0.950460401830772,0.2729330873603221,1022.5,0.17215590497995675,0.1544060215839015,0.18990578837601202,1.0103765141227044,7,False,False,False,False,False,ok,1,474947.0,2448,3264,
ISIC_8008482,0.29400354280508056,0.9434145995998654,0.273527233081451,423.9,0.20020519173618384,0.06917574769491164,0.33123463577745604,0.9794417057214693,6,False,False,False,False,False,ok,1,80441.0,450,600,
ISIC_8015399,0.28216303444106416,0.9449670847789342,0.28867383689338477,398.1,0.24513888129085915,0.2308790367706841,0.2593987258110342,0.994565937503669,6,False,False,False,False,False,ok,1,85507.0,450,600,
ISIC_8026822,0.2979534412184487,0.9149800583368057,0.2524109270318242,254.2,0.19020760346204224,0.18583192200006327,0.19458328492402122,0.9504543512686897,5,False,False,False,False,False,ok,1,31061.0,450,600,
ISIC_8032507,0.30827476936659337,0.9031963594746307,0.3147549095621289,352.3,0.22438508474963387,0.24966499383523388,0.19910517566403385,0.9743781082073169,6,False,False,False,False,False,ok,1,66680.0,450,600,
ISIC_8035687,0.18151483349708653,0.9689843782129239,0.23019623190478986,823.1,0.1033002978275997,0.11761783886707522,0.08898275678812417,0.9905780095681215,7,False,False,False,False,False,ok,1,413404.0,2448,3264,
ISIC_8044265,0.3768317708624047,0.9407048658514814,0.3166466927994864,1331.8,0.1809280193542246,0.18463983172066722,0.17721620698778195,0.9939422227325339,7,True,False,False,False,False,fragmented(2_meaningful_blobs),2,636524.0,2448,3264,
ISIC_8052769,0.21986617853794066,0.9569600121474096,0.2004752325769344,1431.8,0.14581778024822123,0.13693204181829477,0.1547035186781477,1.002411906089779,8,False,False,False,False,False,ok,1,972340.0,2448,3264,
ISIC_8058783,0.30358483963830996,0.9023191108348503,0.26963376300855924,531.5,0.2684225962169038,0.18736463376145152,0.34948055867235606,0.9812093813962709,6,False,False,False,False,False,ok,1,153147.0,1936,2592,
ISIC_8068826,0.2246299757029796,0.9634434751128372,0.1983288448730537,473.7,0.18274140186333387,0.15769438283707748,0.20778842088959026,0.982074587972434,6,False,False,False,False,False,ok,1,123037.0,2448,3264,
ISIC_8071637,0.3396863149921765,0.9284880868326891,0.2694326289718017,643.5,0.20686093146820617,0.25062174358703504,0.1631001193493773,0.9859087472561412,6,False,False,False,False,False,ok,1,155926.0,2448,3264,
ISIC_8072870,0.30970810436157903,0.9212199435919499,0.3256032981265536,197.2,0.163151336699488,0.17749766577135861,0.1488050076276174,0.9891518802209364,5,False,False,False,False,False,ok,1,19523.0,450,600,
ISIC_8079008,0.16892564856208303,0.9845312205244293,0.1586919447313536,339.9,0.13886196903841647,0.1592508481347007,0.11847308994213224,0.9575925348379247,5,False,False,False,False,False,ok,1,65674.0,1936,2592,
ISIC_8079352,0.32616277331427246,0.8928013027993129,0.2641128883023043,690.1,0.1543594242368173,0.15332558159342946,0.15539326688020516,1.0129370586615145,7,False,False,False,False,False,ok,1,220748.0,2448,3264,
ISIC_8087949,0.5035608215600935,0.9805465101469253,0.5252812412305824,3807.7,0.11446346556047032,0.1269261365232066,0.10200079459773403,1.0473137522596374,9,True,False,True,False,True,fragmented(3_meaningful_blobs);edge_adjacent(margin_24px);oversized_mask,3,7227419.0,2448,3264,
ISIC_8098771,0.22167474429249578,0.9749444533072535,0.3509269507773337,604.7,0.09734877729557057,0.09032026571155705,0.10437728887958408,0.9867289944439728,6,False,False,True,False,True,edge_adjacent(margin_5px);oversized_mask,1,211668.0,450,600,
ISIC_8103152,0.23574046018959294,0.97239847831231,0.21098921284479003,572.1,0.097904928235517,0.08385926836191093,0.11195058810912306,0.9693723592407048,6,False,False,False,False,False,ok,1,134198.0,2448,3264,
ISIC_8121619,0.43388914113454613,0.864397782234281,0.31356359113837645,213.2,0.2762589550781854,0.33701719137435715,0.2155007187820136,0.9341604505681056,4,False,False,False,False,False,ok,1,14901.0,450,600,
ISIC_8124910,0.11865056697501875,0.992772914307807,0.1378572265158224,527.7,0.0929123385738484,0.034919182682901395,0.1509054944647954,0.9794426847212637,6,False,False,False,False,False,ok,1,180433.0,2448,3264,
ISIC_8126703,0.5113812416187979,0.8598757949207909,0.6046471998373223,594.4,0.3194012253988171,0.35938093029477836,0.27942152050285585,1.0156852132563154,6,True,False,True,False,True,fragmented(5_meaningful_blobs);edge_adjacent(margin_5px);oversized_mask,5,156580.0,450,600,
ISIC_8131838,0.17706476818656913,0.9664361429373733,0.27991774413298093,1336.5,0.10185604536885057,0.09400335115830927,0.10970873957939187,1.001600922373584,8,False,False,False,False,False,ok,1,1070418.0,4000,6000,
ISIC_8133350,0.36812321142781324,0.9433297254890566,0.26827889577225295,1698.5,0.20630716151033812,0.1923999569914311,0.22021436602924516,0.9808025089370745,8,False,False,False,False,False,ok,1,975833.0,2448,3264,
ISIC_8138363,0.20749994488547485,0.9865407422406063,0.13780674925014705,849.3,0.12196164259528142,0.1804139948873169,0.06350929030324592,0.9846538582655029,7,False,False,False,False,False,ok,1,342053.0,2448,3264,
ISIC_8149637,0.37061609816578944,0.9071541236863365,0.46588644614205954,739.0,0.20655349528190486,0.22886700997958265,0.18423998058422708,1.0088743641573834,7,False,False,False,False,False,ok,1,272204.0,2448,3264,
ISIC_8152966,0.18313442876773,0.9830477230832252,0.1773463022029661,552.8,0.10675008397237512,0.10694837156307635,0.10655179638167389,0.9733245237112109,6,False,False,False,False,False,ok,1,144617.0,2448,3264,
ISIC_8157654,0.22507513338292884,0.9996102623412821,0.26004663061603356,4046.1,0.02834235472126434,0.017769221539475022,0.03891548790305366,1.0143120504930982,9,False,False,True,False,True,edge_adjacent(margin_24px);oversized_mask,1,7820638.0,2448,3264,
ISIC_8172822,0.36978887054456466,0.9305645945954577,0.4225643942887624,3790.6,0.27564943818783894,0.2197394792209003,0.33155939715477756,1.0240992384071348,9,True,False,True,False,True,fragmented(2_meaningful_blobs);edge_adjacent(margin_24px);oversized_mask,2,5978403.0,2448,3264,
ISIC_8176952,0.2814085391881139,0.95139040279855,0.23157872838662658,488.4,0.172443139391731,0.18014195341015904,0.16474432537330297,0.9823081955119632,6,False,False,False,False,False,ok,1,94360.0,2448,3264,
ISIC_8180937,0.17730236974082048,0.9805307943538257,0.15486223642019917,886.2,0.09349429977432516,0.08611952667752132,0.100869072871129,1.003889101789426,7,False,False,False,False,False,ok,1,422615.0,2448,3264,
ISIC_8181345,0.12532986115291178,0.9924158231460066,0.13319672458733375,524.5,0.09428235534398749,0.08296251777555186,0.10560219291242312,0.9704601210145699,6,False,False,False,False,False,ok,1,165863.0,2448,3264,
ISIC_8186630,0.37521018082790625,0.8806617810930925,0.2594406756186878,276.8,0.3546913814440044,0.39733660749439614,0.3120461553936127,0.9694215640111834,5,False,False,False,False,False,ok,1,33937.0,450,600,
ISIC_8188175,0.5009341028595969,0.8373764940400683,0.36955568254199433,1206.3,0.22610625626227587,0.2697125125229348,0.18250000000161692,0.9813382541225699,7,False,False,False,False,False,ok,1,465852.0,2448,3264,
ISIC_8191057,0.19170388204109234,0.9721718849268107,0.2407522766789236,610.8,0.1225042283611999,0.0787104684205896,0.1662979883018102,0.9897628836239278,7,False,False,False,False,False,ok,1,228803.0,2448,3264,
ISIC_8197317,0.22905560753400234,0.9443107716985738,0.31327499302981393,301.8,0.1888330563443193,0.19009552873838897,0.18757058395024961,0.9866180007752744,6,False,False,False,False,False,ok,1,54567.0,450,600,
ISIC_8200265,0.1974860134677664,0.9700344282528203,0.26468067149860464,602.2,0.10949095483574056,0.11972815306823914,0.09925375660324198,0.992338973016067,7,False,False,False,False,False,ok,1,224813.0,2448,3264,
ISIC_8212790,0.31198228075375,0.9511889580765437,0.20740711249823038,1419.9,0.15943205235997931,0.14311847875582995,0.17574562596412868,0.9903978641102162,8,False,False,False,False,False,ok,1,804945.0,2448,3264,
ISIC_8216653,0.44072560770493896,0.8574288256227758,0.3340288823089799,348.4,0.3425486783332725,0.24234213894704704,0.442755217719498,0.9890132979732303,5,False,False,False,False,False,ok,1,46702.0,450,600,
ISIC_8223466,0.32836528499930573,0.9348207359438767,0.2544714960225756,1102.3,0.22450474441322044,0.23429613067614052,0.21471335815030035,0.9915204449374475,7,False,False,False,False,False,ok,1,444694.0,3456,5184,
ISIC_8225405,0.28778321305594534,0.9462188842066158,0.3320990319768534,953.7,0.16528150495305355,0.19299334697789816,0.13756966292820894,0.9998603815385048,7,False,False,False,False,False,ok,1,424024.0,2448,3264,
ISIC_8233338,0.3366174920861609,0.9255200979418677,0.44460430077705665,667.0,0.13873378483054666,0.1498808467743835,0.1275867228867098,0.9770854240990016,6,False,False,False,False,False,ok,1,212917.0,2448,3264,
ISIC_8245615,0.1992098118774529,0.9654136992552272,0.18929502268448095,790.5,0.11467278682956761,0.13469120268655055,0.09465437097258467,0.989078777499352,7,False,False,False,False,False,ok,1,356441.0,2448,3264,
ISIC_8246244,0.16199893310509217,0.9906244702630104,0.15153825929831655,273.9,0.06658685578045209,0.08492876783091907,0.04824494372998511,0.9765157934635799,5,False,False,False,False,False,ok,1,38312.0,1936,2592,
ISIC_8255784,0.229047984067968,0.9471111179247131,0.2404194250558645,729.8,0.16273593251014518,0.16536209958835313,0.16010976543193722,0.9945934432722544,7,False,False,False,False,False,ok,1,278921.0,2448,3264,
ISIC_8256480,0.23945178210897355,0.9742049347148578,0.2023289803132714,1220.4,0.15693711107151914,0.1618574609737886,0.15201676116924967,0.9816168103469326,7,False,False,False,False,False,ok,1,632018.0,2448,3264,
ISIC_8258916,0.22143794006931783,0.9381945377425485,0.27032151096122065,434.2,0.17979491741739295,0.18137916998925574,0.17821066484553016,0.9793772380244735,6,False,False,False,False,False,ok,1,98290.0,2448,3264,
ISIC_8261347,0.29428378943961,0.9270855166631733,0.3308038621098789,362.7,0.20458131486648096,0.17938618926880578,0.22977644046415613,1.0104185122834863,6,False,False,False,False,False,ok,1,71254.0,450,600,
ISIC_8263857,0.17167823937960713,0.9925052139374859,0.1430738700692861,618.6,0.1135114209525021,0.09054206979981783,0.1364807721051864,0.9893708502878259,6,False,False,False,False,False,ok,1,187534.0,2448,2448,
ISIC_8276999,0.1469778656791364,0.9800061667726581,0.2117692342879591,574.3,0.10685690152934979,0.10808581623136981,0.10562798682732977,0.9819622231138565,6,False,False,False,False,False,ok,1,204160.0,2448,3264,
ISIC_8278458,0.257514097347028,0.9434688000756863,0.2844722933819406,736.9,0.1805853699699218,0.16324726974547277,0.19792347019437084,0.9876494681771915,7,False,False,False,False,False,ok,1,320111.0,2448,3264,
ISIC_8288855,0.2756980914871101,0.9436865543306683,0.1797702295850426,494.7,0.20458371922868712,0.11687539296235383,0.2922920454950204,0.9771778946671595,6,False,False,False,False,False,ok,1,110888.0,2448,3264,
ISIC_8293683,0.3904903340858066,0.9594582728789393,0.5037627869471567,727.4,0.22387267430939845,0.21101979796225767,0.23672555065653922,1.033267196496533,6,False,False,True,False,True,edge_adjacent(margin_5px);oversized_mask,1,224528.0,450,600,
ISIC_8295306,0.36460663492748124,0.9447334566831873,0.1971234726237482,544.1,0.18201890692545636,0.20217572573443177,0.16186208811648095,0.9733930898333983,6,False,False,False,False,False,ok,1,92762.0,1936,2592,
ISIC_8298139,0.27118744187203303,0.966867548521394,0.219265436990339,706.7,0.15747581479395295,0.19544245433944207,0.11950917524846383,0.980573306894457,6,False,False,False,False,False,ok,1,204485.0,2448,3264,
ISIC_8299428,0.12506909133693334,0.9928593848085373,0.1298721403894819,330.6,0.05378314163716663,0.0652629660154761,0.042303317258857165,0.964049786069194,5,False,False,False,False,False,ok,1,63678.0,2448,3264,
ISIC_8300326,0.17481404874343076,0.9758114076118096,0.2520898175961479,1604.9,0.09256208786728615,0.07521800289443814,0.10990617284013415,1.002582400318374,8,False,False,False,False,False,ok,1,1339750.0,2848,4288,
ISIC_8306697,0.430088331515333,0.8994139685050972,0.5260277842936469,3945.9,0.24207690329554388,0.23214425803642913,0.2520095485546586,1.0187965695151322,9,False,False,True,False,True,edge_adjacent(margin_24px);oversized_mask,1,5900880.0,2448,3264,
ISIC_8307786,0.3849673456199886,0.9118115721538043,0.47942483353369,495.7,0.19976199576430936,0.13365271803599876,0.26587127349261996,1.015711602626284,6,True,False,True,False,False,fragmented(2_meaningful_blobs);edge_adjacent(margin_5px),2,114547.0,450,600,
ISIC_8308321,0.17415978144288802,0.9819927547200274,0.19117459750348992,419.6,0.12138408655707406,0.16067055943529218,0.08209761367885593,0.996504392288105,6,False,False,False,False,False,ok,1,97850.0,2448,3264,
ISIC_8318126,0.1454819443079859,0.9849414924227892,0.19418239563295128,293.7,0.06465239739602358,0.07726642547125306,0.05203836932079409,0.9775448512242575,6,False,False,False,False,False,ok,1,56861.0,450,600,
ISIC_8319867,0.1693680491845745,0.9849123585533615,0.18281258517892965,280.5,0.11780658897150353,0.10993240708059682,0.12568077086241025,0.9646946904301389,5,False,False,False,False,False,ok,1,40279.0,2448,3264,
ISIC_8325226,0.4105232873769348,0.8796200883413349,0.4146613883234707,1087.7,0.26126074548961875,0.22893127448123096,0.29359021649800654,0.9871821749660781,7,False,False,False,False,False,ok,1,542238.0,2848,4288,
ISIC_8339951,0.4798661821362439,0.9049978192554156,0.5332222236046524,513.9,0.15020447545970472,0.14556702907763297,0.15484192184177648,1.0049634476999145,5,False,False,False,False,False,ok,1,81533.0,450,600,
ISIC_8344146,0.1846372226643337,0.984932196273506,0.21817260550255813,576.4,0.07820239000573453,0.07206638896342266,0.08433839104804641,0.9839539292966394,6,False,False,False,False,True,oversized_mask,1,177825.0,450,600,
ISIC_8344285,0.3301678706703346,0.9948953008581455,0.4999383806884184,3978.0,0.04312400961928664,0.045045740415961655,0.04120227882261163,1.0279020381782111,9,False,False,True,False,True,edge_adjacent(margin_24px);oversized_mask,1,7742108.0,2448,3264,
ISIC_8345288,0.2285280927464779,0.9517048675251579,0.24178801031866193,893.4,0.1368979161892554,0.15440339929851932,0.11939243307999148,0.9835816307210168,7,False,False,False,False,False,ok,1,429268.0,1936,2592,
ISIC_8362681,0.6133190922755287,0.8280400464959317,0.4711325605964684,358.4,0.39694084778261707,0.2633810829171179,0.5305006126481162,0.9973363219284185,5,False,False,False,False,False,ok,1,33581.0,450,600,
ISIC_8363485,0.23713618585722018,0.9384702006477311,0.21624699506456674,415.2,0.20664883000104428,0.2319935775560481,0.18130408244604046,0.9797435386358443,6,False,False,False,False,False,ok,1,101395.0,2448,3264,
ISIC_8366447,0.3229680771165072,0.9523127449941731,0.4702618695398383,489.2,0.17309891656735926,0.13736707609317145,0.20883075704154708,0.9841583651274398,6,False,False,False,False,False,ok,1,112983.0,450,600,
ISIC_8372206,0.20468043612155495,0.98195369604953,0.3572631230048199,3141.2,0.1439958718340093,0.09676656519627469,0.19122517847174392,1.0030494905163445,9,False,False,False,False,False,ok,1,5636149.0,2848,4288,
ISIC_8377707,0.3029110199675277,0.9299460723047724,0.33897689168994233,395.1,0.20215174750766068,0.17499434262078528,0.2293091523945361,0.9878334337582545,6,False,False,False,False,False,ok,1,80877.0,450,600,
ISIC_8379235,0.6790143568461844,0.7318612979436843,0.6341645846072392,572.9,0.3788000203848915,0.40892421581004545,0.3486758249597376,1.0304667244574375,6,False,False,False,False,False,ok,1,93918.0,450,600,
ISIC_8380039,0.17016904392574894,0.9770984757568387,0.1844591457966001,640.5,0.12448526205093341,0.0831455768771755,0.16582494722469132,0.9880671731721342,7,False,False,False,False,False,ok,1,245887.0,2448,3264,
ISIC_8380421,0.17188528134167835,0.9783865184289785,0.15117946471829433,573.0,0.07630211381674895,0.09392069095156119,0.05868353668193671,0.9732730986038688,7,False,False,False,False,False,ok,1,193335.0,2448,3264,
ISIC_8381252,0.23668789574361737,0.9641442128728908,0.20763091251454344,744.6,0.1313060290977271,0.1301292173597175,0.1324828408357367,0.9737726554941446,6,False,False,False,False,False,ok,1,252379.0,2448,3264,
ISIC_8381531,0.21410580047849337,0.9991747515058833,0.22906346396165092,3106.0,0.035869213387229426,0.026353605505250344,0.04538482126920851,1.0044880098777784,8,False,False,True,False,True,edge_adjacent(margin_19px);oversized_mask,1,4865334.0,1936,2592,
ISIC_8385616,0.20035968517667013,0.9555681860304203,0.24455129575017512,253.5,0.13070230443811826,0.08708237258776719,0.17432223628846932,0.9989569563262048,5,False,False,False,False,False,ok,1,38999.0,450,600,
ISIC_8390111,0.26883262835329724,0.9539363448738672,0.3025075497262591,687.8,0.14395544367573548,0.1665966148856004,0.12131427246587057,0.9811024044433274,7,True,False,False,False,False,fragmented(2_meaningful_blobs),2,226858.0,2448,3264,
ISIC_8390159,0.20115008014197677,0.9672108274033766,0.3253431257405436,232.3,0.1414634505039476,0.1094575132288329,0.1734693877790623,0.9980136204764071,5,False,False,False,False,False,ok,1,31503.0,2448,3264,
ISIC_8405549,0.19970526251392928,0.9932067813414993,0.2873229719225533,619.5,0.23026496433618554,0.21186478755504368,0.2486651411173274,1.0091537579041163,6,False,False,True,False,True,edge_adjacent(margin_5px);oversized_mask,1,193168.0,450,600,
ISIC_8405809,0.3552045258986536,0.9438024847294724,0.3768571221829818,347.3,0.15339239066269134,0.14564824431472545,0.16113653701065722,0.9772576653513587,6,False,False,False,False,False,ok,1,48217.0,450,600,
ISIC_8417873,0.21547222395513022,0.9994033290379595,0.24841476330322051,3132.9,0.022260855286487025,0.027273368192910263,0.017248342380063786,1.0111344491862602,8,False,False,True,False,True,edge_adjacent(margin_19px);oversized_mask,1,4871165.0,1936,2592,
ISIC_8425893,0.2399288244301141,0.962129561287322,0.23516364536795348,807.6,0.08049143676424042,0.0915886479452016,0.06939422558327923,0.9743945519102671,7,False,False,False,False,False,ok,1,286398.0,2448,3264,
ISIC_8425957,0.34434512230140435,0.9625807540017267,0.21930618981902097,1198.1,0.13632540381338065,0.09238017527657882,0.18027063235018248,0.9790608349946851,7,False,False,False,False,False,ok,1,486257.0,2448,3264,
ISIC_8430738,0.24926512270483547,0.951357817817472,0.21886803550984726,481.9,0.2040646010257121,0.12458505522047458,0.28354414683094964,0.9973480968310897,6,False,False,False,False,False,ok,1,110729.0,2448,3264,
ISIC_8436194,0.3352387104839504,0.9127195844278571,0.3360475378826125,1241.1,0.21540190955281696,0.19503752489007775,0.23576629421555617,0.9873870048406028,7,False,False,False,False,False,ok,1,650578.0,2448,3264,
ISIC_8436767,0.4424934218646691,0.892774261891371,0.46497511558788895,429.7,0.1978944062726024,0.2144003470048319,0.1813884655403729,1.0335183786254578,6,False,False,False,False,False,ok,1,82327.0,450,600,
ISIC_8437510,0.539172403733184,0.8561829821814362,0.4768054002370818,505.7,0.2450956482261908,0.2929904264907095,0.19720086996167208,0.9953474482205087,6,False,False,False,False,False,ok,1,108737.0,450,600,
ISIC_8438639,0.21690987031022968,0.9547587260064472,0.3487890576597563,614.2,0.16321922855004373,0.18242640499904605,0.1440120521010414,0.9942140781877828,7,False,False,False,False,False,ok,1,212117.0,2448,3264,
ISIC_8451130,0.3348974524227264,0.9254562332769071,0.4424165222079834,992.9,0.16139244995114782,0.16781648844608532,0.15496841145621032,0.988520768804168,7,False,False,False,False,False,ok,1,424918.0,2448,3264,
ISIC_8457787,0.13149838787239754,0.990098231827112,0.1762759251354594,206.0,0.09264176054393491,0.09228464422875338,0.09299887685911645,0.9584827004591365,5,False,False,False,False,False,ok,1,25457.0,2448,3264,
ISIC_8464434,0.1256115309722471,0.993922014077688,0.13864446826065496,347.2,0.08150192080501018,0.07081070208536921,0.09219313952465114,0.9726243739776506,6,False,False,False,False,False,ok,1,67137.0,2448,3264,
ISIC_8465152,0.1714208817280617,0.9804791046663793,0.1942293750232562,619.0,0.09949413878118568,0.0884331238329954,0.11055515372937597,0.9731539608370863,6,False,False,False,False,False,ok,1,190690.0,2848,4288,
ISIC_8469156,0.2847824425073817,0.9734723439260359,0.2807694144996439,572.6,0.16238238028390128,0.1448282424646573,0.17993651810314526,1.0173110352866674,6,False,False,True,False,True,edge_adjacent(margin_5px);oversized_mask,1,136476.0,450,600,
ISIC_8470224,0.4041930381239983,0.9322107689352711,0.31495628515005336,497.9,0.22191517913761244,0.1832639714726606,0.2605663868025643,0.9808106831673489,6,False,False,False,False,False,ok,1,73335.0,450,600,
ISIC_8472701,0.16605982119401108,0.9809688256601791,0.2364780687021585,633.8,0.0802678670577251,0.09497526213474206,0.06556047198070813,0.9825815579950142,6,False,False,False,False,False,ok,1,209838.0,2848,4288,
ISIC_8472933,0.4199523010443985,0.9242796801612424,0.35520151694571545,1026.4,0.2069262727745304,0.2996094013432351,0.11424314420582571,0.9769859742283348,7,False,False,False,False,False,ok,1,329466.0,2448,3264,
ISIC_8476096,0.1703565626707827,0.9906690736770845,0.19344335343211533,294.7,0.08782860924497393,0.13320104705029978,0.04245617143964808,0.9730862694894462,5,False,False,False,False,False,ok,1,44257.0,2448,3264,
ISIC_8477203,0.19899789424188552,0.9612566552221725,0.22155593780676866,541.2,0.07371175868752522,0.07200258350367028,0.07542093387138016,0.9920299062502853,6,False,False,False,False,False,ok,1,155223.0,2448,3264,
ISIC_8482289,0.41926468996101196,0.9313266072831766,0.5126481521123739,673.9,0.20503717597508447,0.28842713733772796,0.12164721461244099,1.0106175833427526,7,False,False,False,False,False,ok,1,244574.0,2448,3264,
ISIC_8495841,0.19586504661908177,0.9897981436389374,0.16256351786237844,919.8,0.10694083332116266,0.1412621946812045,0.07261947196112084,0.9959184215579704,7,False,False,False,False,False,ok,1,384559.0,2448,3264,
ISIC_8497457,0.18786471104005764,0.9979219269214136,0.21814495306485873,3505.5,0.10704994935838852,0.11093462991731973,0.10316526879945731,1.0092773688151535,9,False,False,True,False,True,edge_adjacent(margin_24px);oversized_mask,1,6518939.0,2448,3264,
ISIC_8509219,0.6752343474316876,0.8089654923739809,0.6844452537432573,3415.3,0.3132206123850485,0.32882793126570686,0.29761329350439014,1.0370153840941676,9,True,False,False,False,True,fragmented(5_meaningful_blobs);oversized_mask,5,4255818.0,2448,3264,
ISIC_8514630,0.2295210486291609,0.959142476820168,0.26463533719176546,1143.9,0.15971575986004627,0.15920492317662405,0.1602265965434685,0.9834197323911503,7,False,False,False,False,False,ok,1,689968.0,2448,3264,
ISIC_8521879,0.2937894629491564,0.9262476559191821,0.29985800016769604,479.3,0.24610380869274273,0.2430264940023814,0.24918112338310405,0.9646533705377216,6,False,False,False,False,False,ok,1,115448.0,450,600,
ISIC_8525826,0.4261251253624082,0.896427007698763,0.4221726848478582,482.4,0.25275945537176026,0.1520292996566257,0.3534896110868948,0.992213364050385,6,False,False,False,False,False,ok,1,98898.0,450,600,
ISIC_8528760,0.5393335802281011,0.8190703329592218,0.4068895826536465,439.4,0.33290981986380686,0.38116898726557225,0.28465065246204146,0.9624827457513566,6,False,False,False,False,False,ok,1,88232.0,450,600,
ISIC_8532508,0.42211981822708955,0.9005895276899982,0.41344233115291146,535.6,0.25087771545251863,0.21901838539968332,0.28273704550535395,0.9883742195514426,6,False,False,False,False,False,ok,1,111968.0,450,600,
ISIC_8532648,0.41300181099103517,0.9464909036562692,0.36263983982401343,563.0,0.1674151529857369,0.12545845958454127,0.20937184638693251,0.9836582054260107,5,False,False,False,False,False,ok,1,94040.0,450,600,
ISIC_8535481,0.2128669324292557,0.9373559572283806,0.30980260601472814,589.4,0.136297515447164,0.15244449682640382,0.1201505340679242,0.9905502820244422,6,False,False,False,False,False,ok,1,203959.0,2448,3264,
ISIC_8537801,0.40631828989651997,0.8530609654012322,0.22702772957187597,1216.0,0.340054169338665,0.45357953373301074,0.22652880494431926,0.9825049951072851,7,False,False,False,False,False,ok,1,539016.0,2448,3264,
ISIC_8564627,0.3637382175464785,0.8932152992119753,0.35753351814828654,390.8,0.2616103624908411,0.2701199754874537,0.25310074949422845,1.0297450270853545,6,False,False,False,False,False,ok,1,79543.0,450,600,
ISIC_8568104,0.12233343987522383,0.9925501534313639,0.1071029234389394,777.8,0.09211521430339054,0.09587400414321978,0.08835642446356129,0.9803103790384022,7,False,False,False,False,False,ok,1,392689.0,2448,3264,
ISIC_8579352,0.15818846383279983,0.9836863821699507,0.17978732604926415,475.6,0.09225041910680742,0.052666954734163274,0.13183388347945157,0.997053712726479,6,False,False,False,False,False,ok,1,121684.0,2448,3264,
ISIC_8582111,0.27415495349605945,0.9866197183098592,0.20242329845857743,479.4,0.10899795137416723,0.12534974819109845,0.09264615455723602,0.9713633722039734,6,False,False,False,False,False,ok,1,83869.0,2448,3264,
ISIC_8583441,0.1425569388826493,0.9928764652840397,0.16226661725885025,504.3,0.12825707584169016,0.09365719135093831,0.162856960332442,0.9734618455250285,6,False,False,False,False,False,ok,1,143775.0,2448,3264,
ISIC_8593738,0.33958058267498503,0.9000175100682892,0.36193430483882066,382.3,0.16723800258838245,0.19862014931117777,0.13585585586558713,0.9894578064313516,6,False,False,False,False,False,ok,1,82777.0,450,600,
ISIC_8600962,0.25688981586593307,0.9752417313358509,0.21655069432315427,529.6,0.09927924685427231,0.07754789771720771,0.1210105959913369,0.9875001606222772,6,False,False,False,False,False,ok,1,118091.0,2448,3264,
ISIC_8601570,0.23326770957861875,0.9658684825121697,0.2219786374978205,409.9,0.08063651848065939,0.06039092339855767,0.10088211356276111,0.9831646959275692,6,False,False,False,False,False,ok,1,86334.0,450,600,
ISIC_8603749,0.24098707002459807,0.9530016697024893,0.33171804519962966,412.3,0.11116419924132337,0.09864272134279617,0.12368567713985057,1.011289582737647,6,False,False,False,False,False,ok,1,101012.0,450,600,
ISIC_8609084,0.19384591262982653,0.9664427564962256,0.1779839425984118,398.9,0.16038543321179322,0.18803867525060103,0.1327321911729854,0.9880786143984094,6,False,False,False,False,False,ok,1,83011.0,2448,3264,
ISIC_8609756,0.11506532897766986,0.9956013715408424,0.14768045457197101,507.9,0.04110315416742172,0.04100646626782545,0.04119984206701799,0.9850055731658697,6,False,False,False,False,False,ok,1,158741.0,2848,4288,
ISIC_8611644,0.27172832328079255,0.933759171342253,0.30843450888545515,449.4,0.18659869481622887,0.21867784565134452,0.15451954398111323,0.9926775572046627,6,False,False,False,False,False,ok,1,108781.0,2448,3264,
ISIC_8612251,0.21577180067478885,0.964179485775807,0.29273166305654025,226.4,0.10972616024046383,0.0755424205624039,0.14390989991852376,0.9862588931160624,5,False,False,False,False,False,ok,1,26701.0,450,600,
ISIC_8615491,0.20106594290975055,0.9524282864554869,0.22486997497850084,770.7,0.2262834141151212,0.2221986514149501,0.2303681768152923,0.9874220760176993,7,False,False,False,False,False,ok,1,352156.0,2448,3264,
ISIC_8615694,0.32591313935562516,0.9438528557599225,0.39876774927293945,429.9,0.13879744554780943,0.0913127059789075,0.18628218511671135,0.9509200579930005,6,False,False,False,False,False,ok,1,83396.0,450,600,
ISIC_8616033,0.19726930701432388,0.970127931496127,0.2530455540599623,452.6,0.14367721077539986,0.1773166781651193,0.1100377433856804,1.0072961602842172,6,False,False,True,False,False,edge_adjacent(margin_5px),1,113989.0,450,600,
ISIC_8620236,0.2629547726823782,0.9509293118143576,0.3724060716987933,351.7,0.16050530837757632,0.14075557336616262,0.18025504338899,0.9956102249245119,6,False,False,False,False,False,ok,1,69638.0,450,600,
ISIC_8624049,0.3597175775636079,0.9333855465336829,0.20506639070303334,697.6,0.27660343231544654,0.28452320444498713,0.26868366018590595,0.9832388522757881,6,False,False,False,False,False,ok,1,175985.0,2448,3264,
ISIC_8625813,0.20571506882950852,0.963283865955908,0.2328685913998386,830.9,0.17557560631760766,0.22950319274302622,0.1216480198921891,0.9855303005350535,7,False,False,False,False,False,ok,1,360654.0,4000,6000,
ISIC_8627581,0.44221081693015274,0.8872757187006692,0.4165270881765936,451.5,0.27650896763638577,0.2949993567001007,0.25801857857267085,1.0305308061589071,6,False,False,True,False,False,edge_adjacent(margin_5px),1,80396.0,450,600,
ISIC_8628639,0.389266054792339,0.9651679744939287,0.2773146722548897,3367.3,0.40559496847512827,0.07482465407089023,0.7363652828793663,0.9865962431972661,8,False,False,False,False,False,ok,1,3335763.0,2848,4288,
ISIC_8632904,0.24604989290414636,0.9360163109989756,0.26384819059184883,857.9,0.20875232765947532,0.21582013598435368,0.20168451933459697,0.9837671806908033,7,False,False,False,False,False,ok,1,385729.0,1936,2592,
ISIC_8634773,0.3237076160411442,0.9192833610666589,0.23356883088456137,1384.9,0.21396038667687017,0.22376201034798915,0.2041587630057512,0.9787828393923635,8,False,False,False,False,False,ok,1,1127281.0,2448,3264,
ISIC_8642522,0.6699872262576604,0.7494248266463586,0.49271664623164974,537.1,0.4356773555184417,0.5015362949726224,0.369818416064261,1.0183454019235758,6,True,False,False,False,False,fragmented(2_meaningful_blobs),2,94298.0,450,600,
ISIC_8645393,0.344533486567535,0.9213097369094,0.34855818763459273,548.8,0.21119436185058565,0.28512964261187723,0.13725908108929408,0.9624342383602711,6,False,False,False,False,False,ok,1,123154.0,2448,3264,
ISIC_8646399,0.11455157595432164,0.9898557394105524,0.20427606011392022,187.6,0.04564817776893332,0.045724558424037665,0.04557179711382897,0.9764830981389572,5,False,False,False,False,False,ok,1,24991.0,450,600,
ISIC_8659007,0.2082075714708439,0.9985426730905359,0.2566803540922524,3940.9,0.023997849975697927,0.03214311487124377,0.015852585080152082,1.0122903300694281,9,False,False,True,False,True,edge_adjacent(margin_24px);oversized_mask,1,7881065.0,2448,3264,
ISIC_8660210,0.2585305095266818,0.9610950782236143,0.40117789733745335,407.1,0.10954406027188518,0.10301796802040397,0.11607015252336639,0.9925897365500231,6,False,False,False,False,False,ok,1,92281.0,450,600,
ISIC_8661226,0.19722554166943773,0.9912560623454386,0.15406881010305462,636.1,0.12673456302855995,0.18152023545739127,0.07194889059972864,0.9785513442721527,6,False,False,False,False,False,ok,1,196756.0,2448,3264,
ISIC_8662550,0.47622058677536516,0.8332424696742537,0.4299583282213605,385.6,0.25376818826319464,0.21694718795468648,0.2905891885717028,1.0126463767851237,6,False,False,False,False,False,ok,1,73929.0,450,600,
ISIC_8662604,0.2496085097068007,0.9549190879876415,0.35070076932344346,414.2,0.085992098497703,0.09286864287249863,0.07911555412290738,0.978547331441281,6,False,False,False,False,False,ok,1,100695.0,450,600,
ISIC_8662803,0.23208181915988535,0.9788055481933033,0.16791904465247653,358.7,0.13785820331632903,0.1386042786246603,0.13711212800799777,0.9630232164684936,5,False,False,False,False,False,ok,1,55804.0,2448,3264,
ISIC_8667960,0.30300042052370135,0.9292300062368969,0.3503179439235898,353.0,0.17838831919305342,0.11605058072116847,0.24072605766493838,1.0129435537882252,6,False,False,False,False,False,ok,1,62131.0,450,600,
ISIC_8669067,0.15349273070745073,0.9756861791160611,0.21706280042699314,383.3,0.10413557956576386,0.06611268378383117,0.14215847534769654,0.9818066810663864,6,False,False,False,False,False,ok,1,84703.0,2448,3264,
ISIC_8671119,0.12030148683089203,0.9887278506535095,0.13386127291579597,869.4,0.07053345725370641,0.07579515262015124,0.06527176188726158,0.9841360347677002,7,False,False,False,False,False,ok,1,522167.0,2448,3264,
ISIC_8673290,0.2712476654779923,0.9783309492183508,0.3986862019470379,635.6,0.2184056174370837,0.21563344968676257,0.22117778518740483,1.020501368835714,6,True,False,False,False,True,fragmented(2_meaningful_blobs);oversized_mask,2,191748.0,450,600,
ISIC_8680647,0.16933742469187207,0.977004187724623,0.22434637356508486,945.4,0.1632638673621553,0.2017433816973918,0.12478435302691882,0.993541367309802,7,False,False,False,False,False,ok,1,560721.0,2448,3264,
ISIC_8684658,0.1464900158675424,0.9916773604491437,0.24732699182723752,1284.4,0.07825703130428147,0.07879333466095895,0.07772072794760398,0.9954856195694773,8,True,False,False,False,False,fragmented(2_meaningful_blobs),2,1032937.0,2448,3264,
ISIC_8690116,0.3006603297431739,0.9725969071055244,0.47535971657629794,640.3,0.1643420660162287,0.15162717852911245,0.17705695350334494,1.0194715442289979,6,False,False,False,False,True,oversized_mask,1,203293.0,450,600,
ISIC_8692218,0.2237363022182428,0.9644782828504858,0.3197829739557713,1255.6,0.18705296994221543,0.13902570319346585,0.235080236690965,0.9938246596929937,8,False,False,False,False,False,ok,1,879222.0,2448,3264,
ISIC_8693307,0.33483846248504257,0.9357887293815658,0.3936094389848514,575.9,0.1511448351457092,0.17843930837414368,0.12385036191727472,0.9953787258206426,6,False,False,True,False,True,edge_adjacent(margin_5px);oversized_mask,1,158226.0,450,600,
ISIC_8696381,0.18223919385901577,0.9748093494480081,0.19553744234397202,182.4,0.10675826833711383,0.08676627539558346,0.1267502612786442,0.970489432828972,5,False,False,False,False,False,ok,1,17931.0,450,600,
ISIC_8697607,0.3407463507112686,0.9356559526014864,0.5232281352426926,517.7,0.15602567160159347,0.10742582442606974,0.2046255187771172,0.985930768733082,6,False,False,True,False,True,edge_adjacent(margin_5px);oversized_mask,1,149725.0,450,600,
ISIC_8699706,0.4276458990589096,0.9016068498269671,0.5221484714880098,229.1,0.16695076446558027,0.1497199341301575,0.18418159480100305,1.0213098376299132,5,False,False,False,False,False,ok,1,28075.0,450,600,
ISIC_8705318,0.25820504441746317,0.9922315298270479,0.16849011418296447,438.6,0.12145965396782887,0.1272782045598323,0.11564110337582545,0.9603171310224647,5,False,False,False,False,False,ok,1,74697.0,2448,3264,
ISIC_8708106,0.5078749391105251,0.9774819468386745,0.593101294036153,3817.3,0.23405745473913336,0.07264810294244672,0.39546680653582,1.032822466946573,8,False,False,True,False,True,edge_adjacent(margin_24px);oversized_mask,1,6318500.0,2448,3264,
ISIC_8708918,0.38444761313276343,0.9014956148535175,0.29427602719219104,1037.8,0.309897935798885,0.30156238928771073,0.3182334823100593,0.9946580749538011,7,False,False,False,False,False,ok,1,484463.0,2448,3264,
ISIC_8710108,0.24278375482356174,0.94526147339293,0.29475150301253067,2265.1,0.15717321384550703,0.15455078675722467,0.1597956409337894,0.9844121350254713,9,False,False,False,False,False,ok,1,3017321.0,2448,3264,
ISIC_8711280,0.14185419065065208,0.9853989559373915,0.15934526590058054,921.1,0.04061289020621911,0.040688117103038435,0.040537663309399785,0.9763610938329194,7,False,False,False,False,False,ok,1,561384.0,2448,3264,
ISIC_8712559,0.2771226022441243,0.935614488474979,0.3061263607101019,1207.4,0.1440214306975886,0.1836961540800528,0.10434670731512441,0.9968368192037521,8,False,False,False,False,False,ok,1,871262.0,2448,3264,
ISIC_8712921,0.13815841575185606,0.9865526705055897,0.19562620474872425,1522.7,0.05848392365411742,0.05718623911458154,0.0597816081936533,0.992740237503393,8,False,False,False,False,False,ok,1,1602035.0,4000,6000,
ISIC_8715705,0.21898104428677712,0.9719336113363943,0.17981984293231457,776.3,0.16563320943636084,0.051968102076389244,0.27929831679633244,0.9929518413329601,7,False,False,False,False,False,ok,1,305354.0,2448,3264,
ISIC_8718627,0.13169805528036305,0.9889688443606326,0.161538872174002,373.3,0.062267075412553885,0.07165933771121258,0.05287481311389519,0.9978306396785773,6,False,False,False,False,False,ok,1,85958.0,450,600,
ISIC_8730498,0.2544641280407761,0.9673276740015303,0.15920557054843956,1023.6,0.09956513769693265,0.07918934458674132,0.11994093080712398,1.0019396958559221,7,False,False,False,False,False,ok,1,444321.0,3264,2448,
ISIC_8731126,0.34636589746531576,0.9294867788532704,0.2756051561310244,1324.5,0.13768422681205034,0.18203860428784724,0.09332984933625343,0.9754044203123653,7,False,False,False,False,False,ok,1,708029.0,2448,3264,
ISIC_8733176,0.1812081404378596,0.9726577898089395,0.18210834403531434,519.6,0.10426374314835773,0.07846312179019932,0.13006436450651615,0.979534656151975,6,False,False,False,False,False,ok,1,140032.0,2448,3264,
ISIC_8733345,0.2823594509253451,0.9340243965545629,0.3113904782252923,1063.3,0.19966747429089754,0.1857579955258768,0.21357695305591828,0.9797223618264576,7,False,False,False,False,False,ok,1,597014.0,2448,3264,
ISIC_8734128,0.17391804690859758,0.9778488096958569,0.16052716915752457,748.8,0.13942549752291106,0.15511496524035606,0.12373602980546605,0.9843278863158801,7,False,False,False,False,False,ok,1,346037.0,2448,3264,
ISIC_8736820,0.2943974761006196,0.955663591285477,0.3525337753654925,612.9,0.08454665442841242,0.10221768135643838,0.06687562750038645,0.9884842839067481,6,False,False,True,False,True,edge_adjacent(margin_5px);oversized_mask,1,158374.0,450,600,
ISIC_8738186,0.3459794861399038,0.9141210701259901,0.21295122207593173,1127.2,0.22186786368773231,0.21130834065945636,0.23242738671600827,0.990819642912267,7,False,False,False,False,False,ok,1,493353.0,2448,3264,
ISIC_8740695,0.3259758297754174,0.9406401451894838,0.4481598074267664,1507.0,0.12789168771540743,0.12805058041362438,0.12773279501719048,0.9937618248574775,7,False,False,False,False,False,ok,1,1014647.0,2848,4288,
ISIC_8761348,0.15472750691954817,0.9893120400370626,0.16163485943150588,680.2,0.13113251178373425,0.11308815940377004,0.14917686416369846,0.992055751487214,7,False,False,False,False,False,ok,1,252284.0,2448,3264,
ISIC_8766762,0.2732213681933382,0.9508507247223358,0.24478643960213994,361.7,0.15896212056846737,0.14414123126060296,0.17378300987633177,0.9943934607583438,5,False,False,False,False,False,ok,1,57397.0,450,600,
ISIC_8769047,0.38546870949632506,0.8645646579384348,0.29740239240682004,374.3,0.21162510983990396,0.25999630012341757,0.16325391955639035,0.963822936240888,5,False,False,False,False,False,ok,1,65838.0,450,600,
ISIC_8771453,0.5048953868611916,0.8191454887982029,0.3601906341622393,391.5,0.33797821517093285,0.24332788035471686,0.43262854998714884,0.9766739960873612,6,False,False,False,False,False,ok,1,75161.0,450,600,
ISIC_8794567,0.39172320022999885,0.9131700694152871,0.33955301431454493,831.4,0.20707875644792323,0.18986704271063248,0.22429047018521397,0.9709424067251621,6,False,False,False,False,False,ok,1,233669.0,2448,3264,
ISIC_8806986,0.23490499505448337,0.9993843710683903,0.2668536263145967,3918.3,0.0969804974977716,0.020428323683087335,0.17353267131245587,1.0110929218964109,9,True,False,True,False,True,fragmented(2_meaningful_blobs);edge_adjacent(margin_24px);oversized_mask,2,7186822.0,2448,3264,
ISIC_8815430,0.1567685740752467,0.9804805928249269,0.14097312049355046,724.8,0.12378764203964093,0.163619155361015,0.08395612871826685,0.9995730848579605,7,False,False,False,False,False,ok,1,328550.0,2448,3264,
ISIC_8815594,0.2601021018230245,0.9820381158087866,0.31624104713575607,704.5,0.13239926364917654,0.15903414480256473,0.10576438249578834,0.9913266351343135,6,True,False,True,False,True,fragmented(3_meaningful_blobs);edge_adjacent(margin_5px);oversized_mask,3,245477.0,450,600,
ISIC_8821742,0.22234401093671452,0.9999872951900367,0.2419902341115362,4001.5,0.016225049488461485,0.01213826327175016,0.02031183570517281,1.013658772590493,9,False,False,True,False,True,edge_adjacent(margin_24px);oversized_mask,1,7719081.0,2448,3264,
ISIC_8826496,0.155360789984335,0.9791229666401453,0.22322496058692412,477.2,0.12253812657516994,0.12862421213411135,0.11645204101622852,0.9884417864026607,6,False,False,False,False,False,ok,1,129189.0,2448,3264,
ISIC_8837131,0.29974076389565507,0.9461035792079797,0.34796952038142065,419.3,0.12597488555844133,0.10990880311026419,0.14204096800661847,0.9828004772475246,6,False,False,False,False,False,ok,1,79997.0,450,600,
ISIC_8838144,0.19983758150875996,0.9820272188299304,0.1683791774071141,750.2,0.10224889258412939,0.07281665703053497,0.1316811281377238,0.9649519906510066,7,False,False,False,False,False,ok,1,266561.0,2448,3264,
ISIC_8842001,0.13435302298428753,0.9933118054000543,0.16272245846672992,371.7,0.12281494523194786,0.15006329943739827,0.09556659102649745,0.9928067931255848,6,False,False,False,False,False,ok,1,84757.0,2448,3264,
ISIC_8847503,0.29503349221266684,0.9374787522231884,0.2672216982574365,561.8,0.17588016370684956,0.1829936384893608,0.16876668892433833,1.0005219674645256,6,False,False,False,False,False,ok,1,131668.0,2448,3264,
ISIC_8851245,0.40738323061567405,0.8948800418969206,0.3288863635212726,1014.8,0.2967805775306285,0.244960616671842,0.34860053838941496,0.9884418415655782,7,False,False,False,False,False,ok,1,430214.0,2448,3264,
ISIC_8857430,0.22136479858062386,0.9633288152404982,0.2111202930559367,1066.8,0.18261339008628008,0.12751280918038765,0.2377139709921725,0.9756275105323026,7,False,False,False,False,False,ok,1,601542.0,1936,2592,
ISIC_8859274,0.2890224563994722,0.982461328628615,0.33864861850032113,3166.2,0.027628135499277562,0.03435568119988097,0.020900589798674152,1.0085952284342334,8,True,False,True,False,True,fragmented(2_meaningful_blobs);edge_adjacent(margin_19px);oversized_mask,2,4906359.0,1936,2592,
ISIC_8872158,0.2504479416672064,0.9774869450832423,0.353606486766043,2481.1,0.14944450313493018,0.08196726068389559,0.21692174558596478,0.9928515939832744,8,False,False,True,False,True,edge_adjacent(margin_19px);oversized_mask,1,3471605.0,1936,2592,
ISIC_8874166,0.20176839267653657,0.9684592356156382,0.2764932691186989,560.4,0.09785224179364482,0.0882267981724909,0.10747768541479874,0.9960836791426353,6,False,False,True,False,True,edge_adjacent(margin_5px);oversized_mask,1,186446.0,450,600,
ISIC_8879477,0.16525259590896857,0.974455381250694,0.19996730795692358,781.2,0.08958449310698458,0.0975619103959704,0.08160707581799875,0.9813029183000163,7,False,False,False,False,False,ok,1,347615.0,2448,3264,
ISIC_8888094,0.3141469150798233,0.9062466180686015,0.4154116326875365,827.9,0.20057199834861789,0.20472751580987825,0.19641648088735753,0.9941095995136067,7,False,False,False,False,False,ok,1,327655.0,2448,3264,
ISIC_8889975,0.3320280249023766,0.9501540558360829,0.29840339367778784,1174.9,0.16286356487451886,0.13598882506248544,0.18973830468655228,0.9807674516633856,7,False,False,False,False,False,ok,1,688906.0,2448,3264,
ISIC_8897741,0.23087892937801058,0.972280240680545,0.25317717080465874,366.8,0.16071713292909212,0.16752991144186646,0.15390435441631778,0.9991870261913147,6,False,False,False,False,False,ok,1,70757.0,450,600,
ISIC_8897775,0.11935792647655807,0.9939049186219158,0.2075070500818182,404.4,0.09700610006448135,0.09314920119962855,0.10086299892933415,0.9914434015310825,6,False,False,False,False,False,ok,1,105628.0,2448,3264,
ISIC_8898820,0.3313411942948655,0.9553162614916599,0.5314142404154487,620.1,0.202139770773966,0.16127715670708398,0.24300238484084802,1.0229497304513167,6,False,False,True,False,True,edge_adjacent(margin_5px);oversized_mask,1,200463.0,450,600,
ISIC_8899125,0.3594703685934896,0.9093971979672628,0.4260534291799967,474.5,0.2084617139830704,0.2159785199648211,0.2009449080013197,0.9984093501044147,6,False,False,False,False,False,ok,1,130243.0,450,600,
ISIC_8901133,0.2476830431729945,0.9735342337419002,0.17167745294340994,999.7,0.134236229031018,0.1700050531425359,0.09846740491950012,0.9823273454454844,7,False,False,False,False,False,ok,1,443829.0,2448,3264,
ISIC_8903875,0.2164832269552911,0.9874170922846908,0.183590812205378,464.0,0.10818574781311235,0.10326649542706678,0.11310500019915792,0.9779473626208833,6,False,False,False,False,False,ok,1,98960.0,2448,3264,
ISIC_8905603,0.34749938691795057,0.9516809973254349,0.299513526349177,232.2,0.25273287888416285,0.2788812323024483,0.22658452546587737,0.9733162731008761,5,False,False,True,False,False,edge_adjacent(margin_5px),1,21820.0,450,600,
ISIC_8907232,0.49408877508091187,0.8902244088837759,0.36246478029102813,3260.8,0.40386780247952697,0.09363755152324382,0.7140980534358101,1.015721295559372,8,False,False,True,False,False,edge_adjacent(margin_24px),1,3899983.0,2448,3264,
ISIC_8907509,0.22384210607297172,0.9965167826901452,0.26473513977106733,3994.9,0.09679014299275146,0.10832607174101183,0.08525421424449109,1.0114669120863198,9,False,False,True,False,True,edge_adjacent(margin_24px);oversized_mask,1,7539641.0,2448,3264,
ISIC_8913309,0.3925395016247948,0.9304061940358349,0.22478962963911744,958.2,0.17637213516222644,0.24446055918390786,0.10828371114054502,0.9851931899207298,7,False,False,False,False,False,ok,1,262066.0,2448,3264,
ISIC_8918247,0.47435493956644803,0.8958569494440516,0.4910958940514387,605.9,0.20327985298388584,0.19848818762554665,0.20807151834222504,1.0099018428804927,6,False,False,True,False,False,edge_adjacent(margin_5px),1,126817.0,450,600,
ISIC_8919169,0.26362505833284733,0.9405081749889527,0.4082719426092293,414.6,0.151250331197476,0.12798306390293246,0.17451759849201953,0.9982363248622829,6,False,False,False,False,False,ok,1,106997.0,450,600,
ISIC_8937746,0.18553285469943603,0.9846867368507459,0.1608206743189683,483.4,0.08666487023097125,0.09807139926850417,0.07525834119343833,0.9705747447213913,6,False,False,False,False,False,ok,1,120521.0,2448,3264,
ISIC_8943817,0.5315194395515066,0.8156535558204211,0.3857380961481772,679.1,0.3026815608860789,0.2505095150445027,0.3548536067276551,0.989234595819925,6,False,False,False,False,False,ok,1,142503.0,1936,2592,
ISIC_8955200,0.4771556821675005,0.8934395393281535,0.6544859163973471,412.1,0.1940822195356342,0.161261889152578,0.2269025499186904,0.9995941747077892,6,True,False,False,False,False,fragmented(2_meaningful_blobs),2,89703.0,450,600,
ISIC_8961478,0.3438547712368999,0.9166299005078589,0.21475326214486545,1108.8,0.2048446021358229,0.20882045035078356,0.20086875392086223,0.9978544347386722,7,False,False,False,False,False,ok,1,472915.0,2448,3264,
ISIC_8961614,0.35252025037808177,0.9386752479756896,0.27190909495882115,569.6,0.25032794180622475,0.18033371935251508,0.3203221642599344,0.9911803013932701,6,False,False,True,False,False,edge_adjacent(margin_5px),1,126409.0,450,600,
ISIC_8964676,0.1958534149230815,0.9647938091244795,0.30403285564183546,1779.4,0.1340023637056888,0.12087923627726926,0.14712549113410833,0.9887437653683009,8,False,False,False,False,False,ok,1,1969707.0,2848,4288,
ISIC_8969175,0.21691565314145422,0.9774198711757011,0.2723854632821759,409.4,0.0768826600771732,0.07221091823160941,0.081554401922737,0.9877265852875321,6,False,False,False,False,False,ok,1,89070.0,450,600,
ISIC_8969855,0.1633446069784843,0.9795256961364052,0.15669122990695963,726.1,0.13469881821310675,0.13962974071178225,0.12976789571443126,0.9814562143050719,7,False,False,False,False,False,ok,1,341260.0,2448,3264,
ISIC_8972926,0.29813521857801106,0.938116127101845,0.32541971190567004,402.4,0.15179776448526971,0.16579460986705497,0.13780091910348446,0.9966612885716822,6,False,False,False,False,False,ok,1,88341.0,450,600,
ISIC_8977962,0.291749754548847,0.9392418193204948,0.416927805466941,523.7,0.11466567150885232,0.10132430340131171,0.12800703961639293,0.9820201323071077,6,False,False,False,False,True,oversized_mask,1,144651.0,450,600,
ISIC_8980141,0.2940199683541579,0.916143227917773,0.2754263009102391,809.5,0.21866209481362087,0.1399128668716788,0.2974113227555629,0.9846018188210103,7,False,False,False,False,False,ok,1,353537.0,2448,3264,
ISIC_8994087,0.18534489375262797,0.9717648639715308,0.21748193429514395,1006.1,0.10855551684928733,0.09470364670554743,0.12240738699302722,0.9885912229908764,7,False,False,False,False,False,ok,1,630508.0,2448,3264,
ISIC_9002130,0.498366268722234,0.8189287335838333,0.2646553037704423,2246.1,0.2992201145824243,0.30679415897164475,0.2916460701932039,1.000273067720151,8,False,False,False,False,False,ok,1,1444633.0,2448,3264,
ISIC_9006649,0.5369103768698182,0.7868345125454252,0.21837464410732318,1418.9,0.39514881740822105,0.3650827168895463,0.4252149179268958,0.99407856513927,7,False,False,False,False,False,ok,1,495509.0,2448,3264,
ISIC_9007375,0.31253154697693764,0.9414895406498321,0.21681075082821555,433.9,0.2454516770104601,0.23730297724246552,0.2536003767784547,0.9839858691293887,6,False,False,False,False,False,ok,1,70456.0,2448,3264,
ISIC_9007400,0.20448303512350852,0.9770284533567105,0.1693591103077938,795.8,0.19025394613505237,0.16540121722536139,0.21510667504474335,0.9971703228466465,7,False,False,False,False,False,ok,1,306886.0,2448,3264,
ISIC_9011764,0.5534729785249213,0.8150065615851636,0.4860612642746622,575.0,0.27314148982770803,0.2649123351480843,0.28137064450733174,1.0281087857842726,6,False,False,True,False,True,edge_adjacent(margin_5px);oversized_mask,1,142180.0,450,600,
ISIC_9014393,0.26869099018556275,0.928002388772768,0.27402420630005775,876.9,0.15457316362467766,0.16618022151264578,0.14296610573670954,0.9968890647384964,7,False,False,False,False,False,ok,1,428497.0,2448,3264,
ISIC_9030826,0.24436585943675448,0.9619198064060767,0.21934660952693438,372.3,0.11125958832742033,0.10173174426974174,0.12078743238509893,0.9690514985407955,5,False,False,False,False,False,ok,1,57658.0,450,600,
ISIC_9041525,0.5914332471998069,0.9078192374291244,0.3619878017492372,471.2,0.22344274587405538,0.26930617117138367,0.1775793205767271,0.9926477372189554,5,False,False,False,False,False,ok,1,40607.0,450,600,
ISIC_9053910,0.3739602205858381,0.8812273660789369,0.28539571847934875,804.0,0.34953648567831047,0.2457286278373918,0.45334434351922914,0.9920258019698438,7,False,False,False,False,False,ok,1,286583.0,1936,2592,
ISIC_9060583,0.21679940711208912,0.9680403559637333,0.2221619828407044,430.2,0.13951021487354393,0.12860762756475896,0.1504128021823289,0.9810883761931769,6,False,False,False,False,False,ok,1,87154.0,2448,3264,
ISIC_9069120,0.2306266601282072,0.9999954152272529,0.24914702364239485,3967.5,0.03932310502321751,0.006832772427651568,0.07181343761878345,1.0119024181878957,9,False,False,True,False,True,edge_adjacent(margin_24px);oversized_mask,1,7530415.0,2448,3264,
ISIC_9071073,0.1787761010930874,0.9688354242198995,0.16421603901403983,532.3,0.18610110727086715,0.15522003314792843,0.21698218139380587,0.9630792431277537,6,False,False,False,False,False,ok,1,160308.0,2448,3264,
ISIC_9072639,0.13268855952911196,0.9830404106401681,0.17509770046943374,402.2,0.09357200364441037,0.062422801107401615,0.12472120618141913,0.9924193990511185,6,False,False,False,False,False,ok,1,105109.0,2448,3264,
ISIC_9076331,0.15683675522070772,0.983850759507706,0.1665138695283465,387.9,0.10095029194180549,0.11079118413915279,0.0911093997444582,1.0011052332500239,6,False,False,False,False,False,ok,1,89231.0,2448,3264,
ISIC_9082696,0.1561391433957564,0.9828169907232206,0.19375734863556834,848.8,0.09878671160343849,0.08463411078275374,0.11293931242412325,0.9886842511570393,7,False,False,False,False,False,ok,1,433537.0,2448,3264,
ISIC_9094343,0.2523402757528084,0.9640322600875487,0.22716781060694377,963.0,0.11669746236186351,0.08468935463397453,0.1487055700897525,1.0053865300041334,7,False,False,False,False,False,ok,1,385384.0,2448,3264,
ISIC_9105247,0.20814279972857042,0.9515048168482115,0.19612335145395646,323.3,0.17142101936963156,0.17306115010824952,0.1697808886310136,0.9842481322999679,6,False,False,False,False,False,ok,1,60135.0,2448,3264,
ISIC_9111814,0.25596653428697336,0.950289987561257,0.3689676358400137,449.2,0.11536754575520625,0.1012200026880189,0.1295150888223936,0.9930645379901781,6,False,False,False,False,False,ok,1,127443.0,450,600,
ISIC_9115886,0.6585110288255216,0.7433717248121647,0.4846510505788127,520.9,0.5738391111444201,0.5382009328081507,0.6094772894806894,1.0070380403656938,6,False,False,False,False,False,ok,1,96232.0,450,600,
ISIC_9129820,0.4772480936526481,0.9172627549397744,0.5186474298932906,534.3,0.17978839882598163,0.10136114213481517,0.2582156555171481,0.9629540031874528,5,True,False,False,False,False,fragmented(2_meaningful_blobs),2,79937.0,450,600,
ISIC_9130035,0.5385411304209852,0.9017609958476471,0.5280821075560163,3716.3,0.1702116150389178,0.11921854402556409,0.2212046860522715,1.0319584226217282,9,True,False,True,False,True,fragmented(3_meaningful_blobs);edge_adjacent(margin_24px);oversized_mask,3,6544842.0,2448,3264,
ISIC_9140116,0.23079030315331928,0.9566840248232985,0.25198354882333646,289.7,0.1084074602145233,0.09082338154146485,0.12599153888758174,0.9838751889322834,5,False,False,False,False,False,ok,1,42524.0,450,600,
ISIC_9141788,0.2728229574004116,0.963055040026592,0.2448868027220922,394.2,0.1519336159223475,0.16300981576868645,0.14085741607600855,0.9691572622621938,6,False,False,False,False,False,ok,1,70008.0,450,600,
ISIC_9149497,0.2622987114054165,0.9735475392748763,0.25889919403889067,1141.0,0.08915424937406247,0.06725862735004073,0.1110498713980842,0.9922272496595684,7,False,False,False,False,False,ok,1,565498.0,2448,3264,
ISIC_9150236,0.27659281436521943,0.979530666486601,0.2161468925691348,1902.5,0.11446193424317652,0.12658365879407585,0.1023402096922772,0.9925917187190916,8,False,False,False,False,False,ok,1,1307617.0,4000,6000,
ISIC_9153724,0.3589048897029581,0.9221694255430516,0.39132228554101106,508.9,0.2013781387003069,0.16924741253314668,0.23350886486746714,0.9979416386284454,6,False,False,False,False,False,ok,1,113394.0,450,600,
ISIC_9154716,0.28161004041087967,0.9642820009842724,0.21074955745223262,413.3,0.1942839375269706,0.22918037767390798,0.15938749738003322,0.9826644374198463,6,False,False,False,False,False,ok,1,70031.0,2448,3264,
ISIC_9156154,0.4000331439809396,0.8779565330479313,0.3599850365356999,485.5,0.28003785017121346,0.1418705603865441,0.4182051399558828,1.0045784167106313,6,False,False,False,False,False,ok,1,103589.0,450,600,
ISIC_9168966,0.15209368333353157,0.9836044806645108,0.150305124587182,1156.8,0.10864452063671809,0.15516598035781937,0.06212306091561681,0.9799427722480996,8,False,False,False,False,False,ok,1,832317.0,4000,6000,
ISIC_9171793,0.2943102556476461,0.9381267320437598,0.4848982478863321,332.5,0.14442815712116347,0.1296448311835816,0.15921148305874533,1.0002767344094434,6,False,False,False,False,False,ok,1,68357.0,450,600,
ISIC_9177435,0.18958843912076584,0.9667045680218997,0.20111782800774172,645.0,0.11361303313607324,0.11956332998965868,0.10766273628248779,0.9826912017466457,7,False,False,False,False,False,ok,1,249078.0,2448,3264,
ISIC_9179044,0.3486272646485076,0.915742322282359,0.3613972632700398,420.7,0.21130741132706837,0.1778223402637008,0.24479248239043594,0.9529689259700914,5,False,False,False,False,False,ok,1,67241.0,450,600,
ISIC_9182531,0.42665589564381834,0.8657674120157904,0.3854253730816805,282.5,0.21458547171360237,0.1798260869802949,0.24934485644690985,0.9800448001146199,5,False,False,False,False,False,ok,1,31395.0,450,600,
ISIC_9183794,0.3699699420111232,0.9021080312570152,0.41515045928273714,398.4,0.2077921619142719,0.19347839960017987,0.22210592422836395,0.9592749484775224,6,False,False,False,False,False,ok,1,84924.0,450,600,
ISIC_9183913,0.18235989577550016,0.9665563951937475,0.18930508306726934,897.8,0.1396246560466753,0.14527550838014847,0.1339738037132021,1.0008127186995286,7,False,False,False,False,False,ok,1,497628.0,4000,6000,
ISIC_9201946,0.32296466375563415,0.9183916682367416,0.20690923926359706,695.9,0.29479270735722124,0.16767943080924363,0.42190598390519884,0.9900839934245919,6,False,False,False,False,False,ok,1,203136.0,2448,3264,
ISIC_9206660,0.3210040972258744,0.936644301563484,0.4444362190557511,483.3,0.20556299250727939,0.10431836092116376,0.306807624093395,1.00430717582746,6,True,False,False,False,False,fragmented(2_meaningful_blobs),2,120284.0,450,600,
ISIC_9210086,0.5684005011331248,0.754623409232763,0.3594190887861458,1396.3,0.44498360978968277,0.3570118440327066,0.532955375546659,0.9817657922884984,7,True,False,False,False,False,fragmented(2_meaningful_blobs),2,635237.0,2448,3264,
ISIC_9214649,0.5704970813078313,0.7814598939865184,0.43456194248120245,1170.3,0.3414276209944957,0.4080693322146516,0.2747859097743398,0.984668317938207,7,False,False,False,False,False,ok,1,518255.0,2448,3264,
ISIC_9219356,0.16446628341271774,0.9867933866693397,0.17249804526872284,355.7,0.13505339685529905,0.1586163551391021,0.11149043857149599,0.9657185381256275,6,False,False,False,False,False,ok,1,79222.0,2448,3264,
ISIC_9227283,0.2735123919193029,0.9434486128695497,0.32375720458452495,303.9,0.1245328735928748,0.12945902285444133,0.11960672433130826,0.9709597479994557,5,False,False,False,False,False,ok,1,42847.0,450,600,
ISIC_9239978,0.4239019716826926,0.8976422911415322,0.34642555137694064,530.9,0.37383143768783,0.2680879937212691,0.4795748816543909,0.9969570390210954,6,False,False,False,False,False,ok,1,97313.0,450,600,
ISIC_9241446,0.2527798795948497,0.951078476696813,0.206050427853458,1003.6,0.13297552984454114,0.1735690439550024,0.09238201573407989,0.9976826079079402,7,False,False,False,False,False,ok,1,527938.0,2448,3264,
ISIC_9251640,0.21101694051804576,0.9689596025314958,0.1934230343103488,802.3,0.09792941946166306,0.11418389248133709,0.08167494644198903,0.9997367322621925,7,False,False,False,False,False,ok,1,328624.0,2448,3264,
ISIC_9254641,0.43383882105106153,0.8456860834099318,0.2916895816225962,723.3,0.2605661020497391,0.2449188352075251,0.27621336889195314,0.986847251252469,6,False,False,False,False,False,ok,1,183968.0,2448,3264,
ISIC_9256811,0.1819835350880401,0.9685651383172202,0.21598957417069306,596.4,0.10041752862096881,0.10452064381103565,0.09631441343090197,0.9835703582908077,6,False,False,False,False,False,ok,1,203144.0,2448,3264,
ISIC_9260193,0.3471150540273794,0.8996668320428417,0.25291975370637987,718.1,0.28895661488944974,0.23750834712700153,0.34040488265189794,1.0020907953158649,7,False,False,False,False,False,ok,1,243026.0,2448,3264,
ISIC_9262713,0.24784766591828444,0.9450923179285299,0.22075915622686343,1195.7,0.16852675894361363,0.2048899807123813,0.13216353717484597,0.9767732310429192,7,False,False,False,False,False,ok,1,683257.0,2448,3264,
ISIC_9267602,0.3162328355956582,0.9279407897208551,0.3859934850545959,307.1,0.19124613100208382,0.1292575763429108,0.25323468566125684,0.9950975868302343,6,False,False,False,False,False,ok,1,49810.0,450,600,
ISIC_9267796,0.27961408761712314,0.9534442906527208,0.39812820501000945,504.6,0.13899675610522716,0.13772717030224602,0.1402663419082083,0.9976357527303806,6,False,False,False,False,True,oversized_mask,1,140503.0,450,600,
ISIC_9269907,0.14822507924963835,0.9847856806406029,0.17417107190491893,368.1,0.13814109819411557,0.1696086718814378,0.10667352450679335,0.976641338636164,6,False,False,False,False,False,ok,1,73619.0,2448,3264,
ISIC_9274936,0.30865067228363663,0.9292601474422509,0.2809962080739862,656.5,0.15141094015334078,0.14780099440959638,0.15502088589708518,0.9461914879855295,6,False,False,False,False,False,ok,1,178439.0,2448,3264,
ISIC_9276896,0.5703424921668716,0.7889317707376149,0.5437832876323727,430.4,0.3438201176015153,0.3936688620760491,0.2939713731269815,1.0019846146149187,6,True,False,False,False,False,fragmented(2_meaningful_blobs),2,84384.0,450,600,
ISIC_9280399,0.2632455480302096,0.9624664935842028,0.38639579604440466,1420.2,0.08664663622631963,0.07568372312202121,0.09760954933061805,0.9859218951188072,7,False,False,False,False,False,ok,1,915363.0,2848,4288,
ISIC_9284203,0.19945544429923068,0.9851069127997939,0.18824115155823506,1336.2,0.16666468491261566,0.21742725126341078,0.11590211856182053,0.9904946253957287,7,False,False,False,False,False,ok,1,917461.0,4000,6000,
ISIC_9287993,0.41768620996177785,0.8876903592499923,0.41167269398584094,445.9,0.2809402551518643,0.29304530340668056,0.2688352068970481,0.9944022242192708,6,True,False,False,False,False,fragmented(2_meaningful_blobs),2,72380.0,450,600,
ISIC_9312051,0.16686397624839933,0.9843049073146766,0.16243784281435505,493.0,0.1888717994775459,0.19131915129762,0.1864244476574718,0.9599901116636057,6,False,False,False,False,False,ok,1,130830.0,2448,3264,
ISIC_9313458,0.15096622987958352,0.984001716656335,0.1933792797197605,458.9,0.10028779236706747,0.12846370355417402,0.07211188117996092,1.011314800720486,6,False,False,False,False,False,ok,1,124396.0,2448,3264,
ISIC_9313746,0.4349330010268223,0.9454279235767232,0.45925666845240887,547.6,0.17310049708177316,0.13584085790890943,0.2103601362546369,0.9746628455633048,5,False,False,False,False,False,ok,1,93613.0,450,600,
ISIC_9315277,0.18542629793629806,0.9898158365323603,0.1940105524257226,741.1,0.08162773277800622,0.09001002578383699,0.07324543977217546,0.9932096313249623,6,False,False,False,False,False,ok,1,266874.0,2448,3264,
ISIC_9317486,0.11122812264127757,0.9929220806177094,0.1255752129683395,405.7,0.04712456705704848,0.04012592363808265,0.054123210476014316,0.9644254335513475,6,False,False,False,False,False,ok,1,120154.0,450,600,
ISIC_9324976,0.2465752285722549,0.9622174119775093,0.2409489190025831,1379.2,0.16895312403146745,0.11853641758142164,0.21936983048151326,0.993030181397667,8,False,False,False,False,False,ok,1,869781.0,2448,3264,
ISIC_9330485,0.3046675432600384,0.9214067041094265,0.39490702758053686,901.1,0.17821726645059738,0.17280965677328874,0.183624876127906,1.0045053878469947,7,True,False,False,False,False,fragmented(2_meaningful_blobs),2,405098.0,1936,2592,
ISIC_9332272,0.1971547783036275,0.9671538429966382,0.27240633490788013,472.4,0.106667220078493,0.08998635904271246,0.12334808111427353,0.983678617859036,6,False,False,False,False,False,ok,1,130212.0,450,600,
ISIC_9335652,0.20828622240709205,0.975431962496983,0.28087511074246757,1429.8,0.11651970795169286,0.17917877493766954,0.05386064096571619,0.9908314640846949,8,False,False,False,False,False,ok,1,1119338.0,2448,3264,
ISIC_9342357,0.34751077135315034,0.9257919367009598,0.46576958205103447,526.3,0.1384566535019734,0.13345989084955823,0.14345341615438856,0.9921560442453469,6,False,False,False,False,True,oversized_mask,1,149803.0,450,600,
ISIC_9345697,0.1289516370797532,0.9905662380308703,0.20960681044122245,335.1,0.11071466299969529,0.08434193707557935,0.13708738892381123,0.9936678899284805,6,False,False,False,False,False,ok,1,70429.0,2448,3264,
ISIC_9345892,0.2427144796701649,0.9828600941806428,0.1880522031479197,2497.4,0.07920240887798297,0.07663881378391357,0.08176600397205236,0.9902321218352468,8,False,False,False,False,False,ok,1,2674709.0,4000,6000,
ISIC_9353360,0.2060810207592425,0.9714823914360278,0.4107774180094261,2871.2,0.13299175733820512,0.10248204517562032,0.16350146950078992,1.01676034604558,9,True,False,True,False,False,fragmented(2_meaningful_blobs);edge_adjacent(margin_28px),2,5152377.0,2848,4288,
ISIC_9353578,0.14289907292659132,0.9881668393520507,0.13665958133332778,522.0,0.13935853046177277,0.13808022379724716,0.14063683712629838,0.9866499289683909,6,False,False,False,False,False,ok,1,157071.0,2448,3264,
ISIC_9354524,0.3647861944447177,0.940705154522206,0.1896106433073437,975.4,0.24610531346123293,0.26658393315334217,0.2256266937691237,0.9774798936308048,6,False,False,False,False,False,ok,1,316153.0,2448,3264,
ISIC_9357335,0.15059331359463557,0.9855945563091366,0.18200577370991805,698.1,0.0792733018454429,0.07115270628896853,0.08739389740191728,0.984220115767505,7,False,False,False,False,False,ok,1,309144.0,2448,3264,
ISIC_9357735,0.3319634824670856,0.924372943135481,0.3338389778061734,388.4,0.23842433559157755,0.323713392103548,0.1531352790796071,1.0112543398468556,6,False,False,False,False,False,ok,1,71002.0,450,600,
ISIC_9361398,0.3409937052293962,0.9605476612790721,0.25797409620640205,575.0,0.10104462432407496,0.09193192562959396,0.11015732301855596,0.9630418348438449,6,False,False,False,False,False,ok,1,121130.0,450,600,
ISIC_9362634,0.38140595054536075,0.9118796954271727,0.2637947982446146,1227.7,0.16760167714693058,0.09458472030686715,0.240618633986994,0.9981822017944408,7,False,False,False,False,False,ok,1,539784.0,1936,2592,
ISIC_9363532,0.19810015551396543,0.9722445024121409,0.20871342045814048,603.1,0.1857672474173348,0.2175066313031152,0.1540278635315544,0.9914166606606627,6,False,False,False,False,False,ok,1,207463.0,2448,3264,
ISIC_9367522,0.23942815036620768,0.9891154084140342,0.2471487779595834,2776.3,0.3049584977154564,0.0892384763601336,0.5206785190707792,0.9898839360999525,8,False,False,True,False,True,edge_adjacent(margin_19px);oversized_mask,1,3474715.0,1936,2592,
ISIC_9392092,0.4935539326648658,0.8590556655291913,0.6162255120280777,394.0,0.2763549195762433,0.28181952258304543,0.2708903165694412,1.013326710209492,6,False,False,False,False,False,ok,1,81550.0,450,600,
ISIC_9399586,0.42689251366738645,0.897285679342051,0.4843644045238398,542.5,0.2917156595440474,0.2349049060095415,0.34852641307855325,0.9679804808695734,6,True,False,False,False,False,fragmented(2_meaningful_blobs),2,112564.0,450,600,
ISIC_9401172,0.14510578190399082,0.9829477030541082,0.144530165828866,980.0,0.07440857439445153,0.07637341484321025,0.07244373394569281,0.9852226647428957,7,False,False,False,False,False,ok,1,659624.0,2448,3264,
ISIC_9415992,0.39541785640338456,0.9248718692170591,0.3905426480577395,731.9,0.32525397325779104,0.28457640025871767,0.3659315462568644,0.9925093979122006,6,True,False,True,False,True,fragmented(3_meaningful_blobs);edge_adjacent(margin_5px);oversized_mask,3,209521.0,450,600,
ISIC_9427744,0.3651620223046669,0.9210115160452216,0.4700878147476803,305.8,0.11037738751182974,0.10345940134247256,0.11729537368118692,0.9711831899158582,5,False,False,False,False,False,ok,1,52904.0,450,600,
ISIC_9431118,0.17730982232717363,0.9800050137246772,0.1793722240442103,782.5,0.13992201995012266,0.15285876831427236,0.12698527158597295,0.9910230498675634,7,False,False,False,False,False,ok,1,311701.0,2448,3264,
ISIC_9432999,0.28381995812067495,0.9796923575379346,0.17150643675044136,590.0,0.07537889751683918,0.08745167381628971,0.06330612121738866,0.9718802461318612,6,False,False,False,False,False,ok,1,127621.0,2448,3264,
ISIC_9444659,0.2545193294765201,0.9259388281195569,0.20996873533587573,468.1,0.16517020921463077,0.21306496286657217,0.11727545556268937,0.9814128077389739,6,False,False,False,False,False,ok,1,113552.0,2448,3264,
ISIC_9451191,0.32357216228313057,0.974759822042641,0.4136355572162311,621.5,0.24089917500946012,0.17991272150676685,0.3018856285121534,1.011390554370488,6,True,False,True,False,True,fragmented(2_meaningful_blobs);edge_adjacent(margin_5px);oversized_mask,2,182269.0,450,600,
ISIC_9462823,0.20954039397939261,0.9687879744971976,0.19379458833043042,605.9,0.1271063889455628,0.09696068369380118,0.15725209419732444,0.9718943642012715,6,False,False,False,False,False,ok,1,181717.0,1936,2592,
ISIC_9469079,0.21158544188124062,0.9637961592433825,0.25810527255332116,1035.8,0.12792701406445123,0.09850549237743811,0.15734853575146435,0.9934417893666708,7,False,False,False,False,False,ok,1,628075.0,2448,3264,
ISIC_9473743,0.3384212438867388,0.9271270708525852,0.2906049073102613,419.2,0.27397019722679583,0.31399310185029305,0.2339472926032986,1.0030854261642916,6,False,False,False,False,False,ok,1,79686.0,450,600,
ISIC_9475776,0.23228315554300516,0.9575688210117196,0.3045755989781072,376.5,0.10662351049815177,0.12822888915639719,0.08501813183990636,0.9776626019032338,6,False,False,False,False,False,ok,1,80802.0,450,600,
ISIC_9496437,0.24761204707266748,0.9710123374417946,0.3235445006944929,715.2,0.11466996823882902,0.11087303751953381,0.11846689895812423,0.9650424358510777,6,False,False,False,False,False,ok,1,242459.0,1936,2592,
ISIC_9499185,0.3910107012014906,0.9826674628445486,0.18801743312171448,1036.4,0.08876077700757029,0.08414388333800904,0.09337767067713154,0.9919403360397288,7,False,False,False,False,False,ok,1,283251.0,4000,6000,
ISIC_9506089,0.3963563393258125,0.9148035070670737,0.24278982750209246,791.7,0.25292566391641746,0.25465661225471803,0.2511947155781169,0.9719843556292551,7,False,False,False,False,False,ok,1,190052.0,2448,3264,
ISIC_9506376,0.3194336515506738,0.930658390772533,0.40659572100625224,504.1,0.14704395983548563,0.11556228347392572,0.17852563619704553,0.9905613014261111,6,False,False,False,False,False,ok,1,120748.0,450,600,
ISIC_9511982,0.2012044540610629,0.9672979996849898,0.2274237161045078,555.1,0.16834393651432533,0.1906847592644696,0.14600311376418107,0.9900363969968633,6,False,False,False,False,False,ok,1,172669.0,2448,3264,
ISIC_9512371,0.24870688757610582,0.9463257549896452,0.25086270803373134,382.5,0.18983663117426086,0.1781856981188682,0.20148756422965353,1.0009418428729517,6,False,False,False,False,False,ok,1,83665.0,450,600,
ISIC_9517555,0.31921455779146,0.9410199168705682,0.40067155423697054,2918.4,0.20817359129887797,0.21081242898660302,0.20553475361115292,1.0042641899986677,9,False,False,True,False,True,edge_adjacent(margin_24px);oversized_mask,1,4770631.0,2448,3264,
ISIC_9527402,0.19005347049971022,0.9732616959280569,0.2073807908298676,672.7,0.17637843710947926,0.1476912924158844,0.2050655818030741,0.9833095065156603,7,False,False,False,False,False,ok,1,264059.0,2448,3264,
ISIC_9535018,0.20488044762292235,0.9579852720111126,0.22668908678554825,221.7,0.11919264123203666,0.11189433853558306,0.12649094392849025,0.9681295869832652,5,False,False,False,False,False,ok,1,25446.0,1936,2592,
ISIC_9540703,0.2240918488871282,0.9565765694386279,0.25599948633200165,1358.2,0.1763780807950595,0.15783069828917817,0.19492546330094085,1.0044561435370492,8,False,False,False,False,False,ok,1,1015905.0,4000,6000,
ISIC_9540789,0.5455135812760226,0.861405979202773,0.5878618634093213,542.1,0.2894845215192124,0.2372539439942849,0.3417150990441399,1.0044188082246863,6,False,False,False,False,False,ok,1,111985.0,450,600,
ISIC_9543805,0.18601269172126278,0.9652119514218492,0.24411135251624216,345.5,0.10420820814881343,0.1035792045151136,0.10483721178251326,1.0100767156916943,6,False,False,False,False,False,ok,1,71434.0,450,600,
ISIC_9545174,0.1485070330963424,0.9775550927864199,0.22898946917987537,387.4,0.07637395742889136,0.06761177754541003,0.08513613731237268,0.9717859558948766,6,False,False,False,False,False,ok,1,90378.0,2448,3264,
ISIC_9546502,0.4079557861057872,0.937457370215991,0.4694743486111027,526.9,0.11803728414868692,0.0871953444687883,0.14887922382858554,0.9954243706750178,6,False,False,False,False,False,ok,1,99595.0,450,600,
ISIC_9547337,0.3520281564176875,0.9347224998846633,0.24506927434069462,673.6,0.2237942107314626,0.19847999050469967,0.24910843095822555,0.9747605882493384,6,False,False,False,False,False,ok,1,152709.0,2448,3264,
ISIC_9548821,0.26354480616391196,0.9795745188385623,0.2669047302592807,2153.7,0.2533158084053727,0.14055922750901473,0.3660723893017307,0.9937416488990034,8,False,False,True,False,False,edge_adjacent(margin_19px),1,1899745.0,1936,2592,
ISIC_9556334,0.39026415308941775,0.9460319504867281,0.43882261598917083,3078.6,0.14617144324264258,0.13181443064025034,0.16052845584503483,1.0116678904282481,8,True,False,True,False,True,fragmented(2_meaningful_blobs);edge_adjacent(margin_19px);oversized_mask,2,4411310.0,1936,2592,
ISIC_9565194,0.10199686615637316,0.9954680873776044,0.15176454345892917,396.0,0.04312538942188149,0.04215963690447455,0.044091141939288425,0.9724889435290618,6,False,False,False,False,False,ok,1,103091.0,2448,3264,
ISIC_9568217,0.20996535560891294,0.9751147634355549,0.25142440940463784,896.1,0.07858524275841161,0.0632826756210021,0.09388780989582113,0.985695729913219,7,False,False,False,False,False,ok,1,417125.0,2448,3264,
ISIC_9569749,0.24413800867569702,0.9476248824551905,0.2488148297476881,186.0,0.1127808115028398,0.1326462766438029,0.0929153463618767,0.9782547357238339,5,False,False,False,False,False,ok,1,16851.0,450,600,
ISIC_9572021,0.3756144369008848,0.8842877400232426,0.2836349741346781,301.3,0.29368145298942866,0.28252040859657623,0.3048424973822811,0.9920776288202289,5,False,False,False,False,False,ok,1,41864.0,450,600,
ISIC_9572761,0.15512062174268926,0.9751941775599684,0.17882941903365512,689.1,0.16401412661380732,0.15779980812549477,0.17022844510211987,0.9857864820463779,7,False,False,False,False,False,ok,1,288017.0,2448,3264,
ISIC_9579576,0.4222053941248777,0.8717572214580468,0.5401133207029614,525.0,0.20613585997980627,0.2575940014280993,0.15467771853151324,0.9914191566272424,6,False,False,False,False,False,ok,1,127338.0,450,600,
ISIC_9585329,0.412992499605097,0.9305328474860842,0.5910764901121679,3700.7,0.22006111642901388,0.20467577485535604,0.23544645800267172,1.018611884642184,9,False,False,False,False,True,oversized_mask,1,6636830.0,2848,4288,
ISIC_9593683,0.2623085707144772,0.9542828282828283,0.25197332089131,322.3,0.15097330956359678,0.1505067370956683,0.15143988203152525,0.9903275784863685,5,False,False,False,False,False,ok,1,47619.0,450,600,
ISIC_9596173,0.3738186867238721,0.9047787540055517,0.3674342969984075,451.6,0.20053553512318795,0.25490573668610106,0.14616533356027483,0.9933612524531565,6,False,False,False,False,False,ok,1,91357.0,450,600,
ISIC_9596388,0.16300544751532986,0.9828866049109596,0.14258582587752194,748.7,0.13810949367845277,0.19003492505875408,0.08618406229815145,0.9805362147881169,7,False,False,False,False,False,ok,1,349718.0,2448,3264,
ISIC_9598408,0.49405938118409753,0.8380723386544786,0.5225437180227646,1592.0,0.22377042590903917,0.24310854907177826,0.2044323027463001,0.9947907395360357,8,True,False,False,False,False,fragmented(2_meaningful_blobs),2,1095645.0,1936,2592,
ISIC_9599992,0.5124497017894762,0.8297617480584442,0.450546579249922,412.3,0.3436025720035732,0.3933678126027612,0.29383733140438517,0.9981746347207239,6,False,False,False,False,False,ok,1,63590.0,450,600,
ISIC_9605223,0.14311363096797836,0.977442449530893,0.2608204198434699,1117.9,0.069017537974842,0.06932351673551185,0.06871155921417216,0.985059081325615,7,False,False,False,False,False,ok,1,828658.0,2848,4288,
ISIC_9606863,0.23016819359828766,0.9882603635906145,0.18471904261627659,365.0,0.11412514314283001,0.12089804889494693,0.10735223739071309,0.9736408320907077,6,False,False,False,False,False,ok,1,63270.0,2448,3264,
ISIC_9611209,0.21436600255750038,0.9622507541446446,0.2959601329412837,440.2,0.13989160076447904,0.13404451938900108,0.145738682139957,0.9899820165027822,6,False,False,False,False,False,ok,1,115095.0,450,600,
ISIC_9626070,0.3930766814090122,0.8670531842953181,0.33926038667498926,656.5,0.24188278229226018,0.11249978422244256,0.3712657803620778,0.9904092768659307,7,True,False,False,False,False,fragmented(2_meaningful_blobs),2,218889.0,1936,2592,
ISIC_9631113,0.16707271082125208,0.9795231649605523,0.18739308401568033,491.7,0.10448969935273505,0.09863658866790681,0.1103428100375633,0.9736512914639089,6,False,False,False,False,False,ok,1,142104.0,2448,3264,
ISIC_9643462,0.12142486565918975,0.9927597338428091,0.14762487601373803,479.2,0.09091855713230496,0.10081566069079684,0.08102145357381307,0.9781390520678496,6,False,False,False,False,False,ok,1,151337.0,2448,3264,
ISIC_9648812,0.22277323215106393,0.9917005129987808,0.14124543794817732,659.0,0.14349746299994975,0.1849349091390342,0.1020600168608653,0.9640526826855158,6,False,False,False,False,False,ok,1,194752.0,2448,3264,
ISIC_9654132,0.2013725956288127,0.9768742883162889,0.2221086855143353,1174.7,0.09392161899475626,0.11034637632629074,0.07749686166322178,0.9857411310887331,7,False,False,False,False,False,ok,1,770586.0,2448,3264,
ISIC_9658944,0.31434189427598613,0.923623436970265,0.3721690434421895,414.6,0.26001418660915526,0.23093280678168426,0.28909556643662626,0.9914562038806649,6,False,False,False,False,False,ok,1,93181.0,450,600,
ISIC_9668892,0.21916636340048146,0.9703258516577419,0.2561164657899391,408.9,0.08877281360971678,0.08440280822022528,0.09314281899920829,0.9888654827714222,6,False,False,False,False,False,ok,1,85680.0,450,600,
ISIC_9676056,0.14728728565287696,0.9866601118743605,0.18921235644630932,244.7,0.12551229195318225,0.10356871680325064,0.14745586710311387,0.9709009229613392,5,False,False,False,False,False,ok,1,37455.0,2448,3264,
ISIC_9677559,0.24032751572385136,0.9586825076906758,0.20062057566684158,501.6,0.17738553025695636,0.1597886661420006,0.19498239437191212,0.9763532283662815,6,False,False,False,False,False,ok,1,127140.0,2448,3264,
ISIC_9683086,0.6868984281592714,0.7428464951611212,0.593684145070004,535.0,0.2860647484967049,0.3313912840916208,0.24073821290178898,0.9811050065797191,5,True,False,False,False,False,fragmented(2_meaningful_blobs),2,64476.0,450,600,
ISIC_9685758,0.3228973994492855,0.9388453519304047,0.2911164505924016,290.9,0.14969264511475106,0.15286267035403855,0.14652261987546356,0.9882975666764998,5,False,False,False,False,False,ok,1,32984.0,450,600,
ISIC_9690971,0.16241725979750554,0.9900702172276982,0.12952291653345696,372.2,0.07934980935420954,0.0652309613116383,0.09346865739678079,0.9746704673623588,6,False,False,False,False,False,ok,1,68189.0,2448,3264,
ISIC_9693456,0.3362795571925422,0.9196598553115878,0.26277806660673947,130.6,0.35031842240633965,0.18373346408822477,0.5169033807244545,1.0040851165832347,4,True,False,False,True,False,fragmented(2_meaningful_blobs);very_small_contour(lt_12445px),2,7409.0,450,600,
ISIC_9693802,0.33305463459458506,0.9278808649387759,0.27179444258891317,375.5,0.16824598391303602,0.09871749200037905,0.237774475825693,0.948256160432047,5,False,False,False,False,False,ok,1,53366.0,450,600,
ISIC_9696015,0.21159109305277657,0.9990914784871975,0.21946309314217205,4002.3,0.03345629998978411,0.035766134851843545,0.031146465127724676,1.0137645183890514,9,False,False,True,False,True,edge_adjacent(margin_24px);oversized_mask,1,7922207.0,2448,3264,
ISIC_9696099,0.18445860695219285,0.9752543978570145,0.2083624354936757,222.0,0.13809061149127072,0.14257547753719735,0.1336057454453441,0.9729074440596351,5,False,False,False,False,False,ok,1,30144.0,450,600,
ISIC_9697273,0.438447345873865,0.9248331996655461,0.31404831820760154,534.0,0.20342155746022655,0.1869609673781123,0.2198821475423408,0.9702123573178826,5,False,False,False,False,False,ok,1,81885.0,450,600,
ISIC_9699383,0.16567583815543052,0.9773980986234302,0.20305788562659602,529.6,0.08408456808186693,0.08213953997114065,0.0860295961925932,0.9868422277247714,6,False,False,False,False,False,ok,1,175561.0,2448,3264,
ISIC_9699426,0.2502781311410791,0.9555113999033205,0.1662533652933261,625.5,0.10161312836461617,0.060967578252372756,0.14225867847685958,0.9733662520231863,7,False,False,False,False,False,ok,1,179600.0,2448,3264,
ISIC_9701048,0.5987393952662161,0.8776044527935812,0.7736845111526847,663.2,0.22472061996442005,0.24516158585897507,0.20427965406986504,1.0397187999052515,6,True,False,True,False,True,fragmented(2_meaningful_blobs);edge_adjacent(margin_5px);oversized_mask,2,164764.0,450,600,
ISIC_9720236,0.15627328019332054,0.9897919393922513,0.24407452423573367,544.2,0.07428860319521452,0.060099840130400706,0.08847736626002833,0.9841931487819089,6,False,False,False,False,False,ok,1,178372.0,2448,3264,
ISIC_9721056,0.15610800569331762,0.9801970066380737,0.21934784730346987,433.4,0.08108312031801662,0.06239280339649267,0.09977343723954057,0.979225903949525,6,False,False,False,False,False,ok,1,110714.0,2848,4288,
ISIC_9725795,0.42852003038827813,0.8483351756835332,0.2678279728187182,723.4,0.29546457860887326,0.22978776153839775,0.3611413956793488,1.012516473555103,7,True,False,False,False,False,fragmented(2_meaningful_blobs),2,200034.0,2448,3264,
ISIC_9727219,0.1405149924064305,0.9878992043616055,0.2366071843139483,263.8,0.1281848186576413,0.17635595974390317,0.08001367757137945,0.9762855421629097,5,False,False,False,False,False,ok,1,44920.0,2448,3264,
ISIC_9729042,0.1752628746898499,0.9693857687473284,0.2640096804320689,2255.0,0.12355957153490321,0.10771353171715004,0.1394056113526564,0.9925254436215984,8,False,False,False,False,False,ok,1,2901170.0,2848,4288,
ISIC_9729661,0.20740024394115164,0.9703348057102619,0.19363288546958501,392.5,0.1942445320951397,0.19527089399518005,0.19321817019509935,0.9975132888898959,6,False,False,False,False,False,ok,1,76253.0,2448,3264,
ISIC_9737054,0.37107841953140075,0.8978856250886902,0.3875253601235451,261.4,0.22934569537234256,0.21224147570675678,0.24644991503792835,0.9758291210251241,5,False,False,False,False,False,ok,1,31985.0,450,600,
ISIC_9740245,0.27792881981743633,0.9678686015254166,0.22053923952791785,809.0,0.11144925257347188,0.11285420283174463,0.11004430231519913,0.9845487296236511,6,False,False,False,False,False,ok,1,257671.0,2448,3264,
ISIC_9744305,0.14512824881576936,0.9760897682695532,0.22781473906470065,971.0,0.10393245578597288,0.07181074276284827,0.1360541688090975,0.9914393118485931,7,False,False,False,False,False,ok,1,551395.0,2448,3264,
ISIC_9755138,0.30109360673976526,0.9185521048162076,0.33603296560475393,225.5,0.16169388872943463,0.14242350658261227,0.180964270876257,0.9621764601649171,5,False,False,False,False,False,ok,1,30602.0,450,600,
ISIC_9756878,0.3945929691600414,0.9150056909923503,0.3296649786558674,310.2,0.24921389923721798,0.19744039634643817,0.3009874021279978,0.9875334328189889,5,False,False,False,False,False,ok,1,34942.0,450,600,
ISIC_9766688,0.16824330116745567,0.9747492148535899,0.1884217191961299,891.6,0.08393850475466791,0.09187017409320064,0.07600683541613518,0.9815457424095995,7,False,False,False,False,False,ok,1,492023.0,2448,3264,
ISIC_9779834,0.3018677741882565,0.9506493853732879,0.1543852030595934,920.5,0.19001179045460842,0.21636323601729412,0.16366034489192272,0.9855121792221504,7,False,False,False,False,False,ok,1,356574.0,2448,3264,
ISIC_9780632,0.19850507820847962,0.973852047737739,0.18506105106354268,1127.6,0.20234840487752231,0.2293404732106965,0.17535633654434812,0.9829605014898689,7,False,False,False,False,False,ok,1,674405.0,2448,3264,
ISIC_9787314,0.34420970727040845,0.9800960348989567,0.17205127690729663,1094.2,0.1435771436524802,0.14089076835783843,0.14626351894712197,0.9821596228669912,7,False,False,False,False,False,ok,1,375894.0,1936,2592,
ISIC_9792283,0.2949348084469444,0.9405684248969584,0.3699842482064806,503.6,0.13103112639739767,0.1647183981612944,0.09734385463350093,1.0093019439197897,6,False,False,True,False,True,edge_adjacent(margin_5px);oversized_mask,1,144908.0,450,600,
ISIC_9806554,0.27477533488106753,0.9385297572224437,0.26286222899960593,1368.7,0.19173867009346868,0.1436261056092828,0.23985123457765456,0.9950638808786653,8,False,False,False,False,False,ok,1,959776.0,2448,3264,
ISIC_9809345,0.40072124366222694,0.909050050410777,0.4754257028705791,437.1,0.19987736677030843,0.23882901571159887,0.160925717829018,0.9989343983856421,6,False,False,False,False,False,ok,1,112923.0,450,600,
ISIC_9816160,0.2660045071150199,0.955503730675957,0.4365416950369135,468.2,0.1228287311898541,0.07996566769844815,0.16569179468126005,0.9972584873336597,6,False,False,False,False,False,ok,1,134212.0,450,600,
ISIC_9819334,0.17684756147294423,0.9901295302562296,0.1685523759453245,574.5,0.08219583815208115,0.0669675068235257,0.09742416948063659,0.9884566996040489,6,False,False,False,False,False,ok,1,158060.0,2448,3264,
ISIC_9820266,0.29994810529085236,0.9472327310746183,0.290282156446787,491.8,0.2016763528024612,0.12237600159656326,0.28097670400835917,1.0035080950382953,6,False,False,False,False,False,ok,1,113419.0,450,600,
ISIC_9823894,0.13649616164273848,0.9854298006990467,0.19208357059766842,316.3,0.0918361949783904,0.09524400075811923,0.08842838919866158,0.9746749718767282,6,False,False,False,False,False,ok,1,61440.0,450,600,
ISIC_9825836,0.38879846222945924,0.8791836697578332,0.34682620576805534,2114.2,0.2390900004780025,0.26654083766200876,0.21163916329399624,1.0001894948463015,8,False,False,False,False,False,ok,1,1839674.0,4000,6000,
ISIC_9830189,0.21083640562008432,0.9636216653193209,0.16905276919424947,442.7,0.23651984447543156,0.27820708465146426,0.19483260429939886,1.0034952790135165,6,False,False,False,False,False,ok,1,106632.0,2448,3264,
ISIC_9835307,0.13889116736865592,0.9919345329339905,0.17193829953880488,329.3,0.12974309667249706,0.13905169383514449,0.12043449950984964,0.9933427657357059,6,False,False,False,False,False,ok,1,63512.0,2448,3264,
ISIC_9848065,0.14752670978806648,0.9738035671051569,0.21300863757536134,305.8,0.07877121312799035,0.07916627132430076,0.07837615493167993,0.9715345499169888,6,False,False,False,False,False,ok,1,60725.0,2448,3264,
ISIC_9853363,0.2393020504326694,0.9534869178047927,0.26276860807986785,277.5,0.15942666300265101,0.11673113648541522,0.2021221895198868,0.982475190222487,5,False,False,False,False,False,ok,1,38456.0,450,600,
ISIC_9859873,0.23001429644763327,0.9567696451973013,0.1915803094304837,920.4,0.16861079679510593,0.16733812082659016,0.1698834727636217,0.9865581230240617,7,False,False,False,False,False,ok,1,395318.0,2448,3264,
ISIC_9866460,0.3079670361377449,0.9246769579798777,0.38659668188778973,262.8,0.23046208489162945,0.1687143271943331,0.2922098425889258,0.9969125677894771,5,False,False,False,False,False,ok,1,37862.0,450,600,
ISIC_9866896,0.1923288792518837,0.9757384647631653,0.26835183853788946,1235.2,0.08227168541477065,0.09468555561385472,0.06985781521568657,0.9830723053281162,7,False,False,False,False,False,ok,1,741652.0,2848,4288,
ISIC_9867644,0.2300127590960812,1.0,0.26471644613168854,734.0,0.02347687616328359,0.03350083752459254,0.013452914801974636,1.0196423622724577,6,False,False,True,False,True,edge_adjacent(margin_5px);oversized_mask,1,260041.0,450,600,
ISIC_9875968,0.21080327776200092,0.9620402543761883,0.285523113274577,270.6,0.14140238695198304,0.18547595683706497,0.09732881706690111,0.9684208333528858,5,False,False,False,False,False,ok,1,44377.0,450,600,
ISIC_9876779,0.26185829579892084,0.9373809786115614,0.2027421123442402,510.1,0.2069172895853214,0.16205126629608702,0.2517833128745558,0.9726326679726828,6,False,False,False,False,False,ok,1,119719.0,1936,2592,
ISIC_9879802,0.43471738319432307,0.8729295429792961,0.38563179823512433,1304.9,0.2786080886888026,0.3173146620603561,0.23990151531724913,0.9834992544774814,7,False,False,False,False,False,ok,1,647666.0,2448,3264,
ISIC_9880572,0.25295348271315643,0.9760189964993089,0.13360463550759816,707.6,0.23216713362053676,0.21977346932234443,0.2445607979187291,1.0016629696255308,7,False,False,False,False,False,ok,1,212293.0,2448,3264,
ISIC_9881690,0.2502243479092424,0.9559395353358608,0.19401158709517133,517.7,0.18688626788619722,0.24720647653997363,0.1265660592324208,0.9604362285768566,6,False,False,False,False,False,ok,1,118611.0,2448,3264,
ISIC_9891275,0.34514766209137315,0.9215140264026402,0.5003032423137143,474.9,0.14432421566132958,0.14224297133022412,0.14640545999243504,1.0112430114613513,6,False,False,True,False,False,edge_adjacent(margin_5px),1,125753.0,450,600,
ISIC_9895318,0.23069160653568033,1.0,0.2665296238134061,748.6,3.703704010149522e-12,3.703704010149522e-12,3.703704010149522e-12,1.0067729620269823,6,False,False,True,False,True,edge_adjacent(margin_5px);oversized_mask,1,270000.0,450,600,
ISIC_9900723,0.35486092235598976,0.9684097058758827,0.25010589077508816,255.8,0.20383870938551812,0.24276903449368525,0.164908384277351,0.9944504091730879,4,False,False,True,False,False,edge_adjacent(margin_5px),1,22313.0,450,600,
ISIC_9918495,0.28067533337056894,0.9535802414491374,0.2628123691457884,931.9,0.13175184399016793,0.14675250189176947,0.11675118608856638,0.9989177333380553,7,False,False,False,False,False,ok,1,345787.0,2848,4288,
ISIC_9927015,0.18165555017777968,0.9785919394207697,0.22494282087461467,709.2,0.11629268685881905,0.12104617252635541,0.11153920119128269,1.0119463881755064,7,False,False,False,False,False,ok,1,284934.0,2448,3264,
ISIC_9957368,0.17228035952923637,0.9696487922989413,0.18289441434860323,1070.1,0.16074032041688574,0.1735765588264494,0.14790408200732208,0.9750596411960193,7,False,False,False,False,False,ok,1,718654.0,2448,3264,
ISIC_9963174,0.2834745130488526,0.939300074587315,0.35896227376703416,1159.5,0.14877139047195337,0.14897567083408414,0.1485671101098226,0.9988226916913117,8,False,False,False,False,False,ok,1,771665.0,2448,3264,
ISIC_9965174,0.30165747429605694,0.9526373573424745,0.3835886365597544,1103.8,0.148941590135944,0.16206997046065974,0.13581320981122824,0.9943941540548522,7,False,False,False,False,False,ok,1,555002.0,2848,4288,
ISIC_9966733,0.2927732183806723,0.9459643778628991,0.30324350347972356,319.3,0.12060352184576695,0.14537503314901112,0.09583201054252277,0.9720155426785727,5,False,False,False,False,False,ok,1,41984.0,450,600,
ISIC_9978107,0.18003379077435377,0.9878284232891693,0.16738590470110357,839.3,0.12893460861174766,0.1041973096931943,0.15367190753030102,0.9792400822621339,7,False,False,False,False,False,ok,1,372718.0,2848,4288,
ISIC_9997614,0.2266656343654463,0.9489646446112003,0.265303542355332,858.1,0.15411959045195261,0.1311817650134618,0.17705741589044344,0.976530975787826,7,False,False,False,False,False,ok,1,460132.0,2448,3264,
